GROUP,PACKAGE,CLASS,INSTRUCTION_MISSED,INSTRUCTION_COVERED,BRANCH_MISSED,BRANCH_COVERED,LINE_MISSED,LINE_COVERED,COMPLEXITY_MISSED,COMPLEXITY_COVERED,METHOD_MISSED,METHOD_COVERED
familie-ba-sak 10110,default,SammenliknbarTidslinjeKt,12,0,0,0,1,0,1,0,1,0
familie-ba-sak 10110,default,UtbetalingsperiodeUtilKt.hentPerioderMedUtbetaling.andelerSplittetOppTidslinje.new Function2() {...},11,0,2,0,3,0,2,0,1,0
familie-ba-sak 10110,default,UtbetalingsperiodeUtilKt.hentPerioderMedUtbetaling.alleAndelerKombinertTidslinje.new Function1() {...},5,0,0,0,1,0,1,0,1,0
familie-ba-sak 10110,default,UtbetalingsperiodeUtilKt.hentPerioderMedUtbetaling.alleAndelerKombinertTidslinje.new Function1() {...},23,0,8,0,1,0,5,0,1,0
familie-ba-sak 10110,default,BrevEøsBegrunnelseProdusentKt,374,0,30,0,51,0,20,0,4,0
familie-ba-sak 10110,default,Landkode,39,0,2,0,5,0,4,0,3,0
familie-ba-sak 10110,default,SammenliknbarTidslinjeKt.minsteAvHver.new Function2() {...},10,0,0,0,1,0,1,0,1,0
familie-ba-sak 10110,default,UtbetalingsperiodeUtilKt,73,0,0,0,16,0,1,0,1,0
familie-ba-sak 10110,no.nav.familie.ba.sak.kjerne.personident,Identkonverterer,43,0,4,0,5,0,4,0,2,0
familie-ba-sak 10110,no.nav.familie.ba.sak.kjerne.personident,PersonidentService,612,46,58,0,91,8,41,5,12,5
familie-ba-sak 10110,no.nav.familie.ba.sak.kjerne.personident,AktørKt,11,0,0,0,1,0,2,0,2,0
familie-ba-sak 10110,no.nav.familie.ba.sak.kjerne.personident,Personident,135,9,10,0,24,1,16,1,11,1
familie-ba-sak 10110,no.nav.familie.ba.sak.kjerne.personident,PersonidentService.Companion,2,0,0,0,1,0,1,0,1,0
familie-ba-sak 10110,no.nav.familie.ba.sak.kjerne.personident,Aktør,115,9,6,0,19,1,12,1,9,1
familie-ba-sak 10110,no.nav.familie.ba.sak.kjerne.personident,IdentController,15,9,0,0,2,3,1,1,1,1
familie-ba-sak 10110,no.nav.familie.ba.sak.kjerne.personident,IdentHendelseTask,33,21,0,0,4,4,4,2,4,2
familie-ba-sak 10110,no.nav.familie.ba.sak.kjerne.personident,IdentHendelseTask.Companion,50,0,0,0,8,0,1,0,1,0
familie-ba-sak 10110,no.nav.familie.ba.sak.kjerne.brev.mottaker,BrevmottakerController,83,21,0,0,19,5,3,1,3,1
familie-ba-sak 10110,no.nav.familie.ba.sak.kjerne.brev.mottaker,MottakerType,3,43,0,0,0,5,1,2,1,2
familie-ba-sak 10110,no.nav.familie.ba.sak.kjerne.brev.mottaker,Brevmottaker,186,0,8,0,29,0,25,0,21,0
familie-ba-sak 10110,no.nav.familie.ba.sak.kjerne.brev.mottaker,BrevmottakerService,337,33,16,0,71,7,19,1,11,1
familie-ba-sak 10110,no.nav.familie.ba.sak.integrasjoner.ef,EfSakRestClient.hentPerioderMedFullOvergangsstønad.lambda.0..inlined.postForEntity.default.new Function0() {...},24,0,0,0,1,0,1,0,1,0
familie-ba-sak 10110,no.nav.familie.ba.sak.integrasjoner.ef,EfSakRestClient,25,14,0,0,5,3,1,1,1,1
familie-ba-sak 10110,no.nav.familie.ba.sak.integrasjoner.ef,EfSakRestClient.hentPerioderMedFullOvergangsstønad.lambda.0..inlined.postForEntity.default.1.new ParameterizedTypeReference() {...},3,0,0,0,1,0,1,0,1,0
familie-ba-sak 10110,no.nav.familie.ba.sak.kjerne.endretutbetaling.domene,Årsak,3,43,0,0,0,5,1,2,1,2
familie-ba-sak 10110,no.nav.familie.ba.sak.kjerne.endretutbetaling.domene,UtfyltEndretUtbetalingAndel,78,0,0,0,10,0,10,0,10,0
familie-ba-sak 10110,no.nav.familie.ba.sak.kjerne.endretutbetaling.domene,EndretUtbetalingAndel,279,0,28,0,45,0,39,0,25,0
familie-ba-sak 10110,no.nav.familie.ba.sak.kjerne.endretutbetaling.domene,EndretUtbetalingAndelKt,263,0,12,0,58,0,11,0,5,0
familie-ba-sak 10110,no.nav.familie.ba.sak.kjerne.endretutbetaling.domene,UtfyltEndretUtbetalingAndelDeltBosted,87,0,0,0,11,0,11,0,11,0
familie-ba-sak 10110,no.nav.familie.ba.sak.kjerne.endretutbetaling.domene,TomEndretUtbetalingAndel,15,0,0,0,3,0,3,0,3,0
familie-ba-sak 10110,no.nav.familie.ba.sak.kjerne.autovedtak.omregning,AutobrevOpphørSmåbarnstilleggService,132,48,10,0,39,9,8,2,3,2
familie-ba-sak 10110,no.nav.familie.ba.sak.kjerne.autovedtak.omregning,AutobrevTask,109,33,0,0,25,6,7,2,7,2
familie-ba-sak 10110,no.nav.familie.ba.sak.kjerne.autovedtak.omregning,AutobrevScheduler,50,49,6,0,10,11,4,5,1,5
familie-ba-sak 10110,no.nav.familie.ba.sak.kjerne.autovedtak.omregning,Autobrev6og18ÅrService,359,48,48,0,67,9,32,2,8,2
familie-ba-sak 10110,no.nav.familie.ba.sak.kjerne.autovedtak.omregning,AutovedtakBrevService,191,60,10,0,54,11,11,2,6,2
familie-ba-sak 10110,no.nav.familie.ba.sak.kjerne.autovedtak.omregning,AutovedtakBrevServiceKt,50,0,4,0,11,0,4,0,1,0
familie-ba-sak 10110,no.nav.familie.ba.sak.kjerne.autovedtak.omregning,AutobrevTask.opprettTaskerForReduksjonSmåbarnstillegg.berørteFagsaker.new Function1() {...},13,0,0,0,2,0,1,0,1,0
familie-ba-sak 10110,no.nav.familie.ba.sak.kjerne.autovedtak.omregning,Alder,32,0,0,0,3,0,3,0,3,0
familie-ba-sak 10110,no.nav.familie.ba.sak.kjerne.autovedtak.omregning,AutovedtakBrevService.Companion,2,0,0,0,1,0,1,0,1,0
familie-ba-sak 10110,no.nav.familie.ba.sak.kjerne.autovedtak.omregning,AutobrevUtils,76,0,8,0,14,0,6,0,2,0
familie-ba-sak 10110,no.nav.familie.ba.sak.integrasjoner.organisasjon,OrganisasjonService,10,9,0,0,2,2,1,1,1,1
familie-ba-sak 10110,no.nav.familie.ba.sak.kjerne.eøs.differanseberegning.domene,KronerPerValutaenhet,21,0,0,0,3,0,3,0,3,0
familie-ba-sak 10110,no.nav.familie.ba.sak.kjerne.eøs.differanseberegning.domene,Valutabeløp,21,0,0,0,3,0,3,0,3,0
familie-ba-sak 10110,no.nav.familie.ba.sak.kjerne.eøs.differanseberegning.domene,Intervall,0,31,0,0,0,4,0,1,0,1
familie-ba-sak 10110,no.nav.familie.ba.sak.kjerne.eøs.differanseberegning.domene,ValutaberegningKt,65,0,18,0,11,0,12,0,3,0
familie-ba-sak 10110,no.nav.familie.ba.sak.kjerne.autovedtak.satsendring,SatsendringStatistikk,85,40,0,0,32,7,2,2,2,2
familie-ba-sak 10110,no.nav.familie.ba.sak.kjerne.autovedtak.satsendring,AutovedtakSatsendringScheduler,17,18,2,0,7,4,3,2,2,2
familie-ba-sak 10110,no.nav.familie.ba.sak.kjerne.autovedtak.satsendring,StartSatsendring,290,95,40,1,67,16,30,5,8,5
familie-ba-sak 10110,no.nav.familie.ba.sak.kjerne.autovedtak.satsendring,AutovedtakSatsendringService.Companion,2,0,0,0,1,0,1,0,1,0
familie-ba-sak 10110,no.nav.familie.ba.sak.kjerne.autovedtak.satsendring,SatsendringSvar,53,0,0,0,7,0,3,0,3,0
familie-ba-sak 10110,no.nav.familie.ba.sak.kjerne.autovedtak.satsendring,SatsendringService,62,101,4,2,8,22,5,3,2,3
familie-ba-sak 10110,no.nav.familie.ba.sak.kjerne.autovedtak.satsendring,SatsendringService.finnLøpendeFagsakerUtenSisteSats.new Function1() {...},13,0,2,0,1,0,2,0,1,0
familie-ba-sak 10110,no.nav.familie.ba.sak.kjerne.autovedtak.satsendring,SatsendringService.finnLøpendeFagsakerUtenSisteSats.new Function1() {...},13,0,2,0,1,0,2,0,1,0
familie-ba-sak 10110,no.nav.familie.ba.sak.kjerne.autovedtak.satsendring,SatsendringController,121,110,4,0,22,17,4,6,2,6
familie-ba-sak 10110,no.nav.familie.ba.sak.kjerne.autovedtak.satsendring,StartSatsendring.Companion,6,0,0,0,3,0,3,0,3,0
familie-ba-sak 10110,no.nav.familie.ba.sak.kjerne.autovedtak.satsendring,SatsendringService.finnLøpendeFagsakerUtenSisteSats.new Function1() {...},10,0,0,0,2,0,1,0,1,0
familie-ba-sak 10110,no.nav.familie.ba.sak.kjerne.autovedtak.satsendring,AutovedtakSatsendringService,343,105,31,0,86,17,20,2,4,2
familie-ba-sak 10110,no.nav.familie.ba.sak.kjerne.autovedtak.satsendring,AutovedtakSatsendringScheduler.Companion,2,0,0,0,1,0,1,0,1,0
familie-ba-sak 10110,no.nav.familie.ba.sak.kjerne.autovedtak.satsendring,SatsendringUtilKt,87,0,8,0,14,0,6,0,2,0
familie-ba-sak 10110,no.nav.familie.ba.sak.kjerne.autovedtak.satsendring,SatsendringController.finnSakerUtenSisteSats.new Function2() {...},5,15,1,1,0,3,1,1,0,1
familie-ba-sak 10110,no.nav.familie.ba.sak.kjerne.tidslinje.matematikk,BigDecimalTidslinjeKt,29,0,0,0,4,0,3,0,3,0
familie-ba-sak 10110,no.nav.familie.ba.sak.kjerne.tidslinje.matematikk,BigDecimalTidslinjeKt.minus.new Function2() {...},14,0,4,0,3,0,3,0,1,0
familie-ba-sak 10110,no.nav.familie.ba.sak.kjerne.tidslinje.matematikk,BigDecimalTidslinjeKt.sum.new Function1() {...},15,0,0,0,1,0,1,0,1,0
familie-ba-sak 10110,no.nav.familie.ba.sak.kjerne.tidslinje.matematikk,BigDecimalTidslinjeKt.rundAvTilHeltall.new Function1() {...},8,0,0,0,1,0,1,0,1,0
familie-ba-sak 10110,no.nav.familie.ba.sak.kjerne.behandling.settpåvent,SettPåVentService.Companion,2,0,0,0,1,0,1,0,1,0
familie-ba-sak 10110,no.nav.familie.ba.sak.kjerne.behandling.settpåvent,SettPåVentService,282,45,12,0,55,8,14,2,8,2
familie-ba-sak 10110,no.nav.familie.ba.sak.kjerne.behandling.settpåvent,SettPåVent,119,0,0,0,16,0,14,0,14,0
familie-ba-sak 10110,no.nav.familie.ba.sak.kjerne.behandling.settpåvent,SettPåVentController,95,21,0,0,18,5,3,1,3,1
familie-ba-sak 10110,no.nav.familie.ba.sak.kjerne.behandling.settpåvent,SettPåVentÅrsak,3,22,0,0,0,2,1,2,1,2
familie-ba-sak 10110,no.nav.familie.ba.sak.kjerne.behandling.settpåvent,SettPåVentScheduler,45,18,8,0,9,3,6,2,2,2
familie-ba-sak 10110,no.nav.familie.ba.sak.kjerne.behandling.settpåvent,SettPåVentUtilsKt,125,0,12,0,29,0,9,0,3,0
familie-ba-sak 10110,no.nav.familie.ba.sak.integrasjoner.økonomi,KonsistensavstemmingController.StartKonsistensavstemming,0,12,0,0,0,1,0,2,0,2
familie-ba-sak 10110,no.nav.familie.ba.sak.integrasjoner.økonomi,ØkonomiKlient.iverksettOppdrag.lambda.0..inlined.postForEntity.default.1.new ParameterizedTypeReference() {...},3,0,0,0,1,0,1,0,1,0
familie-ba-sak 10110,no.nav.familie.ba.sak.integrasjoner.økonomi,BatchService,56,9,2,0,10,2,5,1,4,1
familie-ba-sak 10110,no.nav.familie.ba.sak.integrasjoner.økonomi,UtbetalingsoppdragMedBehandlingOgFagsak,24,0,0,0,4,0,4,0,4,0
familie-ba-sak 10110,no.nav.familie.ba.sak.integrasjoner.økonomi,ØkonomiKlient.konsistensavstemOppdragStart.lambda.5..inlined.postForEntity.default.1.new ParameterizedTypeReference() {...},3,0,0,0,1,0,1,0,1,0
familie-ba-sak 10110,no.nav.familie.ba.sak.integrasjoner.økonomi,ØkonomiKlient.hentSisteUtbetalingsoppdragForFagsaker.lambda.8..inlined.postForEntity.default.new Function0() {...},24,0,0,0,1,0,1,0,1,0
familie-ba-sak 10110,no.nav.familie.ba.sak.integrasjoner.økonomi,Batch,18,32,0,0,2,7,4,2,4,2
familie-ba-sak 10110,no.nav.familie.ba.sak.integrasjoner.økonomi,AvstemmingService,481,51,22,0,87,9,23,2,12,2
familie-ba-sak 10110,no.nav.familie.ba.sak.integrasjoner.økonomi,KonsistensavstemmingController,110,20,0,0,16,5,1,3,1,3
familie-ba-sak 10110,no.nav.familie.ba.sak.integrasjoner.økonomi,AndelTilkjentYtelseForSimuleringFactory,18,0,0,0,2,0,2,0,2,0
familie-ba-sak 10110,no.nav.familie.ba.sak.integrasjoner.økonomi,ØkonomiKlient.konsistensavstemOppdragAvslutt.lambda.7..inlined.postForEntity.default.1.new ParameterizedTypeReference() {...},3,0,0,0,1,0,1,0,1,0
familie-ba-sak 10110,no.nav.familie.ba.sak.integrasjoner.økonomi,ØkonomiKlient.hentStatus.lambda.3..inlined.postForEntity.default.new Function0() {...},24,0,0,0,1,0,1,0,1,0
familie-ba-sak 10110,no.nav.familie.ba.sak.integrasjoner.økonomi,ØkonomiKlient.iverksettOppdragPåNytt.lambda.1..inlined.postForEntity.default.1.new ParameterizedTypeReference() {...},3,0,0,0,1,0,1,0,1,0
familie-ba-sak 10110,no.nav.familie.ba.sak.integrasjoner.økonomi,IdentOgYtelse,21,0,0,0,3,0,3,0,3,0
familie-ba-sak 10110,no.nav.familie.ba.sak.integrasjoner.økonomi,ØkonomiKlient.iverksettOppdragPåNytt.lambda.1..inlined.postForEntity.default.new Function0() {...},24,0,0,0,1,0,1,0,1,0
familie-ba-sak 10110,no.nav.familie.ba.sak.integrasjoner.økonomi,ØkonomiKlient.konsistensavstemOppdragAvslutt.lambda.7..inlined.postForEntity.default.new Function0() {...},24,0,0,0,1,0,1,0,1,0
familie-ba-sak 10110,no.nav.familie.ba.sak.integrasjoner.økonomi,AndelTilkjentYtelseForIverksettingFactory.AndelTilkjentYtelseForIverksetting,37,0,0,0,12,0,7,0,7,0
familie-ba-sak 10110,no.nav.familie.ba.sak.integrasjoner.økonomi,ØkonomiKlient.konsistensavstemOppdragData.lambda.6..inlined.postForEntity.default.1.new ParameterizedTypeReference() {...},3,0,0,0,1,0,1,0,1,0
familie-ba-sak 10110,no.nav.familie.ba.sak.integrasjoner.økonomi,ØkonomiUtils,494,0,54,0,55,0,37,0,10,0
familie-ba-sak 10110,no.nav.familie.ba.sak.integrasjoner.økonomi,ØkonomiKlient.konsistensavstemOppdragData.lambda.6..inlined.postForEntity.default.new Function0() {...},24,0,0,0,1,0,1,0,1,0
familie-ba-sak 10110,no.nav.familie.ba.sak.integrasjoner.økonomi,AndelTilkjentYtelseForUtbetalingsoppdrag,82,0,2,0,12,0,11,0,10,0
familie-ba-sak 10110,no.nav.familie.ba.sak.integrasjoner.økonomi,FagsystemBA,48,0,0,0,6,0,4,0,4,0
familie-ba-sak 10110,no.nav.familie.ba.sak.integrasjoner.økonomi,UtbetalingsoppdragGeneratorKt,140,0,2,0,26,0,4,0,3,0
familie-ba-sak 10110,no.nav.familie.ba.sak.integrasjoner.økonomi,ØkonomiKlient.grensesnittavstemOppdrag.lambda.4..inlined.postForEntity.default.1.new ParameterizedTypeReference() {...},3,0,0,0,1,0,1,0,1,0
familie-ba-sak 10110,no.nav.familie.ba.sak.integrasjoner.økonomi,ØkonomiKlient.hentSisteUtbetalingsoppdragForFagsaker.lambda.8..inlined.postForEntity.default.1.new ParameterizedTypeReference() {...},3,0,0,0,1,0,1,0,1,0
familie-ba-sak 10110,no.nav.familie.ba.sak.integrasjoner.økonomi,UtbetalingsoppdragValidatorKt,109,0,24,0,17,0,16,0,4,0
familie-ba-sak 10110,no.nav.familie.ba.sak.integrasjoner.økonomi,UtbetalingsoppdragGeneratorService,804,45,96,0,131,9,59,1,11,1
familie-ba-sak 10110,no.nav.familie.ba.sak.integrasjoner.økonomi,ØkonomiKlient.hentSimulering.lambda.2..inlined.postForEntity.default.1.new ParameterizedTypeReference() {...},3,0,0,0,1,0,1,0,1,0
familie-ba-sak 10110,no.nav.familie.ba.sak.integrasjoner.økonomi,DataChunk,61,0,0,0,13,0,8,0,8,0
familie-ba-sak 10110,no.nav.familie.ba.sak.integrasjoner.økonomi,KonsistensavstemmingScheduler,104,42,2,0,17,8,7,2,6,2
familie-ba-sak 10110,no.nav.familie.ba.sak.integrasjoner.økonomi,UtbetalingsoppdragGenerator.lagUtbetalingsperioderForOpprettelseOgOppdaterTilkjentYtelse.lambda.9..inlined.sortedBy.new Comparator() {...},15,0,0,0,1,0,1,0,1,0
familie-ba-sak 10110,no.nav.familie.ba.sak.integrasjoner.økonomi,ØkonomiKlient.hentStatus.lambda.3..inlined.postForEntity.default.1.new ParameterizedTypeReference() {...},3,0,0,0,1,0,1,0,1,0
familie-ba-sak 10110,no.nav.familie.ba.sak.integrasjoner.økonomi,UtbetalingsperiodeMal,185,0,18,0,29,0,16,0,7,0
familie-ba-sak 10110,no.nav.familie.ba.sak.integrasjoner.økonomi,ØkonomiUtils.sisteBeståendeAndelPerKjede.lambda.3..inlined.sortedBy.new Comparator() {...},15,0,0,0,1,0,1,0,1,0
familie-ba-sak 10110,no.nav.familie.ba.sak.integrasjoner.økonomi,KjøreStatus,0,31,0,0,0,4,0,1,0,1
familie-ba-sak 10110,no.nav.familie.ba.sak.integrasjoner.økonomi,ØkonomiKlient,274,14,0,0,81,3,10,1,10,1
familie-ba-sak 10110,no.nav.familie.ba.sak.integrasjoner.økonomi,ØkonomiService.Companion,2,0,0,0,1,0,1,0,1,0
familie-ba-sak 10110,no.nav.familie.ba.sak.integrasjoner.økonomi,AndelTilkjentYtelseForIverksettingFactory,18,0,0,0,2,0,2,0,2,0
familie-ba-sak 10110,no.nav.familie.ba.sak.integrasjoner.økonomi,ØkonomiKlient.hentSimulering.lambda.2..inlined.postForEntity.default.new Function0() {...},24,0,0,0,1,0,1,0,1,0
familie-ba-sak 10110,no.nav.familie.ba.sak.integrasjoner.økonomi,YtelsetypeBA,66,0,0,0,7,0,5,0,5,0
familie-ba-sak 10110,no.nav.familie.ba.sak.integrasjoner.økonomi,AndelTilkjentYtelseForSimuleringFactory.AndelTilkjentYtelseForSimulering,40,0,0,0,5,0,7,0,7,0
familie-ba-sak 10110,no.nav.familie.ba.sak.integrasjoner.økonomi,ØkonomiService,137,63,12,0,43,11,9,2,3,2
familie-ba-sak 10110,no.nav.familie.ba.sak.integrasjoner.økonomi,ØkonomiUtilsKt,102,0,16,0,19,0,13,0,5,0
familie-ba-sak 10110,no.nav.familie.ba.sak.integrasjoner.økonomi,UtbetalingsoppdragGeneratorService.Opphør,15,0,0,0,1,0,3,0,3,0
familie-ba-sak 10110,no.nav.familie.ba.sak.integrasjoner.økonomi,ØkonomiKlient.iverksettOppdrag.lambda.0..inlined.postForEntity.default.new Function0() {...},24,0,0,0,1,0,1,0,1,0
familie-ba-sak 10110,no.nav.familie.ba.sak.integrasjoner.økonomi,UtbetalingsoppdragGenerator,653,9,66,0,122,3,44,1,11,1
familie-ba-sak 10110,no.nav.familie.ba.sak.integrasjoner.økonomi,ØkonomiKlient.grensesnittavstemOppdrag.lambda.4..inlined.postForEntity.default.new Function0() {...},24,0,0,0,1,0,1,0,1,0
familie-ba-sak 10110,no.nav.familie.ba.sak.integrasjoner.økonomi,ØkonomiKlient.konsistensavstemOppdragStart.lambda.5..inlined.postForEntity.default.new Function0() {...},24,0,0,0,1,0,1,0,1,0
familie-ba-sak 10110,no.nav.familie.ba.sak.integrasjoner.økonomi,ØkonomiServiceKt,21,0,4,0,2,0,4,0,2,0
familie-ba-sak 10110,no.nav.familie.ba.sak.statistikk.stønadsstatistikk,StønadsstatistikkController,113,96,12,0,23,22,8,5,2,5
familie-ba-sak 10110,no.nav.familie.ba.sak.statistikk.stønadsstatistikk,StønadsstatistikkService.hentUtbetalingsperioderV2.new Function1() {...},7,0,0,0,1,0,1,0,1,0
familie-ba-sak 10110,no.nav.familie.ba.sak.statistikk.stønadsstatistikk,StønadsstatistikkService.hentUtbetalingsperioderV2.new Function1() {...},7,0,0,0,1,0,1,0,1,0
familie-ba-sak 10110,no.nav.familie.ba.sak.statistikk.stønadsstatistikk,StønadsstatistikkService.hentUtbetalingsperioderV2.new Function1() {...},7,0,0,0,1,0,1,0,1,0
familie-ba-sak 10110,no.nav.familie.ba.sak.statistikk.stønadsstatistikk,StønadsstatistikkService,587,65,56,1,102,13,38,3,9,3
familie-ba-sak 10110,no.nav.familie.ba.sak.kjerne.eøs.utenlandskperiodebeløp,UtenlandskPeriodebeløpService,45,16,0,0,4,5,5,1,5,1
familie-ba-sak 10110,no.nav.familie.ba.sak.kjerne.eøs.utenlandskperiodebeløp,UtenlandskPeriodebeløp.Companion,2,0,0,0,1,0,1,0,1,0
familie-ba-sak 10110,no.nav.familie.ba.sak.kjerne.eøs.utenlandskperiodebeløp,UtenlandskPeriodebeløp,71,89,0,0,16,17,14,3,14,3
familie-ba-sak 10110,no.nav.familie.ba.sak.kjerne.eøs.utenlandskperiodebeløp,UtenlandskPeriodebeløpController,98,33,0,0,19,7,2,1,2,1
familie-ba-sak 10110,no.nav.familie.ba.sak.kjerne.grunnlag.personopplysninger,DødsfallKt,94,0,12,0,19,0,9,0,3,0
familie-ba-sak 10110,no.nav.familie.ba.sak.kjerne.grunnlag.personopplysninger,PersonController,138,48,6,0,31,8,5,4,2,4
familie-ba-sak 10110,no.nav.familie.ba.sak.kjerne.grunnlag.personopplysninger,PersonEnkelKt,68,0,14,0,4,0,9,0,2,0
familie-ba-sak 10110,no.nav.familie.ba.sak.kjerne.grunnlag.personopplysninger,PersonopplysningGrunnlag,315,0,30,0,35,0,30,0,15,0
familie-ba-sak 10110,no.nav.familie.ba.sak.kjerne.grunnlag.personopplysninger,PersonopplysningGrunnlagUtilKt,13,0,4,0,1,0,3,0,1,0
familie-ba-sak 10110,no.nav.familie.ba.sak.kjerne.grunnlag.personopplysninger,PersonopplysningGrunnlagKt,32,0,4,0,1,0,3,0,1,0
familie-ba-sak 10110,no.nav.familie.ba.sak.kjerne.grunnlag.personopplysninger,Medlemskap,0,37,0,0,0,5,0,1,0,1
familie-ba-sak 10110,no.nav.familie.ba.sak.kjerne.grunnlag.personopplysninger,PersonType,22,25,3,0,5,3,3,1,1,1
familie-ba-sak 10110,no.nav.familie.ba.sak.kjerne.grunnlag.personopplysninger,PersonEnkel,45,0,0,0,6,0,6,0,6,0
familie-ba-sak 10110,no.nav.familie.ba.sak.kjerne.grunnlag.personopplysninger,PersongrunnlagService,1107,94,92,2,174,16,71,3,24,3
familie-ba-sak 10110,no.nav.familie.ba.sak.kjerne.grunnlag.personopplysninger,Person,477,0,8,0,69,0,36,0,32,0
familie-ba-sak 10110,no.nav.familie.ba.sak.kjerne.grunnlag.personopplysninger,PersongrunnlagService.hentPerson.lambda.25..inlined.sortedBy.new Comparator() {...},15,0,0,0,1,0,1,0,1,0
familie-ba-sak 10110,no.nav.familie.ba.sak.kjerne.grunnlag.personopplysninger,Målform,22,19,4,0,8,2,4,1,2,1
familie-ba-sak 10110,no.nav.familie.ba.sak.kjerne.grunnlag.personopplysninger,Dødsfall,123,0,2,0,24,0,13,0,12,0
familie-ba-sak 10110,no.nav.familie.ba.sak.kjerne.grunnlag.personopplysninger,Kjønn,0,25,0,0,0,3,0,1,0,1
familie-ba-sak 10110,no.nav.familie.ba.sak.task,InternKonsistensavstemmingTask.Companion,79,0,2,0,10,0,3,0,2,0
familie-ba-sak 10110,no.nav.familie.ba.sak.task,SatsendringTaskDto,6,12,0,0,0,3,2,1,2,1
familie-ba-sak 10110,no.nav.familie.ba.sak.task,IverksettMotFamilieTilbakeTask.Companion,44,0,0,0,6,0,1,0,1,0
familie-ba-sak 10110,no.nav.familie.ba.sak.task,HenleggBehandlingTaskDTO,33,0,0,0,5,0,5,0,5,0
familie-ba-sak 10110,no.nav.familie.ba.sak.task,SendVedtakTilInfotrygdTask,87,15,4,0,14,4,7,1,5,1
familie-ba-sak 10110,no.nav.familie.ba.sak.task,HentAlleIdenterTilPsysTask.Companion,61,0,0,0,8,0,1,0,1,0
familie-ba-sak 10110,no.nav.familie.ba.sak.task,DistribuerDokumentPåJournalpostIdTask.Companion,99,0,6,0,12,0,5,0,2,0
familie-ba-sak 10110,no.nav.familie.ba.sak.task,BehandleFødselshendelseTask.Companion,5,68,1,1,0,9,1,1,0,1
familie-ba-sak 10110,no.nav.familie.ba.sak.task,IverksettMotOppdragTask.Companion,99,0,0,0,20,0,2,0,2,0
familie-ba-sak 10110,no.nav.familie.ba.sak.task,OpprettTaskService.opprettAutovedtakForOpphørSmåbarnstilleggTask.new Function0() {...},53,0,0,0,9,0,1,0,1,0
familie-ba-sak 10110,no.nav.familie.ba.sak.task,SendMeldingTilBisysTask.Companion,36,0,0,0,6,0,1,0,1,0
familie-ba-sak 10110,no.nav.familie.ba.sak.task,DistribuerDokumentTask.Companion,34,0,0,0,6,0,1,0,1,0
familie-ba-sak 10110,no.nav.familie.ba.sak.task,HenleggBehandlingTask,188,27,12,0,24,6,14,1,8,1
familie-ba-sak 10110,no.nav.familie.ba.sak.task,OppdaterLøpendeFlagg,27,21,0,0,3,3,5,2,5,2
familie-ba-sak 10110,no.nav.familie.ba.sak.task,DistribuerVedtaksbrevTask,58,21,0,0,12,5,4,1,4,1
familie-ba-sak 10110,no.nav.familie.ba.sak.task,VedtakOmOvergangsstønadTask,42,24,0,0,9,5,4,2,4,2
familie-ba-sak 10110,no.nav.familie.ba.sak.task,IverksettMotFamilieTilbakeTask,40,15,0,0,5,4,6,1,6,1
familie-ba-sak 10110,no.nav.familie.ba.sak.task,TaskUtilsKt,241,28,47,2,33,2,33,2,5,2
familie-ba-sak 10110,no.nav.familie.ba.sak.task,GammelDistribuerDokumentDTO,27,0,0,0,5,0,4,0,4,0
familie-ba-sak 10110,no.nav.familie.ba.sak.task,OpprettTaskService,219,39,0,0,50,5,10,4,10,4
familie-ba-sak 10110,no.nav.familie.ba.sak.task,KonsistensavstemMotOppdragDataTask,39,9,0,0,9,3,5,1,5,1
familie-ba-sak 10110,no.nav.familie.ba.sak.task,FerdigstillBehandlingTask.Companion,53,0,0,0,10,0,1,0,1,0
familie-ba-sak 10110,no.nav.familie.ba.sak.task,KonsistensavstemMotOppdragAvsluttTask,99,33,8,0,17,6,11,2,7,2
familie-ba-sak 10110,no.nav.familie.ba.sak.task,SendFødselsmeldingTilInfotrygdTask,37,9,0,0,5,3,4,1,4,1
familie-ba-sak 10110,no.nav.familie.ba.sak.task,TaBehandlingerEtterVentefristAvVentTask,51,18,2,0,7,3,6,2,5,2
familie-ba-sak 10110,no.nav.familie.ba.sak.task,DistribuerDokumentDTO,62,0,0,0,8,0,8,0,8,0
familie-ba-sak 10110,no.nav.familie.ba.sak.task,DistribuerDokumentTask,106,21,20,0,19,5,14,1,4,1
familie-ba-sak 10110,no.nav.familie.ba.sak.task,HentAlleIdenterTilPsysTask,92,19,0,0,13,5,4,1,4,1
familie-ba-sak 10110,no.nav.familie.ba.sak.task,PubliserVedtakV2Task.Companion,47,0,0,0,8,0,2,0,2,0
familie-ba-sak 10110,no.nav.familie.ba.sak.task,SendVedtakTilInfotrygdTask.finnFørsteUtbetalingsperiode.førsteUtbetalingsperiode.new Function1() {...},7,0,0,0,1,0,1,0,1,0
familie-ba-sak 10110,no.nav.familie.ba.sak.task,SendVedtakTilInfotrygdTask.finnFørsteUtbetalingsperiode.førsteUtbetalingsperiode.new Function1() {...},7,0,0,0,1,0,1,0,1,0
familie-ba-sak 10110,no.nav.familie.ba.sak.task,SendVedtakTilInfotrygdTask.finnFørsteUtbetalingsperiode.førsteUtbetalingsperiode.new Function1() {...},7,0,0,0,1,0,1,0,1,0
familie-ba-sak 10110,no.nav.familie.ba.sak.task,DistribuerVedtaksbrevTilInstitusjonVergeEllerManuellBrevMottakerTask.Companion,34,0,0,0,6,0,1,0,1,0
familie-ba-sak 10110,no.nav.familie.ba.sak.task,PubliserVedtakV2Task,48,30,0,0,4,6,7,2,7,2
familie-ba-sak 10110,no.nav.familie.ba.sak.task,OpprettOppgaveTask,44,9,0,0,9,3,4,1,4,1
familie-ba-sak 10110,no.nav.familie.ba.sak.task,FerdigstillOppgaver.Companion,21,0,0,0,6,0,1,0,1,0
familie-ba-sak 10110,no.nav.familie.ba.sak.task,FerdigstillOppgaver,30,9,0,0,5,3,4,1,4,1
familie-ba-sak 10110,no.nav.familie.ba.sak.task,OpprettVurderFødselshendelseKonsekvensForYtelseOppgave,48,9,0,0,7,3,4,1,4,1
familie-ba-sak 10110,no.nav.familie.ba.sak.task,OpprettTaskService.opprettSatsendringTask.new Function0() {...},2,53,0,0,0,7,0,1,0,1
familie-ba-sak 10110,no.nav.familie.ba.sak.task,SendAutobrev6og18ÅrTask,49,9,2,0,5,3,5,1,4,1
familie-ba-sak 10110,no.nav.familie.ba.sak.task,IverksettMotOppdragTask,99,27,0,0,23,6,4,1,4,1
familie-ba-sak 10110,no.nav.familie.ba.sak.task,SendFødselsmeldingTilInfotrygdTask.Companion,75,0,8,0,12,0,5,0,1,0
familie-ba-sak 10110,no.nav.familie.ba.sak.task,DistribuerVedtaksbrevTilInstitusjonVergeEllerManuellBrevMottakerTask,30,9,0,0,5,3,4,1,4,1
familie-ba-sak 10110,no.nav.familie.ba.sak.task,BehandleFødselshendelseTask,124,57,5,0,33,10,7,2,4,2
familie-ba-sak 10110,no.nav.familie.ba.sak.task,InternKonsistensavstemmingTask.doTask..inlined.readValue.new TypeReference() {...},3,0,0,0,1,0,1,0,1,0
familie-ba-sak 10110,no.nav.familie.ba.sak.task,DistribuerDokumentPåJournalpostIdTask,116,55,10,0,29,9,10,2,5,2
familie-ba-sak 10110,no.nav.familie.ba.sak.task,SendAutobrevOpphørSmåbarnstilleggTask,28,9,0,0,3,3,4,1,4,1
familie-ba-sak 10110,no.nav.familie.ba.sak.task,FerdigstillBehandlingTask,38,15,0,0,5,4,6,1,6,1
familie-ba-sak 10110,no.nav.familie.ba.sak.task,SendMeldingTilBisysTask,321,34,26,0,61,7,18,1,5,1
familie-ba-sak 10110,no.nav.familie.ba.sak.task,VedtakOmOvergangsstønadTask.Companion,37,0,0,0,6,0,1,0,1,0
familie-ba-sak 10110,no.nav.familie.ba.sak.task,StatusFraOppdragTask,64,27,0,0,10,6,4,1,4,1
familie-ba-sak 10110,no.nav.familie.ba.sak.task,OpprettTaskService.Companion,10,20,2,2,2,5,2,1,0,1
familie-ba-sak 10110,no.nav.familie.ba.sak.task,OpprettVurderFødselshendelseKonsekvensForYtelseOppgave.Companion,28,0,0,0,7,0,1,0,1,0
familie-ba-sak 10110,no.nav.familie.ba.sak.task,SendStartBehandlingTilInfotrygdTask,29,9,0,0,3,3,4,1,4,1
familie-ba-sak 10110,no.nav.familie.ba.sak.task,KonsistensavstemMotOppdragStartTask,175,18,8,0,42,3,9,2,5,2
familie-ba-sak 10110,no.nav.familie.ba.sak.task,SendVedtakTilInfotrygdTask.Companion,75,0,8,0,13,0,5,0,1,0
familie-ba-sak 10110,no.nav.familie.ba.sak.task,GrensesnittavstemMotOppdrag,100,27,0,0,16,3,7,2,7,2
familie-ba-sak 10110,no.nav.familie.ba.sak.task,SendMeldingTilBisysTask.finnBarnEndretOpplysning.lambda.9..inlined.sortedBy.new Comparator() {...},15,0,0,0,1,0,1,0,1,0
familie-ba-sak 10110,no.nav.familie.ba.sak.task,SendMeldingTilBisysTask.finnBarnEndretOpplysning.lambda.9..inlined.sortedBy.new Comparator() {...},15,0,0,0,1,0,1,0,1,0
familie-ba-sak 10110,no.nav.familie.ba.sak.task,JournalførVedtaksbrevTask,36,15,0,0,4,4,4,1,4,1
familie-ba-sak 10110,no.nav.familie.ba.sak.task,OpprettTaskService.opprettAutovedtakFor6Og18ÅrBarn.new Function0() {...},56,0,0,0,11,0,1,0,1,0
familie-ba-sak 10110,no.nav.familie.ba.sak.task,DistribuerVedtaksbrevDTO,27,0,0,0,4,0,4,0,4,0
familie-ba-sak 10110,no.nav.familie.ba.sak.task,OpprettOppgaveTask.Companion,46,0,0,0,13,0,2,0,2,0
familie-ba-sak 10110,no.nav.familie.ba.sak.task,SatsendringTask,41,9,0,0,4,3,5,1,5,1
familie-ba-sak 10110,no.nav.familie.ba.sak.task,SendStartBehandlingTilInfotrygdTask.Companion,77,0,8,0,12,0,5,0,1,0
familie-ba-sak 10110,no.nav.familie.ba.sak.task,KonsistensavstemMotOppdragFinnPerioderForRelevanteBehandlingerTask,127,27,2,0,28,5,7,2,6,2
familie-ba-sak 10110,no.nav.familie.ba.sak.task,JournalførVedtaksbrevTask.Companion,71,0,4,0,10,0,4,0,2,0
familie-ba-sak 10110,no.nav.familie.ba.sak.task,InternKonsistensavstemmingTask,46,22,0,0,8,4,5,2,5,2
familie-ba-sak 10110,no.nav.familie.ba.sak.task,SendMeldingTilBisysTaskKt,110,0,10,0,9,0,9,0,4,0
familie-ba-sak 10110,no.nav.familie.ba.sak.kjerne.tidslinje.transformasjon,ZipPadding,25,0,0,0,3,0,1,0,1,0
familie-ba-sak 10110,no.nav.familie.ba.sak.kjerne.tidslinje.transformasjon,FlyttTidslinjeKt,12,0,0,0,2,0,1,0,1,0
familie-ba-sak 10110,no.nav.familie.ba.sak.kjerne.tidslinje.transformasjon,MapTidslinjeKt,34,0,0,0,4,0,2,0,2,0
familie-ba-sak 10110,no.nav.familie.ba.sak.kjerne.tidslinje.transformasjon,EndreTidKt.tilMånedFraMånedsskifteIkkeNull.new Function1() {...},29,0,0,0,4,0,1,0,1,0
familie-ba-sak 10110,no.nav.familie.ba.sak.kjerne.tidslinje.transformasjon,ZipKt,66,0,3,0,10,0,4,0,2,0
familie-ba-sak 10110,no.nav.familie.ba.sak.kjerne.tidslinje.transformasjon,EndreTidKt.tilDag.new Tidslinje() {...},29,0,0,0,7,0,2,0,2,0
familie-ba-sak 10110,no.nav.familie.ba.sak.kjerne.tidslinje.transformasjon,MapTidslinjeKt.map.new Function1() {...},23,0,2,0,4,0,2,0,1,0
familie-ba-sak 10110,no.nav.familie.ba.sak.kjerne.tidslinje.transformasjon,EndreTidKt,104,0,12,0,14,0,10,0,4,0
familie-ba-sak 10110,no.nav.familie.ba.sak.kjerne.tidslinje.transformasjon,FlyttTidslinjeKt.forskyv.new Tidslinje() {...},35,0,0,0,4,0,2,0,2,0
familie-ba-sak 10110,no.nav.familie.ba.sak.kjerne.tidslinje.transformasjon,BeskjæreTidslinjeKt.beskjær.new Function1() {...},8,0,0,0,1,0,1,0,1,0
familie-ba-sak 10110,no.nav.familie.ba.sak.kjerne.tidslinje.transformasjon,EndreTidKt.tilMåned.new Function1() {...},32,0,0,0,3,0,1,0,1,0
familie-ba-sak 10110,no.nav.familie.ba.sak.kjerne.tidslinje.transformasjon,EndreTidKt.somEndelig.new Tidslinje() {...},27,0,0,0,4,0,2,0,2,0
familie-ba-sak 10110,no.nav.familie.ba.sak.kjerne.tidslinje.transformasjon,MapTidslinjeKt.mapIkkeNull.new Function1() {...},41,0,8,0,4,0,5,0,1,0
familie-ba-sak 10110,no.nav.familie.ba.sak.kjerne.tidslinje.transformasjon,EndreTidKt.tilMånedFraMånedsskifteIkkeNull.1.1.new Function1() {...},7,0,0,0,1,0,1,0,1,0
familie-ba-sak 10110,no.nav.familie.ba.sak.kjerne.tidslinje.transformasjon,EndreTidKt.tilMånedFraMånedsskifteIkkeNull.1.new Function1() {...},11,0,0,0,1,0,1,0,1,0
familie-ba-sak 10110,no.nav.familie.ba.sak.kjerne.tidslinje.transformasjon,BeskjæreTidslinjeKt,130,0,14,0,17,0,10,0,3,0
familie-ba-sak 10110,no.nav.familie.ba.sak.ekstern,EksternKlageController,52,63,5,1,9,20,3,4,0,4
familie-ba-sak 10110,no.nav.familie.ba.sak.internal.vedtak.vedtaksperioder,LagVedtaksperiodeTestUtilKt.hentKompetanseRader.2.new Function1() {...},7,0,0,0,1,0,1,0,1,0
familie-ba-sak 10110,no.nav.familie.ba.sak.internal.vedtak.vedtaksperioder,LagVedtaksperiodeTestUtilKt.hentEndretUtbetalingRader.new Function1() {...},30,0,0,0,5,0,1,0,1,0
familie-ba-sak 10110,no.nav.familie.ba.sak.internal.vedtak.vedtaksperioder,LagVedtaksperiodeTestUtilKt.hentKompetanseRader.new Function1() {...},60,0,8,0,11,0,5,0,1,0
familie-ba-sak 10110,no.nav.familie.ba.sak.internal.vedtak.vedtaksperioder,LagVedtaksperiodeTestUtilKt.tilVilkårResultatRader.1.new Function1() {...},84,0,10,0,5,0,6,0,1,0
familie-ba-sak 10110,no.nav.familie.ba.sak.internal.vedtak.vedtaksperioder,LagVedtaksperiodeTestUtilKt.tilVilkårResultatRader.new Function1() {...},46,0,0,0,11,0,1,0,1,0
familie-ba-sak 10110,no.nav.familie.ba.sak.internal.vedtak.vedtaksperioder,LagVedtaksperiodeTestUtilKt.hentPersongrunnlagRader.new Function1() {...},17,0,0,0,2,0,1,0,1,0
familie-ba-sak 10110,no.nav.familie.ba.sak.internal.vedtak.vedtaksperioder,LagVedtaksperiodeTestUtilKt.tilVilkårResultatRader.1.invoke..inlined.sortedBy.new Comparator() {...},15,0,0,0,1,0,1,0,1,0
familie-ba-sak 10110,no.nav.familie.ba.sak.internal.vedtak.vedtaksperioder,LagVedtaksperiodeTestUtilKt,382,0,48,0,67,0,40,0,16,0
familie-ba-sak 10110,no.nav.familie.ba.sak.internal.vedtak.vedtaksperioder,LagVedtaksperiodeTestUtilKt.hentVedtaksperiodeRader.new Function1() {...},32,0,8,0,2,0,5,0,1,0
familie-ba-sak 10110,no.nav.familie.ba.sak.internal.vedtak.vedtaksperioder,LagVedtaksperiodeTestUtilKt.hentAndelRader.new Function1() {...},8,0,0,0,1,0,1,0,1,0
familie-ba-sak 10110,no.nav.familie.ba.sak.internal.vedtak.vedtaksperioder,LagVedtaksperiodeTestUtilKt.hentAndelRader.new Function1() {...},7,0,0,0,1,0,1,0,1,0
familie-ba-sak 10110,no.nav.familie.ba.sak.internal.vedtak.vedtaksperioder,LagVedtaksperiodeTestUtilKt.hentAndelRader.new Function1() {...},7,0,0,0,1,0,1,0,1,0
familie-ba-sak 10110,no.nav.familie.ba.sak.internal.vedtak.vedtaksperioder,LagVedtaksperiodeTestUtilKt.hentAndelRader.new Function1() {...},33,0,0,0,5,0,1,0,1,0
familie-ba-sak 10110,no.nav.familie.ba.sak.kjerne.simulering.domene,ØkonomiSimuleringMottaker,104,0,8,0,22,0,15,0,11,0
familie-ba-sak 10110,no.nav.familie.ba.sak.kjerne.simulering.domene,SimuleringPeriodeTidslinjeKt,10,0,0,0,1,0,1,0,1,0
familie-ba-sak 10110,no.nav.familie.ba.sak.kjerne.simulering.domene,SimuleringPeriodeTidslinje,35,0,0,0,9,0,3,0,3,0
familie-ba-sak 10110,no.nav.familie.ba.sak.kjerne.simulering.domene,SimuleringsPeriode,84,0,0,0,10,0,10,0,10,0
familie-ba-sak 10110,no.nav.familie.ba.sak.kjerne.simulering.domene,ØkonomiSimuleringPostering,167,0,12,0,39,0,22,0,16,0
familie-ba-sak 10110,no.nav.familie.ba.sak.kjerne.simulering.domene,RestSimulering,66,0,0,0,10,0,10,0,10,0
familie-ba-sak 10110,no.nav.familie.ba.sak.ekstern.tilbakekreving,FagsystemsbehandlingService,136,44,0,0,26,9,3,1,3,1
familie-ba-sak 10110,no.nav.familie.ba.sak.ekstern.tilbakekreving,HentFagsystemsbehandlingRequestConsumer,113,0,2,0,23,0,5,0,4,0
familie-ba-sak 10110,no.nav.familie.ba.sak.kjerne.vilkårsvurdering.domene,VilkårResultat.Companion.VilkårResultatComparator.new Function1() {...},7,0,0,0,1,0,1,0,1,0
familie-ba-sak 10110,no.nav.familie.ba.sak.kjerne.vilkårsvurdering.domene,VilkårResultat.Companion.VilkårResultatComparator.new Function1() {...},7,0,0,0,1,0,1,0,1,0
familie-ba-sak 10110,no.nav.familie.ba.sak.kjerne.vilkårsvurdering.domene,VilkårResultat.Companion.VilkårResultatComparator.new Function1() {...},7,0,0,0,1,0,1,0,1,0
familie-ba-sak 10110,no.nav.familie.ba.sak.kjerne.vilkårsvurdering.domene,PersonResultat,479,0,40,0,71,0,40,0,20,0
familie-ba-sak 10110,no.nav.familie.ba.sak.kjerne.vilkårsvurdering.domene,VilkårResultatTidslinje,36,0,0,0,9,0,2,0,2,0
familie-ba-sak 10110,no.nav.familie.ba.sak.kjerne.vilkårsvurdering.domene,GyldigVilkårsperiode,61,0,4,0,5,0,7,0,5,0
familie-ba-sak 10110,no.nav.familie.ba.sak.kjerne.vilkårsvurdering.domene,Vilkår,158,74,14,0,38,22,14,3,5,3
familie-ba-sak 10110,no.nav.familie.ba.sak.kjerne.vilkårsvurdering.domene,Vilkårsvurdering,247,0,12,0,35,0,22,0,16,0
familie-ba-sak 10110,no.nav.familie.ba.sak.kjerne.vilkårsvurdering.domene,VilkårResultatTidslinjeKt,9,0,0,0,1,0,1,0,1,0
familie-ba-sak 10110,no.nav.familie.ba.sak.kjerne.vilkårsvurdering.domene,AnnenVurderingType,0,13,0,0,0,1,0,1,0,1
familie-ba-sak 10110,no.nav.familie.ba.sak.kjerne.vilkårsvurdering.domene,UtdypendeVilkårsvurdering,0,103,0,0,0,16,0,1,0,1
familie-ba-sak 10110,no.nav.familie.ba.sak.kjerne.vilkårsvurdering.domene,AutomatiskVurdering,42,0,0,0,5,0,5,0,5,0
familie-ba-sak 10110,no.nav.familie.ba.sak.kjerne.vilkårsvurdering.domene,UtdypendeVilkårsvurderingerConverter,13,3,0,0,2,2,2,1,2,1
familie-ba-sak 10110,no.nav.familie.ba.sak.kjerne.vilkårsvurdering.domene,Vilkår.Companion,238,0,17,0,22,0,13,0,3,0
familie-ba-sak 10110,no.nav.familie.ba.sak.kjerne.vilkårsvurdering.domene,Regelverk,0,19,0,0,0,1,0,1,0,1
familie-ba-sak 10110,no.nav.familie.ba.sak.kjerne.vilkårsvurdering.domene,VilkårResultat,633,24,20,0,113,1,54,1,44,1
familie-ba-sak 10110,no.nav.familie.ba.sak.kjerne.vilkårsvurdering.domene,ResultatBegrunnelse,9,33,0,0,0,8,3,2,3,2
familie-ba-sak 10110,no.nav.familie.ba.sak.kjerne.vilkårsvurdering.domene,VilkårResultat.Companion,2,0,0,0,1,0,1,0,1,0
familie-ba-sak 10110,no.nav.familie.ba.sak.kjerne.vilkårsvurdering.domene,AnnenVurdering,191,0,10,0,26,0,22,0,17,0
familie-ba-sak 10110,no.nav.familie.ba.sak.integrasjoner.pdl,PersonopplysningerService,307,41,20,0,50,11,20,2,10,2
familie-ba-sak 10110,no.nav.familie.ba.sak.integrasjoner.pdl,PdlRestClient,521,26,20,0,105,5,21,1,11,1
familie-ba-sak 10110,no.nav.familie.ba.sak.integrasjoner.pdl,PdlRestClientKt,0,35,0,0,0,2,0,2,0,2
familie-ba-sak 10110,no.nav.familie.ba.sak.integrasjoner.pdl,PdlIdentRestClient.hentIdenter.lambda.3..inlined.postForEntity.new Function0() {...},1,23,0,0,0,1,0,1,0,1
familie-ba-sak 10110,no.nav.familie.ba.sak.integrasjoner.pdl,PersonDataBolk,27,0,0,0,1,0,4,0,4,0
familie-ba-sak 10110,no.nav.familie.ba.sak.integrasjoner.pdl,PersonopplysningerService.Companion,2,0,0,0,1,0,1,0,1,0
familie-ba-sak 10110,no.nav.familie.ba.sak.integrasjoner.pdl,PdlRestClient.hentUtenlandskBostedsadresse.lambda.13..inlined.postForEntity.new Function0() {...},24,0,0,0,1,0,1,0,1,0
familie-ba-sak 10110,no.nav.familie.ba.sak.integrasjoner.pdl,SystemOnlyPdlRestClient.hentAdressebeskyttelse.lambda.0..inlined.postForEntity.new Function0() {...},24,0,0,0,1,0,1,0,1,0
familie-ba-sak 10110,no.nav.familie.ba.sak.integrasjoner.pdl,PdlBolkResponse,64,0,12,0,3,0,12,0,6,0
familie-ba-sak 10110,no.nav.familie.ba.sak.integrasjoner.pdl,PdlRestClient.hentVergemaalEllerFremtidsfullmakt.lambda.7..inlined.postForEntity.1.new ParameterizedTypeReference() {...},3,0,0,0,1,0,1,0,1,0
familie-ba-sak 10110,no.nav.familie.ba.sak.integrasjoner.pdl,SystemOnlyPdlRestClient.hentAdressebeskyttelse.lambda.0..inlined.postForEntity.1.new ParameterizedTypeReference() {...},3,0,0,0,1,0,1,0,1,0
familie-ba-sak 10110,no.nav.familie.ba.sak.integrasjoner.pdl,PdlRestClient.hentVergemaalEllerFremtidsfullmakt.lambda.7..inlined.postForEntity.new Function0() {...},24,0,0,0,1,0,1,0,1,0
familie-ba-sak 10110,no.nav.familie.ba.sak.integrasjoner.pdl,PdlRestClient.hentForelderBarnRelasjoner.lambda.16..inlined.postForEntity.new Function0() {...},24,0,0,0,1,0,1,0,1,0
familie-ba-sak 10110,no.nav.familie.ba.sak.integrasjoner.pdl,PdlRestClient.hentStatsborgerskapUtenHistorikk.lambda.9..inlined.postForEntity.new Function0() {...},24,0,0,0,1,0,1,0,1,0
familie-ba-sak 10110,no.nav.familie.ba.sak.integrasjoner.pdl,PdlRestClient.hentStatsborgerskapUtenHistorikk.lambda.9..inlined.postForEntity.1.new ParameterizedTypeReference() {...},3,0,0,0,1,0,1,0,1,0
familie-ba-sak 10110,no.nav.familie.ba.sak.integrasjoner.pdl,PdlBolkResponse.errorMessages.new Function1() {...},7,0,0,0,1,0,1,0,1,0
familie-ba-sak 10110,no.nav.familie.ba.sak.integrasjoner.pdl,PdlUtilKt,9,0,0,0,1,0,2,0,2,0
familie-ba-sak 10110,no.nav.familie.ba.sak.integrasjoner.pdl,PdlRestClient.hentPerson.lambda.0..inlined.postForEntity.new Function0() {...},24,0,0,0,1,0,1,0,1,0
familie-ba-sak 10110,no.nav.familie.ba.sak.integrasjoner.pdl,PersonBolk,12,0,0,0,1,0,2,0,2,0
familie-ba-sak 10110,no.nav.familie.ba.sak.integrasjoner.pdl,SystemOnlyPdlRestClient.hentAdressebeskyttelseBolk.lambda.2..inlined.postForEntity.new Function0() {...},24,0,0,0,1,0,1,0,1,0
familie-ba-sak 10110,no.nav.familie.ba.sak.integrasjoner.pdl,PersonInfoQuery,42,0,0,0,4,0,3,0,3,0
familie-ba-sak 10110,no.nav.familie.ba.sak.integrasjoner.pdl,PdlRestClient.hentPerson.lambda.0..inlined.postForEntity.1.new ParameterizedTypeReference() {...},3,0,0,0,1,0,1,0,1,0
familie-ba-sak 10110,no.nav.familie.ba.sak.integrasjoner.pdl,PdlRestClient.hentOppholdUtenHistorikk.lambda.11..inlined.postForEntity.new Function0() {...},24,0,0,0,1,0,1,0,1,0
familie-ba-sak 10110,no.nav.familie.ba.sak.integrasjoner.pdl,PdlRestClient.hentForelderBarnRelasjoner.lambda.16..inlined.postForEntity.1.new ParameterizedTypeReference() {...},3,0,0,0,1,0,1,0,1,0
familie-ba-sak 10110,no.nav.familie.ba.sak.integrasjoner.pdl,SystemOnlyPdlRestClient.hentAdressebeskyttelseBolk.lambda.2..inlined.postForEntity.1.new ParameterizedTypeReference() {...},3,0,0,0,1,0,1,0,1,0
familie-ba-sak 10110,no.nav.familie.ba.sak.integrasjoner.pdl,SystemOnlyPdlRestClient,94,21,0,0,20,4,4,1,4,1
familie-ba-sak 10110,no.nav.familie.ba.sak.integrasjoner.pdl,SystemOnlyPdlRestClientKt,14,0,4,0,1,0,3,0,1,0
familie-ba-sak 10110,no.nav.familie.ba.sak.integrasjoner.pdl,VergeResponse,9,0,0,0,1,0,2,0,2,0
familie-ba-sak 10110,no.nav.familie.ba.sak.integrasjoner.pdl,PdlRestClient.hentUtenlandskBostedsadresse.lambda.13..inlined.postForEntity.1.new ParameterizedTypeReference() {...},3,0,0,0,1,0,1,0,1,0
familie-ba-sak 10110,no.nav.familie.ba.sak.integrasjoner.pdl,PdlRestClient.hentOppholdUtenHistorikk.lambda.11..inlined.postForEntity.1.new ParameterizedTypeReference() {...},3,0,0,0,1,0,1,0,1,0
familie-ba-sak 10110,no.nav.familie.ba.sak.integrasjoner.pdl,PdlIdentRestClient,44,89,4,0,6,21,3,5,1,5
familie-ba-sak 10110,no.nav.familie.ba.sak.integrasjoner.pdl,PdlIdentRestClient.hentIdenter.lambda.3..inlined.postForEntity.1.new ParameterizedTypeReference() {...},0,3,0,0,0,1,0,1,0,1
familie-ba-sak 10110,no.nav.familie.ba.sak.kjerne.autovedtak.fødselshendelse.vilkårsvurdering.utfall,VilkårIkkeOppfyltÅrsak,12,175,0,2,1,42,4,6,4,5
familie-ba-sak 10110,no.nav.familie.ba.sak.kjerne.autovedtak.fødselshendelse.vilkårsvurdering.utfall,VilkårOppfyltÅrsak,9,145,0,0,1,30,3,4,3,4
familie-ba-sak 10110,no.nav.familie.ba.sak.kjerne.autovedtak.fødselshendelse.vilkårsvurdering.utfall,VilkårKanskjeOppfyltÅrsak,9,49,0,0,1,10,3,4,3,4
familie-ba-sak 10110,no.nav.familie.ba.sak.kjerne.behandling.domene,Behandling,830,10,144,0,143,1,130,1,58,1
familie-ba-sak 10110,no.nav.familie.ba.sak.kjerne.behandling.domene,BehandlingSøknadsinfo,74,0,0,0,13,0,8,0,8,0
familie-ba-sak 10110,no.nav.familie.ba.sak.kjerne.behandling.domene,BehandlingÅrsak,47,137,18,0,8,18,14,3,4,3
familie-ba-sak 10110,no.nav.familie.ba.sak.kjerne.behandling.domene,BehandlingKategori,28,34,4,0,7,3,6,2,4,2
familie-ba-sak 10110,no.nav.familie.ba.sak.kjerne.behandling.domene,BehandlingStegComparator,13,3,0,0,1,1,1,1,1,1
familie-ba-sak 10110,no.nav.familie.ba.sak.kjerne.behandling.domene,SøknadsstatistikkForPeriode,12,27,0,0,0,5,4,1,4,1
familie-ba-sak 10110,no.nav.familie.ba.sak.kjerne.behandling.domene,BehandlingMigreringsinfo,38,0,0,0,7,0,5,0,5,0
familie-ba-sak 10110,no.nav.familie.ba.sak.kjerne.behandling.domene,BehandlingKt,15,0,0,0,2,0,2,0,2,0
familie-ba-sak 10110,no.nav.familie.ba.sak.kjerne.behandling.domene,AntallSøknader,12,15,0,0,0,5,4,1,4,1
familie-ba-sak 10110,no.nav.familie.ba.sak.kjerne.behandling.domene,BehandlingUnderkategori,6,34,0,0,0,3,2,2,2,2
familie-ba-sak 10110,no.nav.familie.ba.sak.kjerne.behandling.domene,Behandling.Companion,2,0,0,0,1,0,1,0,1,0
familie-ba-sak 10110,no.nav.familie.ba.sak.kjerne.behandling.domene,Behandlingsresultat,84,186,0,0,8,25,4,3,4,3
familie-ba-sak 10110,no.nav.familie.ba.sak.kjerne.behandling.domene,BehandlingType,0,60,0,0,0,7,0,3,0,3
familie-ba-sak 10110,no.nav.familie.ba.sak.kjerne.behandling.domene,BehandlingSøknadsinfoService,163,114,24,4,9,26,16,2,2,2
familie-ba-sak 10110,no.nav.familie.ba.sak.kjerne.behandling.domene,BehandlingStatus,17,43,6,0,2,6,5,1,2,1
familie-ba-sak 10110,no.nav.familie.ba.sak.kjerne.brev.brevPeriodeProdusent,BrevPeriodeProdusentKt.tilBarnasFødselsdatoer..inlined.sortedBy.new Comparator() {...},15,0,0,0,1,0,1,0,1,0
familie-ba-sak 10110,no.nav.familie.ba.sak.kjerne.brev.brevPeriodeProdusent,BrevPeriodeProdusentKt,343,0,40,0,69,0,29,0,7,0
familie-ba-sak 10110,no.nav.familie.ba.sak.kjerne.grunnlag.personopplysninger.domene,PersonIdent,56,0,6,0,12,0,8,0,5,0
familie-ba-sak 10110,no.nav.familie.ba.sak.kjerne.beregning,TilkjentYtelseUtilsKt,295,0,40,0,27,0,21,0,1,0
familie-ba-sak 10110,no.nav.familie.ba.sak.kjerne.beregning,BarnSinRettTilSmåbarnstillegg,19,0,0,0,2,0,1,0,1,0
familie-ba-sak 10110,no.nav.familie.ba.sak.kjerne.beregning,SatsServiceKt.satstypeTidslinje.new Function0() {...},50,0,4,0,8,0,3,0,1,0
familie-ba-sak 10110,no.nav.familie.ba.sak.kjerne.beregning,TilkjentYtelseValidering.finnPeriodeMedOverlappAvAndeler.kombinertOverlappTidslinje.new Function1() {...},8,0,0,0,1,0,1,0,1,0
familie-ba-sak 10110,no.nav.familie.ba.sak.kjerne.beregning,TilkjentYtelseUtils.oppdaterTilkjentYtelseMedEndretUtbetalingAndeler.new Function1() {...},8,0,0,0,1,0,1,0,1,0
familie-ba-sak 10110,no.nav.familie.ba.sak.kjerne.beregning,TilkjentYtelseUtils.oppdaterTilkjentYtelseMedEndretUtbetalingAndeler.new Function1() {...},7,0,0,0,1,0,1,0,1,0
familie-ba-sak 10110,no.nav.familie.ba.sak.kjerne.beregning,TilkjentYtelseValideringService,224,36,24,0,40,7,18,2,6,2
familie-ba-sak 10110,no.nav.familie.ba.sak.kjerne.beregning,TilkjentYtelseValideringService.Companion,2,0,0,0,1,0,1,0,1,0
familie-ba-sak 10110,no.nav.familie.ba.sak.kjerne.beregning,TilkjentYtelseUtils,732,0,44,0,125,0,28,0,6,0
familie-ba-sak 10110,no.nav.familie.ba.sak.kjerne.beregning,AndelTilkjentYtelseForVedtaksperioderTidslinje,35,0,0,0,8,0,2,0,2,0
familie-ba-sak 10110,no.nav.familie.ba.sak.kjerne.beregning,TilkjentYtelseRepositoryUtilKt.sjekkForDuplikater.2.new Function0() {...},11,0,0,0,1,0,1,0,1,0
familie-ba-sak 10110,no.nav.familie.ba.sak.kjerne.beregning,OrdinærBarnetrygdUtil,274,0,16,0,40,0,15,0,7,0
familie-ba-sak 10110,no.nav.familie.ba.sak.kjerne.beregning,BeregningKt,51,0,0,0,14,0,3,0,3,0
familie-ba-sak 10110,no.nav.familie.ba.sak.kjerne.beregning,SmåbarnstilleggService,238,39,6,0,65,8,10,1,7,1
familie-ba-sak 10110,no.nav.familie.ba.sak.kjerne.beregning,SmåbarnstilleggUtilsKt,727,0,66,0,96,0,44,0,11,0
familie-ba-sak 10110,no.nav.familie.ba.sak.kjerne.beregning,AndelTilkjentYtelseTidslinjeUtilKt.kunAndelerTilOgMed3År.new Function2() {...},5,0,0,0,1,0,1,0,1,0
familie-ba-sak 10110,no.nav.familie.ba.sak.kjerne.beregning,AndelTilkjentYtelseMedEndreteUtbetalingerTidslinje,32,0,0,0,8,0,2,0,2,0
familie-ba-sak 10110,no.nav.familie.ba.sak.kjerne.beregning,AndelTilkjentYtelseTidslinje,32,0,0,0,8,0,2,0,2,0
familie-ba-sak 10110,no.nav.familie.ba.sak.kjerne.beregning,TilkjentYtelseValidering.lagErOver100ProsentUtbetalingPåYtelseTidslinje.erOver100ProsentTidslinje.1.new Function2() {...},25,0,4,0,1,0,3,0,1,0
familie-ba-sak 10110,no.nav.familie.ba.sak.kjerne.beregning,TilkjentYtelseValideringKt,165,0,8,0,26,0,9,0,5,0
familie-ba-sak 10110,no.nav.familie.ba.sak.kjerne.beregning,SatsServiceKt.lagOrdinærTidslinje.new Function2() {...},6,0,2,0,1,0,2,0,1,0
familie-ba-sak 10110,no.nav.familie.ba.sak.kjerne.beregning,UtvidetBarnetrygdGenerator,102,0,10,0,17,0,9,0,4,0
familie-ba-sak 10110,no.nav.familie.ba.sak.kjerne.beregning,TilkjentYtelseUtils.beregnTilkjentYtelse.new Function1() {...},5,0,0,0,1,0,1,0,1,0
familie-ba-sak 10110,no.nav.familie.ba.sak.kjerne.beregning,TilkjentYtelseRepositoryUtilKt,131,0,6,0,21,0,5,0,2,0
familie-ba-sak 10110,no.nav.familie.ba.sak.kjerne.beregning,AndelTilkjentYtelseTidslinjeUtilKt.tilSeparateTidslinjerForBarna.3.new Function0() {...},11,0,0,0,1,0,1,0,1,0
familie-ba-sak 10110,no.nav.familie.ba.sak.kjerne.beregning,UtvidetBarnetrygdUtil,173,0,14,0,30,0,11,0,4,0
familie-ba-sak 10110,no.nav.familie.ba.sak.kjerne.beregning,OrdinærBarnetrygdUtil.tilTidslinjeMedRettTilProsentForPerson.new Function1() {...},12,0,0,0,1,0,1,0,1,0
familie-ba-sak 10110,no.nav.familie.ba.sak.kjerne.beregning,TilkjentYtelseValidering,667,0,41,0,94,0,32,0,11,0
familie-ba-sak 10110,no.nav.familie.ba.sak.kjerne.beregning,AndelTilkjentYtelseTidslinjeUtilKt.tilTryggTidslinjeForSøkersYtelse.3.new Function0() {...},24,0,0,0,5,0,1,0,1,0
familie-ba-sak 10110,no.nav.familie.ba.sak.kjerne.beregning,TilkjentYtelseValidering.tilFeilmeldingTekst.1.new Function1() {...},10,0,0,0,1,0,1,0,1,0
familie-ba-sak 10110,no.nav.familie.ba.sak.kjerne.beregning,SmåbarnstilleggUtilsKt.kombinerAlleTidslinjerTilProsentTidslinje.new Function1() {...},6,0,0,0,1,0,1,0,1,0
familie-ba-sak 10110,no.nav.familie.ba.sak.kjerne.beregning,SmåbarnstilleggUtilsKt.kombinerAlleTidslinjerTilProsentTidslinje.new Function3() {...},54,0,14,0,11,0,8,0,1,0
familie-ba-sak 10110,no.nav.familie.ba.sak.kjerne.beregning,EndretUtbetalingAndelTidslinje,68,0,8,0,8,0,6,0,2,0
familie-ba-sak 10110,no.nav.familie.ba.sak.kjerne.beregning,TilkjentYtelseUtils.slåSammenPerioderSomIkkeSkulleHaVærtSplittet..inlined.sortedBy.new Comparator() {...},15,0,0,0,1,0,1,0,1,0
familie-ba-sak 10110,no.nav.familie.ba.sak.kjerne.beregning,OrdinærBarnetrygdUtil.kombinerProsentOgSatsTidslinjer.new Function2() {...},25,0,4,0,4,0,3,0,1,0
familie-ba-sak 10110,no.nav.familie.ba.sak.kjerne.beregning,SmåbarnstilleggBarnetrygdGenerator.lagSmåbarnstilleggAndeler.new Function2() {...},27,0,0,0,8,0,1,0,1,0
familie-ba-sak 10110,no.nav.familie.ba.sak.kjerne.beregning,SatsServiceKt,67,0,6,0,14,0,7,0,4,0
familie-ba-sak 10110,no.nav.familie.ba.sak.kjerne.beregning,SmåbarnstilleggPeriode,21,0,0,0,3,0,3,0,3,0
familie-ba-sak 10110,no.nav.familie.ba.sak.kjerne.beregning,TilkjentYtelseValidering.validerAtSatsendringKunOppdatererSatsPåEksisterendePerioder.new Function2() {...},81,0,20,0,10,0,11,0,1,0
familie-ba-sak 10110,no.nav.familie.ba.sak.kjerne.beregning,TilkjentYtelseValidering.validerAtBarnIkkeFårFlereUtbetalingerSammePeriode..inlined.sortedBy.new Comparator() {...},15,0,0,0,1,0,1,0,1,0
familie-ba-sak 10110,no.nav.familie.ba.sak.kjerne.beregning,SatsTidspunkt,12,0,0,0,1,0,2,0,2,0
familie-ba-sak 10110,no.nav.familie.ba.sak.kjerne.beregning,UtvidetBarnetrygdGenerator.lagUtvidetBarnetrygdAndeler.størsteProsentTidslinje.new Function1() {...},42,0,6,0,1,0,4,0,1,0
familie-ba-sak 10110,no.nav.familie.ba.sak.kjerne.beregning,UtvidetBarnetrygdGenerator.lagUtvidetBarnetrygdAndeler.utvidetAndeler.new Function3() {...},27,0,0,0,7,0,1,0,1,0
familie-ba-sak 10110,no.nav.familie.ba.sak.kjerne.beregning,BeregningService,835,69,84,0,130,13,64,1,22,1
familie-ba-sak 10110,no.nav.familie.ba.sak.kjerne.beregning,AndelTilkjentYtelseTidslinjeUtilKt.tilTidslinjeForSøkersYtelse.3.new Function0() {...},23,0,0,0,1,0,1,0,1,0
familie-ba-sak 10110,no.nav.familie.ba.sak.kjerne.beregning,SmåbarnstilleggUtilsKt.lagTidslinjeForPerioderMedBarnSomGirRettTilSmåbarnstillegg.new Function1() {...},6,0,0,0,1,0,1,0,1,0
familie-ba-sak 10110,no.nav.familie.ba.sak.kjerne.beregning,BeregningService.genererOgLagreTilkjentYtelse.tilkjentYtelse.new Function1() {...},17,0,0,0,4,0,1,0,1,0
familie-ba-sak 10110,no.nav.familie.ba.sak.kjerne.beregning,SmåbarnstilleggBarnetrygdGenerator,97,0,6,0,21,0,8,0,5,0
familie-ba-sak 10110,no.nav.familie.ba.sak.kjerne.beregning,UtvidetBarnetrygdUtil.finnPerioderBarnaBorMedSøker.1.new Function1() {...},28,0,4,0,4,0,3,0,1,0
familie-ba-sak 10110,no.nav.familie.ba.sak.kjerne.beregning,AndelTilkjentYtelseTidslinjeUtilKt,384,0,16,0,61,0,19,0,11,0
familie-ba-sak 10110,no.nav.familie.ba.sak.kjerne.beregning,UtvidetBarnetrygdGenerator.lagUtvidetBarnetrygdAndeler.barnasAndelerFiltrertForPerioderBarnaBorMedSøker.new Function2() {...},9,0,2,0,3,0,2,0,1,0
familie-ba-sak 10110,no.nav.familie.ba.sak.kjerne.beregning,AndelTilkjentYtelseForTidslinje,74,0,0,0,9,0,9,0,9,0
familie-ba-sak 10110,no.nav.familie.ba.sak.kjerne.beregning,OrdinærBarnetrygdUtil.kombinerSøkerMedHvertBarnSinTidslinje.1.new Function2() {...},9,0,4,0,3,0,3,0,1,0
familie-ba-sak 10110,no.nav.familie.ba.sak.kjerne.beregning,VedtaksperiodefinnerSmåbarnstilleggFeil,56,0,0,0,10,0,5,0,5,0
familie-ba-sak 10110,no.nav.familie.ba.sak.kjerne.beregning,TilkjentYtelseValidering.lagErOver100ProsentUtbetalingPåYtelseTidslinje.erOver100ProsentTidslinje.new Function1() {...},14,0,4,0,1,0,3,0,1,0
familie-ba-sak 10110,no.nav.familie.ba.sak.kjerne.beregning,SatsService,621,0,28,0,37,0,22,0,8,0
familie-ba-sak 10110,no.nav.familie.ba.sak.kjerne.beregning,BeregnetAndel,51,0,0,0,7,0,7,0,7,0
familie-ba-sak 10110,no.nav.familie.ba.sak.kjerne.beregning,OrdinærBarnetrygdUtil.SatsProsent,18,0,0,0,3,0,3,0,3,0
familie-ba-sak 10110,no.nav.familie.ba.sak.kjerne.tidslinje,Tidslinje.toString.new Function1() {...},7,0,0,0,1,0,1,0,1,0
familie-ba-sak 10110,no.nav.familie.ba.sak.kjerne.tidslinje,TidslinjeKt,19,0,0,0,3,0,2,0,2,0
familie-ba-sak 10110,no.nav.familie.ba.sak.kjerne.tidslinje,Tidslinje.Companion.TidslinjeFeilType,31,0,0,0,4,0,1,0,1,0
familie-ba-sak 10110,no.nav.familie.ba.sak.kjerne.tidslinje,Tidslinje.perioder..inlined.sortedBy.new Comparator() {...},15,0,0,0,1,0,1,0,1,0
familie-ba-sak 10110,no.nav.familie.ba.sak.kjerne.tidslinje,Periode,57,0,0,0,7,0,7,0,7,0
familie-ba-sak 10110,no.nav.familie.ba.sak.kjerne.tidslinje,Tidslinje.Companion.TidslinjeFeil,30,0,0,0,4,0,4,0,4,0
familie-ba-sak 10110,no.nav.familie.ba.sak.kjerne.tidslinje,TidslinjeKt.tilTidslinje.new Function0() {...},4,0,0,0,1,0,1,0,1,0
familie-ba-sak 10110,no.nav.familie.ba.sak.kjerne.tidslinje,PeriodeKt,93,0,0,0,6,0,6,0,6,0
familie-ba-sak 10110,no.nav.familie.ba.sak.kjerne.tidslinje,Tidslinje,125,0,10,0,21,0,10,0,5,0
familie-ba-sak 10110,no.nav.familie.ba.sak.kjerne.tidslinje,Tidslinje.Companion.TidslinjeFeilException,14,0,0,0,2,0,2,0,2,0
familie-ba-sak 10110,no.nav.familie.ba.sak.kjerne.tidslinje,TidslinjeKt.tidslinje.new Tidslinje() {...},11,0,0,0,2,0,2,0,2,0
familie-ba-sak 10110,no.nav.familie.ba.sak.kjerne.tidslinje,TidsromKt,290,0,46,0,42,0,34,0,11,0
familie-ba-sak 10110,no.nav.familie.ba.sak.kjerne.tidslinje,Tidslinje.valider.feilMellomPåfølgendePerioder.new Function1() {...},60,0,6,0,18,0,4,0,1,0
familie-ba-sak 10110,no.nav.familie.ba.sak.kjerne.klage,KlageClient.hentKlagebehandlinger.lambda.1..inlined.getForEntity.default.new Function0() {...},23,0,0,0,1,0,1,0,1,0
familie-ba-sak 10110,no.nav.familie.ba.sak.kjerne.klage,KlageUtilsKt,54,0,8,0,7,0,5,0,1,0
familie-ba-sak 10110,no.nav.familie.ba.sak.kjerne.klage,KlageClient,84,14,0,0,17,3,2,1,2,1
familie-ba-sak 10110,no.nav.familie.ba.sak.kjerne.klage,KlageClient.hentKlagebehandlinger.lambda.1..inlined.getForEntity.default.1.new ParameterizedTypeReference() {...},3,0,0,0,1,0,1,0,1,0
familie-ba-sak 10110,no.nav.familie.ba.sak.kjerne.klage,KlageController,19,30,0,0,3,14,0,3,0,3
familie-ba-sak 10110,no.nav.familie.ba.sak.kjerne.klage,KlageClient.opprettKlage.lambda.0..inlined.postForEntity.default.new Function0() {...},24,0,0,0,1,0,1,0,1,0
familie-ba-sak 10110,no.nav.familie.ba.sak.kjerne.klage,KanIkkeOppretteRevurdering,12,0,0,0,1,0,2,0,2,0
familie-ba-sak 10110,no.nav.familie.ba.sak.kjerne.klage,Årsak,40,0,0,0,5,0,4,0,4,0
familie-ba-sak 10110,no.nav.familie.ba.sak.kjerne.klage,KlageService,361,50,18,0,73,10,18,1,9,1
familie-ba-sak 10110,no.nav.familie.ba.sak.kjerne.klage,KlageClient.opprettKlage.lambda.0..inlined.postForEntity.default.1.new ParameterizedTypeReference() {...},3,0,0,0,1,0,1,0,1,0
familie-ba-sak 10110,no.nav.familie.ba.sak.kjerne.grunnlag.personopplysninger.bostedsadresse,GrBostedsadresse.Companion,142,0,22,0,20,0,15,0,4,0
familie-ba-sak 10110,no.nav.familie.ba.sak.kjerne.grunnlag.personopplysninger.bostedsadresse,GrVegadresse,213,0,30,0,48,0,30,0,15,0
familie-ba-sak 10110,no.nav.familie.ba.sak.kjerne.grunnlag.personopplysninger.bostedsadresse,GrUkjentBosted,42,0,0,0,8,0,6,0,6,0
familie-ba-sak 10110,no.nav.familie.ba.sak.kjerne.grunnlag.personopplysninger.bostedsadresse,GrMatrikkeladresse,129,0,12,0,32,0,18,0,12,0
familie-ba-sak 10110,no.nav.familie.ba.sak.kjerne.grunnlag.personopplysninger.bostedsadresse,GrUkjentBosted.Companion,9,0,0,0,1,0,1,0,1,0
familie-ba-sak 10110,no.nav.familie.ba.sak.kjerne.grunnlag.personopplysninger.bostedsadresse,GrMatrikkeladresse.Companion,17,0,0,0,7,0,1,0,1,0
familie-ba-sak 10110,no.nav.familie.ba.sak.kjerne.grunnlag.personopplysninger.bostedsadresse,GrBostedsadresse,151,11,18,0,21,1,20,1,11,1
familie-ba-sak 10110,no.nav.familie.ba.sak.kjerne.grunnlag.personopplysninger.bostedsadresse,GrBostedsadresse.Companion.sisteAdresse..inlined.sortedBy.new Comparator() {...},15,0,0,0,1,0,1,0,1,0
familie-ba-sak 10110,no.nav.familie.ba.sak.kjerne.grunnlag.personopplysninger.bostedsadresse,GrVegadresse.Companion,23,0,0,0,10,0,1,0,1,0
familie-ba-sak 10110,no.nav.familie.ba.sak.kjerne.grunnlag.personopplysninger.bostedsadresse,GrBostedsadresseperiode,6,24,0,0,0,6,2,2,2,2
familie-ba-sak 10110,no.nav.familie.ba.sak.kjerne.grunnlag.personopplysninger.bostedsadresse,GrBostedsadresseKt,102,0,26,0,10,0,15,0,2,0
familie-ba-sak 10110,no.nav.familie.ba.sak.kjerne.metrikker,TeamStatistikkService.Companion,2,0,0,0,1,0,1,0,1,0
familie-ba-sak 10110,no.nav.familie.ba.sak.kjerne.metrikker,TeamStatistikkService,439,74,30,0,88,10,27,2,12,2
familie-ba-sak 10110,no.nav.familie.ba.sak.kjerne.behandling,BehandlingStegController,290,67,8,0,52,25,7,8,3,8
familie-ba-sak 10110,no.nav.familie.ba.sak.kjerne.behandling,SettPåMaskinellVentÅrsak,25,0,0,0,2,0,3,0,3,0
familie-ba-sak 10110,no.nav.familie.ba.sak.kjerne.behandling,BehandlingMetrikker.Companion,2,0,0,0,1,0,1,0,1,0
familie-ba-sak 10110,no.nav.familie.ba.sak.kjerne.behandling,ValiderBrevmottakerService,130,21,20,0,19,5,12,1,2,1
familie-ba-sak 10110,no.nav.familie.ba.sak.kjerne.behandling,NyBehandling,223,0,14,0,32,0,21,0,14,0
familie-ba-sak 10110,no.nav.familie.ba.sak.kjerne.behandling,AutomatiskBeslutningService.behandlingSkalAutomatiskBesluttes.harMigreringsbehandlingManuellePosteringer.new Function0() {...},8,0,0,0,1,0,1,0,1,0
familie-ba-sak 10110,no.nav.familie.ba.sak.kjerne.behandling,Søknadsinfo,27,0,0,0,4,0,4,0,4,0
familie-ba-sak 10110,no.nav.familie.ba.sak.kjerne.behandling,AutomatiskBeslutningService.behandlingSkalAutomatiskBesluttes.harMigreringsbehandlingAvvikInnenforbeløpsgrenser.new Function0() {...},8,0,0,0,1,0,1,0,1,0
familie-ba-sak 10110,no.nav.familie.ba.sak.kjerne.behandling,BehandlingMetrikker,292,218,28,0,57,40,20,4,6,4
familie-ba-sak 10110,no.nav.familie.ba.sak.kjerne.behandling,BehandlingService,732,105,62,0,142,18,48,2,17,2
familie-ba-sak 10110,no.nav.familie.ba.sak.kjerne.behandling,UtvidetBehandlingService.lagRestUtvidetBehandling..inlined.sortedByDescending.new Comparator() {...},15,0,0,0,1,0,1,0,1,0
familie-ba-sak 10110,no.nav.familie.ba.sak.kjerne.behandling,UtvidetBehandlingService,384,135,28,0,63,24,15,1,1,1
familie-ba-sak 10110,no.nav.familie.ba.sak.kjerne.behandling,BehandlingController,157,45,0,0,45,9,4,1,4,1
familie-ba-sak 10110,no.nav.familie.ba.sak.kjerne.behandling,BehandlingErIkkeAvsluttetException,17,0,0,0,2,0,2,0,2,0
familie-ba-sak 10110,no.nav.familie.ba.sak.kjerne.behandling,NyBehandlingHendelse,3,18,0,0,0,3,1,2,1,2
familie-ba-sak 10110,no.nav.familie.ba.sak.kjerne.behandling,HenleggÅrsak,18,43,4,0,6,5,5,2,2,2
familie-ba-sak 10110,no.nav.familie.ba.sak.kjerne.behandling,RestHenleggBehandlingInfo,21,0,0,0,3,0,3,0,3,0
familie-ba-sak 10110,no.nav.familie.ba.sak.kjerne.behandling,SnikeIKøenService,221,32,30,0,42,7,21,1,6,1
familie-ba-sak 10110,no.nav.familie.ba.sak.kjerne.behandling,BehandlingHentOgPersisterService,276,57,15,1,33,11,29,5,21,5
familie-ba-sak 10110,no.nav.familie.ba.sak.kjerne.behandling,UtvidetBehandlingController,21,15,0,0,5,4,1,1,1,1
familie-ba-sak 10110,no.nav.familie.ba.sak.kjerne.behandling,Behandlingutils,212,0,26,0,25,0,20,0,7,0
familie-ba-sak 10110,no.nav.familie.ba.sak.kjerne.behandling,AutomatiskBeslutningService,49,9,8,0,3,2,7,1,3,1
familie-ba-sak 10110,no.nav.familie.ba.sak.kjerne.behandling,RestEndreBehandlingstema,21,0,0,0,3,0,3,0,3,0
familie-ba-sak 10110,no.nav.familie.ba.sak.kjerne.steg.domene,MottakerInfo,54,0,0,0,7,0,7,0,7,0
familie-ba-sak 10110,no.nav.familie.ba.sak.kjerne.steg.domene,ManuellAdresseInfo,58,0,0,0,7,0,7,0,7,0
familie-ba-sak 10110,no.nav.familie.ba.sak.kjerne.steg.domene,JournalførVedtaksbrevDTO,18,0,0,0,1,0,3,0,3,0
familie-ba-sak 10110,no.nav.familie.ba.sak.kjerne.steg.domene,JournalførVedtaksbrevDTOKt,6,0,0,0,1,0,1,0,1,0
familie-ba-sak 10110,no.nav.familie.ba.sak.kjerne.eøs.vilkårsvurdering,EndretUtbetalingAndelTidslinjeServiceKt.tilBarnasSkalIkkeUtbetalesTidslinjer.6.new Function0() {...},4,0,0,0,1,0,1,0,1,0
familie-ba-sak 10110,no.nav.familie.ba.sak.kjerne.eøs.vilkårsvurdering,VilkårsresultatMånedTidslinjeKt,8,0,0,0,3,0,1,0,1,0
familie-ba-sak 10110,no.nav.familie.ba.sak.kjerne.eøs.vilkårsvurdering,RegelverkKombinatorerKt,172,0,28,0,27,0,15,0,1,0
familie-ba-sak 10110,no.nav.familie.ba.sak.kjerne.eøs.vilkårsvurdering,EndretUtbetalingAndelTidslinjeServiceKt.tilBarnasSkalIkkeUtbetalesTidslinjer.5.1.new Function1() {...},6,0,0,0,1,0,1,0,1,0
familie-ba-sak 10110,no.nav.familie.ba.sak.kjerne.eøs.vilkårsvurdering,VilkårsvurderingTidslinjer,149,0,0,0,24,0,5,0,5,0
familie-ba-sak 10110,no.nav.familie.ba.sak.kjerne.eøs.vilkårsvurdering,VilkårsvurderingTidslinjeService,76,21,0,0,16,5,3,1,3,1
familie-ba-sak 10110,no.nav.familie.ba.sak.kjerne.eøs.vilkårsvurdering,VilkårsvurderingTidslinjer.SøkersTidslinjer,60,0,2,0,5,0,4,0,3,0
familie-ba-sak 10110,no.nav.familie.ba.sak.kjerne.eøs.vilkårsvurdering,VilkårsvurderingTidslinjer.SøkersTidslinjer.regelverkResultatTidslinje.new Function1() {...},11,0,0,0,5,0,1,0,1,0
familie-ba-sak 10110,no.nav.familie.ba.sak.kjerne.eøs.vilkårsvurdering,VilkårsvurderingTidslinjer.BarnetsTidslinjer.regelverkResultatTidslinje.new Function2() {...},6,0,0,0,3,0,1,0,1,0
familie-ba-sak 10110,no.nav.familie.ba.sak.kjerne.eøs.vilkårsvurdering,VilkårsvurderingTidslinjer.BarnetsTidslinjer.egetRegelverkResultatTidslinje.new Function1() {...},11,0,0,0,5,0,1,0,1,0
familie-ba-sak 10110,no.nav.familie.ba.sak.kjerne.eøs.vilkårsvurdering,EndretUtbetalingAndelTidslinjeServiceKt,144,0,14,0,12,0,9,0,2,0
familie-ba-sak 10110,no.nav.familie.ba.sak.kjerne.eøs.vilkårsvurdering,KombinertRegelverkResultat,25,0,0,0,5,0,5,0,5,0
familie-ba-sak 10110,no.nav.familie.ba.sak.kjerne.eøs.vilkårsvurdering,EndretUtbetalingAndelTidslinjeService,14,9,0,0,3,3,2,1,2,1
familie-ba-sak 10110,no.nav.familie.ba.sak.kjerne.eøs.vilkårsvurdering,VilkårsvurderingTidslinjer.BarnetsTidslinjer,95,0,2,0,13,0,6,0,5,0
familie-ba-sak 10110,no.nav.familie.ba.sak.kjerne.eøs.vilkårsvurdering,VilkårsresultatDagTidslinjeKt,44,0,0,0,11,0,2,0,2,0
familie-ba-sak 10110,no.nav.familie.ba.sak.kjerne.eøs.vilkårsvurdering,VilkårRegelverkResultatKt,215,0,71,0,53,0,56,0,4,0
familie-ba-sak 10110,no.nav.familie.ba.sak.kjerne.eøs.vilkårsvurdering,VilkårsresultatMånedTidslinjeKt.tilMånedsbasertTidslinjeForVilkårRegelverkResultat.new Function2() {...},16,0,4,0,1,0,3,0,1,0
familie-ba-sak 10110,no.nav.familie.ba.sak.kjerne.eøs.vilkårsvurdering,VilkårRegelverkResultat,49,0,0,0,7,0,7,0,7,0
familie-ba-sak 10110,no.nav.familie.ba.sak.kjerne.eøs.vilkårsvurdering,RegelverkResultat,6,66,0,0,0,7,2,2,2,2
familie-ba-sak 10110,no.nav.familie.ba.sak.kjerne.eøs.vilkårsvurdering,VilkårsvurderingTidslinjerKt,35,0,2,0,3,0,3,0,2,0
familie-ba-sak 10110,no.nav.familie.ba.sak.kjerne.eøs.vilkårsvurdering,VilkårsresultatDagTidslinjeKt.tilVilkårRegelverkResultatTidslinje.new Function0() {...},15,0,0,0,2,0,1,0,1,0
familie-ba-sak 10110,no.nav.familie.ba.sak.kjerne.eøs.vilkårsvurdering,VilkårsvurderingTidslinjeService.hentAnnenForelderOmfattetAvNorskLovgivningTidslinje.erAnnenForelderOmfattetAvNorskLovgivingTidslinje.new Function1() {...},13,0,4,0,1,0,3,0,1,0
familie-ba-sak 10110,no.nav.familie.ba.sak.kjerne.autovedtak.småbarnstillegg,AutovedtakSmåbarnstilleggService,228,210,12,0,76,28,10,2,4,2
familie-ba-sak 10110,no.nav.familie.ba.sak.kjerne.autovedtak.småbarnstillegg,RestartAvSmåbarnstilleggService.finnAlleFagsakerMedRestartetSmåbarnstilleggIMåned.new Function1() {...},10,0,0,0,1,0,1,0,1,0
familie-ba-sak 10110,no.nav.familie.ba.sak.kjerne.autovedtak.småbarnstillegg,VedtakOmOvergangsstønadController,16,9,0,0,2,2,1,1,1,1
familie-ba-sak 10110,no.nav.familie.ba.sak.kjerne.autovedtak.småbarnstillegg,AutovedtakSmåbarnstilleggService.Companion,2,0,0,0,1,0,1,0,1,0
familie-ba-sak 10110,no.nav.familie.ba.sak.kjerne.autovedtak.småbarnstillegg,RestartAvSmåbarnstilleggService,217,54,18,0,53,10,15,2,6,2
familie-ba-sak 10110,no.nav.familie.ba.sak.kjerne.autovedtak.småbarnstillegg,AutovedtakSmåbarnstilleggService.TilManuellBehandlingÅrsak,0,32,0,0,0,3,0,3,0,3
familie-ba-sak 10110,no.nav.familie.ba.sak.kjerne.eøs.valutakurs,Valutakurs.Companion,2,0,0,0,1,0,1,0,1,0
familie-ba-sak 10110,no.nav.familie.ba.sak.kjerne.eøs.valutakurs,Valutakurs,59,69,0,0,14,13,12,3,12,3
familie-ba-sak 10110,no.nav.familie.ba.sak.kjerne.eøs.valutakurs,ValutakursController,172,33,18,0,28,7,14,1,5,1
familie-ba-sak 10110,no.nav.familie.ba.sak.kjerne.eøs.valutakurs,ValutakursService,51,16,0,0,5,5,6,1,6,1
familie-ba-sak 10110,no.nav.familie.ba.sak.kjerne.simulering,SimuleringController,25,21,0,0,6,5,1,1,1,1
familie-ba-sak 10110,no.nav.familie.ba.sak.kjerne.simulering,KontrollerNyUtbetalingsgeneratorService.validerAtSimuleringsPerioderGammelHarResultatLikSimuleringsPerioderNyEtterFomTilNy.new Function1() {...},32,0,4,0,1,0,3,0,1,0
familie-ba-sak 10110,no.nav.familie.ba.sak.kjerne.simulering,KontrollerNyUtbetalingsgeneratorService.validerAtSimuleringsPerioderGammelHarResultatLikSimuleringsPerioderNyEtterFomTilNy.månederMedUliktResultat.new Function2() {...},22,0,6,0,4,0,4,0,1,0
familie-ba-sak 10110,no.nav.familie.ba.sak.kjerne.simulering,KontrollerNyUtbetalingsgeneratorService.loggSimuleringsPerioderMedDiff.new Function1() {...},12,0,0,0,1,0,1,0,1,0
familie-ba-sak 10110,no.nav.familie.ba.sak.kjerne.simulering,KontrollerNyUtbetalingsgeneratorService.loggSimuleringsPerioderMedDiff.new Function1() {...},12,0,0,0,1,0,1,0,1,0
familie-ba-sak 10110,no.nav.familie.ba.sak.kjerne.simulering,KontrollerNyUtbetalingsgeneratorService.validerAtSimuleringsPerioderGammelHarResultatLik0ForPerioderFørSimuleringsPerioderNy.new Function1() {...},7,0,0,0,1,0,1,0,1,0
familie-ba-sak 10110,no.nav.familie.ba.sak.kjerne.simulering,SimuleringUtilKt,1457,0,164,0,161,0,103,0,21,0
familie-ba-sak 10110,no.nav.familie.ba.sak.kjerne.simulering,KontrollerNyUtbetalingsgeneratorService.KombinertSimuleringsResultat,21,0,0,0,4,0,4,0,4,0
familie-ba-sak 10110,no.nav.familie.ba.sak.kjerne.simulering,KontrollerNyUtbetalingsgeneratorService.tilSorterteSimuleringsPerioder..inlined.sortedBy.new Comparator() {...},15,0,0,0,1,0,1,0,1,0
familie-ba-sak 10110,no.nav.familie.ba.sak.kjerne.simulering,DiffFeilType,43,0,0,0,6,0,1,0,1,0
familie-ba-sak 10110,no.nav.familie.ba.sak.kjerne.simulering,SimuleringService.Companion,2,0,0,0,1,0,1,0,1,0
familie-ba-sak 10110,no.nav.familie.ba.sak.kjerne.simulering,KontrollerNyUtbetalingsgeneratorService,600,27,56,0,123,6,38,1,10,1
familie-ba-sak 10110,no.nav.familie.ba.sak.kjerne.simulering,SimuleringService,556,87,72,0,106,15,57,2,21,2
familie-ba-sak 10110,no.nav.familie.ba.sak.kjerne.brev.domene.maler.brevperioder,VarselbrevMedÅrsakerOgBarn,64,0,0,0,16,0,4,0,4,0
familie-ba-sak 10110,no.nav.familie.ba.sak.kjerne.brev.domene.maler.brevperioder,VarselbrevMedÅrsakerOgBarnData,21,0,0,0,3,0,3,0,3,0
familie-ba-sak 10110,no.nav.familie.ba.sak.kjerne.brev.domene.maler.brevperioder,VarselbrevMedÅrsakerOgBarnData.Flettefelter,77,0,0,0,13,0,8,0,8,0
familie-ba-sak 10110,no.nav.familie.ba.sak.kjerne.brev.domene.maler.brevperioder,BrevPeriode,97,0,0,0,19,0,10,0,10,0
familie-ba-sak 10110,no.nav.familie.ba.sak.kjerne.brev.domene.maler.brevperioder,VarselbrevMedÅrsakerOgBarnData.DelmalData,12,0,0,0,2,0,2,0,2,0
familie-ba-sak 10110,no.nav.familie.ba.sak.common.http.interceptor,RolletilgangInterceptor,0,74,0,6,0,11,0,6,0,3
familie-ba-sak 10110,no.nav.familie.ba.sak.kjerne.vedtak.vedtaksperiode.domene,UtvidetVedtaksperiodeMedBegrunnelserKt.sorter.new Function1() {...},9,0,0,0,1,0,1,0,1,0
familie-ba-sak 10110,no.nav.familie.ba.sak.kjerne.vedtak.vedtaksperiode.domene,UtvidetVedtaksperiodeMedBegrunnelserKt.sorter.new Function1() {...},7,0,0,0,1,0,1,0,1,0
familie-ba-sak 10110,no.nav.familie.ba.sak.kjerne.vedtak.vedtaksperiode.domene,UtvidetVedtaksperiodeMedBegrunnelserKt,194,0,2,0,30,0,4,0,3,0
familie-ba-sak 10110,no.nav.familie.ba.sak.kjerne.vedtak.vedtaksperiode.domene,UtvidetVedtaksperiodeMedBegrunnelser,102,0,0,0,11,0,11,0,11,0
familie-ba-sak 10110,no.nav.familie.ba.sak.kjerne.vedtak.vedtaksperiode.domene,UtvidetVedtaksperiodeMedBegrunnelserKt.tilUtvidetVedtaksperiodeMedBegrunnelser..inlined.sortedBy.new Comparator() {...},15,0,0,0,1,0,1,0,1,0
familie-ba-sak 10110,no.nav.familie.ba.sak.kjerne.vedtak.vedtaksperiode.domene,RestUtvidetVedtaksperiodeMedBegrunnelser,87,0,0,0,10,0,10,0,10,0
familie-ba-sak 10110,no.nav.familie.ba.sak.kjerne.vedtak.vedtaksperiode.domene,RestVedtaksbegrunnelse,30,0,0,0,4,0,4,0,4,0
familie-ba-sak 10110,no.nav.familie.ba.sak.kjerne.vedtak.vedtaksperiode.domene,RestUtvidetVedtaksperiodeMedBegrunnelserKt,67,0,0,0,9,0,1,0,1,0
familie-ba-sak 10110,no.nav.familie.ba.sak.kjerne.arbeidsfordeling.domene,ArbeidsfordelingPåBehandling,91,0,0,0,15,0,12,0,12,0
familie-ba-sak 10110,no.nav.familie.ba.sak.config.featureToggle,FeatureToggleProperties,0,18,0,0,0,4,0,3,0,3
familie-ba-sak 10110,no.nav.familie.ba.sak.config.featureToggle,DummyFeatureToggleService,2,40,1,1,1,6,1,3,0,3
familie-ba-sak 10110,no.nav.familie.ba.sak.config.featureToggle,ByAnsvarligSaksbehandler,31,0,4,0,4,0,5,0,3,0
familie-ba-sak 10110,no.nav.familie.ba.sak.config.featureToggle,FeatureToggleInitializer,8,44,2,2,1,10,2,3,0,3
familie-ba-sak 10110,no.nav.familie.ba.sak.config.featureToggle,UnleashFeatureToggleService,77,0,0,0,18,0,5,0,5,0
familie-ba-sak 10110,no.nav.familie.ba.sak.config.featureToggle,ByClusterStrategy,37,0,4,0,4,0,5,0,3,0
familie-ba-sak 10110,no.nav.familie.ba.sak.config.featureToggle,FeatureToggleProperties.Unleash,6,24,0,0,0,4,2,2,2,2
familie-ba-sak 10110,no.nav.familie.ba.sak.config.featureToggle,FeatureToggleController,0,36,0,0,0,7,0,2,0,2
familie-ba-sak 10110,no.nav.familie.ba.sak.integrasjoner.oppgave.domene,DataForManuellJournalføring,30,0,0,0,5,0,5,0,5,0
familie-ba-sak 10110,no.nav.familie.ba.sak.integrasjoner.oppgave.domene,RestFinnOppgaveRequest,66,285,3,9,0,37,19,6,16,3
familie-ba-sak 10110,no.nav.familie.ba.sak.integrasjoner.oppgave.domene,DbOppgave,82,0,0,0,15,0,9,0,9,0
familie-ba-sak 10110,no.nav.familie.ba.sak.kjerne.vedtak.vedtaksperiode.vedtakBegrunnelseProdusent,BegrunnelseGrunnlagForPeriodeMedReduksjonPåTversAvBehandlinger,55,0,8,0,6,0,9,0,5,0
familie-ba-sak 10110,no.nav.familie.ba.sak.kjerne.vedtak.vedtaksperiode.vedtakBegrunnelseProdusent,BegrunnelseGrunnlagForPersonIPeriodeKt.lagBegrunnelseGrunnlagForPersonTidslinje.kompetanseTidslinje.new Function1() {...},8,0,0,0,1,0,1,0,1,0
familie-ba-sak 10110,no.nav.familie.ba.sak.kjerne.vedtak.vedtaksperiode.vedtakBegrunnelseProdusent,VedtakBegrunnelseProdusentKt.tilForrigeOgNåværendePeriodeTidslinje.grunnlagPerioderSplittetPåVedtaksperiode.new Function1() {...},9,0,2,0,1,0,2,0,1,0
familie-ba-sak 10110,no.nav.familie.ba.sak.kjerne.vedtak.vedtaksperiode.vedtakBegrunnelseProdusent,VedtakBegrunnelseProdusentKt.tilForrigeOgNåværendePeriodeTidslinje.grunnlagPerioderSplittetPåVedtaksperiode.new Function2() {...},6,0,0,0,1,0,1,0,1,0
familie-ba-sak 10110,no.nav.familie.ba.sak.kjerne.vedtak.vedtaksperiode.vedtakBegrunnelseProdusent,IBegrunnelseGrunnlagForPeriode.Companion,67,0,11,0,11,0,7,0,1,0
familie-ba-sak 10110,no.nav.familie.ba.sak.kjerne.vedtak.vedtaksperiode.vedtakBegrunnelseProdusent,BegrunnelseGrunnlagForPeriode,24,0,0,0,4,0,4,0,4,0
familie-ba-sak 10110,no.nav.familie.ba.sak.kjerne.vedtak.vedtaksperiode.vedtakBegrunnelseProdusent,BegrunnelseGrunnlagForPersonIPeriodeKt.lagBegrunnelseGrunnlagForPersonTidslinje.new Function2() {...},18,0,2,0,1,0,2,0,1,0
familie-ba-sak 10110,no.nav.familie.ba.sak.kjerne.vedtak.vedtaksperiode.vedtakBegrunnelseProdusent,BegrunnelseGrunnlagForPersonIPeriodeKt.lagBegrunnelseGrunnlagForPersonTidslinje.new Function2() {...},18,0,2,0,1,0,2,0,1,0
familie-ba-sak 10110,no.nav.familie.ba.sak.kjerne.vedtak.vedtaksperiode.vedtakBegrunnelseProdusent,BegrunnelseGrunnlagForPersonIPeriodeKt.lagBegrunnelseGrunnlagForPersonTidslinje.new Function2() {...},31,0,4,0,5,0,3,0,1,0
familie-ba-sak 10110,no.nav.familie.ba.sak.kjerne.vedtak.vedtaksperiode.vedtakBegrunnelseProdusent,BegrunnelseGrunnlagForPersonIPeriodeKt.lagBegrunnelseGrunnlagForPersonTidslinje.new Function2() {...},18,0,2,0,1,0,2,0,1,0
familie-ba-sak 10110,no.nav.familie.ba.sak.kjerne.vedtak.vedtaksperiode.vedtakBegrunnelseProdusent,VedtakBegrunnelseProdusentKt,2119,0,428,0,353,0,262,0,45,0
familie-ba-sak 10110,no.nav.familie.ba.sak.kjerne.vedtak.vedtaksperiode.vedtakBegrunnelseProdusent,FortsattInnvilgetFilterKt,145,0,6,0,21,0,4,0,1,0
familie-ba-sak 10110,no.nav.familie.ba.sak.kjerne.vedtak.vedtaksperiode.vedtakBegrunnelseProdusent,VedtakBegrunnelseProdusentKt.hentAvslagsbegrunnelserPerPerson.1.new Function2() {...},14,0,4,0,1,0,3,0,1,0
familie-ba-sak 10110,no.nav.familie.ba.sak.kjerne.vedtak.vedtaksperiode.vedtakBegrunnelseProdusent,BegrunnelseGrunnlagForPersonIPeriodeKt.lagBegrunnelseGrunnlagForPersonTidslinje.forskjøvedeVilkårResultaterForPerson.new Function1() {...},5,0,0,0,1,0,1,0,1,0
familie-ba-sak 10110,no.nav.familie.ba.sak.kjerne.vedtak.vedtaksperiode.vedtakBegrunnelseProdusent,BegrunnelseGrunnlagForPersonIPeriodeKt.lagBegrunnelseGrunnlagForPersonTidslinje.forskjøvedeVilkårResultaterForPerson.3.new Function1() {...},12,0,2,0,1,0,2,0,1,0
familie-ba-sak 10110,no.nav.familie.ba.sak.kjerne.vedtak.vedtaksperiode.vedtakBegrunnelseProdusent,ForrigeOgDennePerioden,15,0,0,0,3,0,3,0,3,0
familie-ba-sak 10110,no.nav.familie.ba.sak.kjerne.vedtak.vedtaksperiode.vedtakBegrunnelseProdusent,BegrunnelseGrunnlagForPersonIPeriodeKt,132,0,2,0,23,0,3,0,2,0
familie-ba-sak 10110,no.nav.familie.ba.sak.kjerne.vedtak.vedtaksperiode.vedtakBegrunnelseProdusent,BegrunnelseGrunnlagForPersonIPeriodeKt.lagBegrunnelseGrunnlagForPersonTidslinje.endredeUtbetalingerTidslinje.new Function1() {...},8,0,0,0,1,0,1,0,1,0
familie-ba-sak 10110,no.nav.familie.ba.sak.kjerne.vedtak.vedtaksperiode.vedtakBegrunnelseProdusent,VedtakBegrunnelseProdusentKt.lagTidslinjeGrunnlagDennePeriodenForrigePeriodeOgPeriodeForrigeBehandling.new Function3() {...},33,0,8,0,8,0,5,0,1,0
familie-ba-sak 10110,no.nav.familie.ba.sak.kjerne.vedtak.vedtaksperiode.vedtakBegrunnelseProdusent,VedtakBegrunnelseProdusentKt.hentAvslagsbegrunnelserPerPerson.1.avslagsbegrunnelserTisdlinje.new Function1() {...},10,0,0,0,1,0,1,0,1,0
familie-ba-sak 10110,no.nav.familie.ba.sak.kjerne.vedtak.vedtaksperiode.vedtakBegrunnelseProdusent,BegrunnelseGrunnlagForPeriodeMedOpphør,55,0,8,0,6,0,9,0,5,0
familie-ba-sak 10110,no.nav.familie.ba.sak.kjerne.vedtak.vedtaksperiode.vedtakBegrunnelseProdusent,VilkårFilterUtilKt,417,0,65,0,69,0,45,0,9,0
familie-ba-sak 10110,no.nav.familie.ba.sak.kjerne.vedtak.vedtaksperiode.vedtakBegrunnelseProdusent,BegrunnelseGrunnlagForPersonIPeriode,141,0,18,0,15,0,19,0,10,0
familie-ba-sak 10110,no.nav.familie.ba.sak.kjerne.vedtak.vedtaksperiode.vedtakBegrunnelseProdusent,BegrunnelseGrunnlagForPersonIPeriode.Companion,17,0,0,0,1,0,1,0,1,0
familie-ba-sak 10110,no.nav.familie.ba.sak.kjerne.vedtak.begrunnelser.domene,EØSBegrunnelse,70,0,0,0,18,0,7,0,7,0
familie-ba-sak 10110,no.nav.familie.ba.sak.kjerne.vedtak.begrunnelser.domene,MinimertPerson,73,0,0,0,13,0,9,0,9,0
familie-ba-sak 10110,no.nav.familie.ba.sak.kjerne.vedtak.begrunnelser.domene,MinimertVedtaksperiodeKt,38,0,0,0,6,0,1,0,1,0
familie-ba-sak 10110,no.nav.familie.ba.sak.kjerne.vedtak.begrunnelser.domene,MinimertPerson.erDød.new Function0() {...},9,0,2,0,1,0,2,0,1,0
familie-ba-sak 10110,no.nav.familie.ba.sak.kjerne.vedtak.begrunnelser.domene,MinimertPersonKt,65,0,6,0,14,0,6,0,3,0
familie-ba-sak 10110,no.nav.familie.ba.sak.kjerne.vedtak.begrunnelser.domene,MinimertVedtaksperiode,72,0,4,0,12,0,9,0,7,0
familie-ba-sak 10110,no.nav.familie.ba.sak.kjerne.korrigertetterbetaling,KorrigertEtterbetalingService,79,15,4,0,12,4,6,1,4,1
familie-ba-sak 10110,no.nav.familie.ba.sak.kjerne.korrigertetterbetaling,KorrigertEtterbetalingÅrsak,3,43,0,0,0,5,1,2,1,2
familie-ba-sak 10110,no.nav.familie.ba.sak.kjerne.korrigertetterbetaling,KorrigertEtterbetalingRequest,24,0,0,0,4,0,4,0,4,0
familie-ba-sak 10110,no.nav.familie.ba.sak.kjerne.korrigertetterbetaling,KorrigertEtterbetaling,63,0,0,0,14,0,9,0,9,0
familie-ba-sak 10110,no.nav.familie.ba.sak.kjerne.korrigertetterbetaling,KorrigertEtterbetalingController,107,27,0,0,24,6,3,1,3,1
familie-ba-sak 10110,no.nav.familie.ba.sak.kjerne.korrigertetterbetaling,KorrigertEtterbetalingKt,27,0,0,0,7,0,1,0,1,0
familie-ba-sak 10110,no.nav.familie.ba.sak.kjerne.klage.dto,OpprettKlageDto,3,9,0,0,0,1,1,1,1,1
familie-ba-sak 10110,no.nav.familie.ba.sak.integrasjoner.sanity,SanityKlient,93,47,8,0,13,12,5,2,1,2
familie-ba-sak 10110,no.nav.familie.ba.sak.integrasjoner.sanity,SanityEØSBegrunnelserRespons,27,0,0,0,4,0,4,0,4,0
familie-ba-sak 10110,no.nav.familie.ba.sak.integrasjoner.sanity,SanityBegrunnelserRespons,27,0,0,0,4,0,4,0,4,0
familie-ba-sak 10110,no.nav.familie.ba.sak.integrasjoner.sanity,SanityService,136,29,8,0,32,6,6,2,2,2
familie-ba-sak 10110,no.nav.familie.ba.sak.ekstern.pensjon,BarnetrygdTilPensjon,30,0,0,0,4,0,4,0,4,0
familie-ba-sak 10110,no.nav.familie.ba.sak.ekstern.pensjon,BarnetrygdTilPensjonRequest,21,0,0,0,4,0,3,0,3,0
familie-ba-sak 10110,no.nav.familie.ba.sak.ekstern.pensjon,PensjonController,84,9,8,0,17,2,6,1,2,1
familie-ba-sak 10110,no.nav.familie.ba.sak.ekstern.pensjon,Meldingstype,25,0,0,0,1,0,1,0,1,0
familie-ba-sak 10110,no.nav.familie.ba.sak.ekstern.pensjon,YtelseTypeEkstern,0,25,0,0,0,3,0,1,0,1
familie-ba-sak 10110,no.nav.familie.ba.sak.ekstern.pensjon,BarnetrygdPeriode,48,0,0,0,7,0,7,0,7,0
familie-ba-sak 10110,no.nav.familie.ba.sak.ekstern.pensjon,HentAlleIdenterTilPsysResponseDTO,27,0,0,0,1,0,4,0,4,0
familie-ba-sak 10110,no.nav.familie.ba.sak.ekstern.pensjon,PensjonService,264,42,17,0,42,8,15,2,6,2
familie-ba-sak 10110,no.nav.familie.ba.sak.ekstern.pensjon,BarnetrygdTilPensjonResponse,12,0,0,0,1,0,2,0,2,0
familie-ba-sak 10110,no.nav.familie.ba.sak.kjerne.beregning.domene,SatsType,79,0,5,0,13,0,8,0,4,0
familie-ba-sak 10110,no.nav.familie.ba.sak.kjerne.beregning.domene,AndelerTilkjentYtelseOgEndreteUtbetalingerService.finnEndreteUtbetalingerMedAndelerTilkjentYtelse.1.new Function0() {...},10,0,0,0,4,0,1,0,1,0
familie-ba-sak 10110,no.nav.familie.ba.sak.kjerne.beregning.domene,AndelerTilkjentYtelseOgEndreteUtbetalingerService.finnEndreteUtbetalingerMedAndelerTilkjentYtelse.1.new Function0() {...},12,0,0,0,4,0,1,0,1,0
familie-ba-sak 10110,no.nav.familie.ba.sak.kjerne.beregning.domene,TilkjentYtelseKt,116,0,6,0,24,0,9,0,6,0
familie-ba-sak 10110,no.nav.familie.ba.sak.kjerne.beregning.domene,InternPeriodeOvergangsstønadTidslinjeKt,30,0,2,0,5,0,2,0,1,0
familie-ba-sak 10110,no.nav.familie.ba.sak.kjerne.beregning.domene,EndretUtbetalingAndelMedAndelerTilkjentYtelse,90,0,4,0,17,0,18,0,16,0
familie-ba-sak 10110,no.nav.familie.ba.sak.kjerne.beregning.domene,Sats,59,0,0,0,6,0,6,0,6,0
familie-ba-sak 10110,no.nav.familie.ba.sak.kjerne.beregning.domene,AndelTilkjentYtelseKt,260,0,16,0,45,0,14,0,6,0
familie-ba-sak 10110,no.nav.familie.ba.sak.kjerne.beregning.domene,InternPeriodeOvergangsstønadKt,155,0,6,0,22,0,7,0,4,0
familie-ba-sak 10110,no.nav.familie.ba.sak.kjerne.beregning.domene,AndelTilkjentYtelseKt.slåSammenBack2BackAndelsperioderMedSammeBeløp..inlined.sortedBy.new Comparator() {...},15,0,0,0,1,0,1,0,1,0
familie-ba-sak 10110,no.nav.familie.ba.sak.kjerne.beregning.domene,InternPeriodeOvergangsstønadKt.splitFramtidigePerioderFraForrigeBehandling.oppsplittedeFramtigigePerioder.new Function2() {...},10,0,4,0,3,0,3,0,1,0
familie-ba-sak 10110,no.nav.familie.ba.sak.kjerne.beregning.domene,AndelerTilkjentYtelseOgEndreteUtbetalingerService,46,21,0,0,9,5,3,1,3,1
familie-ba-sak 10110,no.nav.familie.ba.sak.kjerne.beregning.domene,AndelerTilkjentYtelseOgEndreteUtbetalingerServiceKt,32,0,0,0,10,0,2,0,2,0
familie-ba-sak 10110,no.nav.familie.ba.sak.kjerne.beregning.domene,InternPeriodeOvergangsstønadKt.slåSammenSammenhengendePerioder..inlined.sortedBy.new Comparator() {...},15,0,0,0,1,0,1,0,1,0
familie-ba-sak 10110,no.nav.familie.ba.sak.kjerne.beregning.domene,TilkjentYtelse,137,0,0,0,21,0,16,0,16,0
familie-ba-sak 10110,no.nav.familie.ba.sak.kjerne.beregning.domene,InternPeriodeOvergangsstønadTidslinje,36,0,0,0,8,0,2,0,2,0
familie-ba-sak 10110,no.nav.familie.ba.sak.kjerne.beregning.domene,AndelTilkjentYtelse,578,0,74,0,93,0,75,0,38,0
familie-ba-sak 10110,no.nav.familie.ba.sak.kjerne.beregning.domene,YtelseType,81,36,15,0,18,4,14,2,5,2
familie-ba-sak 10110,no.nav.familie.ba.sak.kjerne.beregning.domene,AndelTilkjentYtelseMedEndreteUtbetalinger.Companion,10,0,0,0,4,0,1,0,1,0
familie-ba-sak 10110,no.nav.familie.ba.sak.kjerne.beregning.domene,AndelTilkjentYtelseMedEndreteUtbetalinger,124,0,2,0,22,0,18,0,17,0
familie-ba-sak 10110,no.nav.familie.ba.sak.kjerne.beregning.domene,AndelTilkjentYtelseOgEndreteUtbetalingerKombinator,104,0,10,0,18,0,11,0,6,0
familie-ba-sak 10110,no.nav.familie.ba.sak.kjerne.beregning.domene,InternPeriodeOvergangsstønad,43,0,0,0,9,0,5,0,5,0
familie-ba-sak 10110,no.nav.familie.ba.sak.kjerne.autovedtak,OmregningBrevData,42,0,0,0,6,0,6,0,6,0
familie-ba-sak 10110,no.nav.familie.ba.sak.kjerne.autovedtak,AutovedtakService.Companion,2,0,0,0,1,0,1,0,1,0
familie-ba-sak 10110,no.nav.familie.ba.sak.kjerne.autovedtak,AutovedtakStegService,292,91,36,0,66,12,25,1,7,1
familie-ba-sak 10110,no.nav.familie.ba.sak.kjerne.autovedtak,SmåbarnstilleggData,18,0,0,0,3,0,3,0,3,0
familie-ba-sak 10110,no.nav.familie.ba.sak.kjerne.autovedtak,FødselshendelseData,18,0,0,0,3,0,3,0,3,0
familie-ba-sak 10110,no.nav.familie.ba.sak.kjerne.autovedtak,Autovedtaktype,3,36,0,0,0,4,1,2,1,2
familie-ba-sak 10110,no.nav.familie.ba.sak.kjerne.autovedtak,AutovedtakService,115,48,4,0,23,9,5,2,3,2
familie-ba-sak 10110,no.nav.familie.ba.sak.kjerne.vedtak.vedtaksperiode.vedtaksperiodeProdusent,BehandlingsGrunnlagForVedtaksperioder.tilGrunnlagForPersonTidslinje.endredeUtbetalingerTidslinje.new Function1() {...},8,0,0,0,1,0,1,0,1,0
familie-ba-sak 10110,no.nav.familie.ba.sak.kjerne.vedtak.vedtaksperiode.vedtaksperiodeProdusent,BehandlingsGrunnlagForVedtaksperioderKt.hentErMinstEttBarnMedUtbetalingTidslinje.barnSineVilkårErOppfyltTidslinjer.2.new Function1() {...},7,0,2,0,1,0,2,0,1,0
familie-ba-sak 10110,no.nav.familie.ba.sak.kjerne.vedtak.vedtaksperiode.vedtaksperiodeProdusent,VedtaksperiodeProdusentKt.slåSammenUtenEksplisitteAvslag.kombinerteAvslagOgReduksjonsperioder.1.new Function1() {...},34,0,10,0,5,0,6,0,1,0
familie-ba-sak 10110,no.nav.familie.ba.sak.kjerne.vedtak.vedtaksperiode.vedtaksperiodeProdusent,BehandlingsGrunnlagForVedtaksperioderKt.hentErUtbetalingSmåbarnstilleggTidslinje.new Function1() {...},18,0,4,0,2,0,3,0,1,0
familie-ba-sak 10110,no.nav.familie.ba.sak.kjerne.vedtak.vedtaksperiode.vedtaksperiodeProdusent,VedtaksperiodeProdusentKt.filtrerErAvslagsperiode.new Function1() {...},17,0,6,0,1,0,4,0,1,0
familie-ba-sak 10110,no.nav.familie.ba.sak.kjerne.vedtak.vedtaksperiode.vedtaksperiodeProdusent,VedtaksperiodeGrunnlagForPersonVilkårInnvilget,102,0,8,0,9,0,14,0,10,0
familie-ba-sak 10110,no.nav.familie.ba.sak.kjerne.vedtak.vedtaksperiode.vedtaksperiodeProdusent,VedtaksperiodeProdusentKt.utledEksplisitteAvslagsperioder.avslagsperioderPerPerson.2.new Function1() {...},8,0,2,0,1,0,2,0,1,0
familie-ba-sak 10110,no.nav.familie.ba.sak.kjerne.vedtak.vedtaksperiode.vedtaksperiodeProdusent,VedtaksperiodeProdusentKt,1293,0,156,0,215,0,101,0,23,0
familie-ba-sak 10110,no.nav.familie.ba.sak.kjerne.vedtak.vedtaksperiode.vedtaksperiodeProdusent,GjeldendeMedInnvilgedeYtelsestyperForrigeBehandling,15,0,0,0,3,0,3,0,3,0
familie-ba-sak 10110,no.nav.familie.ba.sak.kjerne.vedtak.vedtaksperiode.vedtaksperiodeProdusent,OvergangsstønadForVedtaksperiode,31,0,0,0,7,0,4,0,4,0
familie-ba-sak 10110,no.nav.familie.ba.sak.kjerne.vedtak.vedtaksperiode.vedtaksperiodeProdusent,VilkårResultatForVedtaksperiode,135,0,6,0,22,0,14,0,11,0
familie-ba-sak 10110,no.nav.familie.ba.sak.kjerne.vedtak.vedtaksperiode.vedtaksperiodeProdusent,BehandlingsGrunnlagForVedtaksperioderKt.hentErMinstEttBarnMedUtbetalingTidslinje.1.new Function2() {...},15,0,4,0,1,0,3,0,1,0
familie-ba-sak 10110,no.nav.familie.ba.sak.kjerne.vedtak.vedtaksperiode.vedtaksperiodeProdusent,VedtaksperiodeProdusentKt.slåSammenUtenEksplisitteAvslag.new Function1() {...},21,0,4,0,1,0,3,0,1,0
familie-ba-sak 10110,no.nav.familie.ba.sak.kjerne.vedtak.vedtaksperiode.vedtaksperiodeProdusent,BehandlingsGrunnlagForVedtaksperioderKt.tilVilkårResultaterForVedtaksPeriodeTidslinje.new Function1() {...},16,0,2,0,1,0,2,0,1,0
familie-ba-sak 10110,no.nav.familie.ba.sak.kjerne.vedtak.vedtaksperiode.vedtaksperiodeProdusent,EndretUtbetalingAndelForVedtaksperiode,42,0,0,0,9,0,5,0,5,0
familie-ba-sak 10110,no.nav.familie.ba.sak.kjerne.vedtak.vedtaksperiode.vedtaksperiodeProdusent,BehandlingsGrunnlagForVedtaksperioderKt.hentOrdinæreVilkårForSøkerForskjøvetTidslinje.new Function1() {...},14,0,4,0,1,0,3,0,1,0
familie-ba-sak 10110,no.nav.familie.ba.sak.kjerne.vedtak.vedtaksperiode.vedtaksperiodeProdusent,BehandlingsGrunnlagForVedtaksperioderKt.hentOrdinæreVilkårForSøkerForskjøvetTidslinje.new Function1() {...},21,0,4,0,1,0,3,0,1,0
familie-ba-sak 10110,no.nav.familie.ba.sak.kjerne.vedtak.vedtaksperiode.vedtaksperiodeProdusent,BehandlingsGrunnlagForVedtaksperioder,484,0,16,0,98,0,27,0,17,0
familie-ba-sak 10110,no.nav.familie.ba.sak.kjerne.vedtak.vedtaksperiode.vedtaksperiodeProdusent,VedtaksperiodeGrunnlagForPersonKt,51,0,0,0,1,0,1,0,1,0
familie-ba-sak 10110,no.nav.familie.ba.sak.kjerne.vedtak.vedtaksperiode.vedtaksperiodeProdusent,BehandlingsGrunnlagForVedtaksperioderKt.tilHarRettPåUtbetalingTidslinje.new Function1() {...},75,0,13,0,14,0,8,0,1,0
familie-ba-sak 10110,no.nav.familie.ba.sak.kjerne.vedtak.vedtaksperiode.vedtaksperiodeProdusent,BehandlingsGrunnlagForVedtaksperioderKt,703,0,71,0,111,0,60,0,24,0
familie-ba-sak 10110,no.nav.familie.ba.sak.kjerne.vedtak.vedtaksperiode.vedtaksperiodeProdusent,BehandlingsGrunnlagForVedtaksperioderKt.tilPeriodeOvergangsstønadForVedtaksperiodeTidslinje.new Function2() {...},13,0,2,0,1,0,2,0,1,0
familie-ba-sak 10110,no.nav.familie.ba.sak.kjerne.vedtak.vedtaksperiode.vedtaksperiodeProdusent,BehandlingsGrunnlagForVedtaksperioderKt.hentErMinstEttBarnMedUtbetalingTidslinje.søkerSinerOrdinæreVilkårErOppfyltTidslinje.new Function1() {...},7,0,2,0,1,0,2,0,1,0
familie-ba-sak 10110,no.nav.familie.ba.sak.kjerne.vedtak.vedtaksperiode.vedtaksperiodeProdusent,VedtaksperiodeProdusentKt.kombinerGjeldendeOgForrigeGrunnlag.1.ytelsestyperInnvilgetForrigeBehandlingTidslinje.new Function1() {...},8,0,2,0,1,0,2,0,1,0
familie-ba-sak 10110,no.nav.familie.ba.sak.kjerne.vedtak.vedtaksperiode.vedtaksperiodeProdusent,GrunnlagForGjeldendeOgForrigeBehandling,25,0,0,0,4,0,4,0,4,0
familie-ba-sak 10110,no.nav.familie.ba.sak.kjerne.vedtak.vedtaksperiode.vedtaksperiodeProdusent,VedtaksperiodeProdusentKt.lagOverlappendeGenerelleAvslagsPerioder.new Function1() {...},16,0,0,0,5,0,1,0,1,0
familie-ba-sak 10110,no.nav.familie.ba.sak.kjerne.vedtak.vedtaksperiode.vedtaksperiodeProdusent,GrupperingskriterierForVedtaksperioder,27,0,0,0,4,0,4,0,4,0
familie-ba-sak 10110,no.nav.familie.ba.sak.kjerne.vedtak.vedtaksperiode.vedtaksperiodeProdusent,AktørOgRolleBegrunnelseGrunnlag,21,0,0,0,3,0,3,0,3,0
familie-ba-sak 10110,no.nav.familie.ba.sak.kjerne.vedtak.vedtaksperiode.vedtaksperiodeProdusent,BehandlingsGrunnlagForVedtaksperioderKt.hentErMinstEttBarnMedUtbetalingTidslinje.new Function1() {...},9,0,0,0,1,0,1,0,1,0
familie-ba-sak 10110,no.nav.familie.ba.sak.kjerne.vedtak.vedtaksperiode.vedtaksperiodeProdusent,VedtaksperiodeProdusentKt.leggTilUendelighetPåSisteOpphørsPeriode.sortertePerioder.new Function1() {...},7,0,0,0,1,0,1,0,1,0
familie-ba-sak 10110,no.nav.familie.ba.sak.kjerne.vedtak.vedtaksperiode.vedtaksperiodeProdusent,VedtaksperiodeProdusentKt.leggTilUendelighetPåSisteOpphørsPeriode.sortertePerioder.new Function1() {...},7,0,0,0,1,0,1,0,1,0
familie-ba-sak 10110,no.nav.familie.ba.sak.kjerne.vedtak.vedtaksperiode.vedtaksperiodeProdusent,BehandlingsGrunnlagForVedtaksperioderKt.tilAndelerForVedtaksPeriodeTidslinje.new Function1() {...},5,0,0,0,1,0,1,0,1,0
familie-ba-sak 10110,no.nav.familie.ba.sak.kjerne.vedtak.vedtaksperiode.vedtaksperiodeProdusent,VedtaksperiodeProdusentKt.slåSammenSammenhengendeOpphørsPerioder..inlined.sortedBy.new Comparator() {...},15,0,0,0,1,0,1,0,1,0
familie-ba-sak 10110,no.nav.familie.ba.sak.kjerne.vedtak.vedtaksperiode.vedtaksperiodeProdusent,VedtaksperiodeGrunnlagForPersonVilkårIkkeInnvilget,49,0,0,0,5,0,6,0,6,0
familie-ba-sak 10110,no.nav.familie.ba.sak.kjerne.vedtak.vedtaksperiode.vedtaksperiodeProdusent,AndelForVedtaksperiode,165,0,16,0,35,0,18,0,10,0
familie-ba-sak 10110,no.nav.familie.ba.sak.kjerne.vedtak.vedtaksperiode.vedtaksperiodeProdusent,VedtaksperiodeProdusentKt.kombinerGjeldendeOgForrigeGrunnlag.1.grunnlagTidslinjeMedInnvilgedeYtelsestyperForrigeBehandling.new Function2() {...},6,0,0,0,3,0,1,0,1,0
familie-ba-sak 10110,no.nav.familie.ba.sak.kjerne.vedtak.vedtaksperiode.vedtaksperiodeProdusent,VedtaksperiodeGrunnlagForPerson.DefaultImpls,101,0,14,0,15,0,12,0,5,0
familie-ba-sak 10110,no.nav.familie.ba.sak.kjerne.vedtak.vedtaksperiode.vedtaksperiodeProdusent,BehandlingsGrunnlagForVedtaksperioder.tilGrunnlagForPersonTidslinje.grunnlagTidslinje.new Function2() {...},4,0,0,0,1,0,1,0,1,0
familie-ba-sak 10110,no.nav.familie.ba.sak.kjerne.vedtak.vedtaksperiode.vedtaksperiodeProdusent,BehandlingsGrunnlagForVedtaksperioder.tilGrunnlagForPersonTidslinje.grunnlagTidslinje.new Function2() {...},4,0,0,0,1,0,1,0,1,0
familie-ba-sak 10110,no.nav.familie.ba.sak.kjerne.vedtak.vedtaksperiode.vedtaksperiodeProdusent,BehandlingsGrunnlagForVedtaksperioder.tilGrunnlagForPersonTidslinje.grunnlagTidslinje.new Function2() {...},4,0,0,0,1,0,1,0,1,0
familie-ba-sak 10110,no.nav.familie.ba.sak.kjerne.vedtak.vedtaksperiode.vedtaksperiodeProdusent,BehandlingsGrunnlagForVedtaksperioder.tilGrunnlagForPersonTidslinje.grunnlagTidslinje.new Function4() {...},11,0,0,0,6,0,1,0,1,0
familie-ba-sak 10110,no.nav.familie.ba.sak.kjerne.vedtak.vedtaksperiode.vedtaksperiodeProdusent,BehandlingsGrunnlagForVedtaksperioderKt.hentForskjøvedeVilkårResultaterForPersonsAndelerTidslinje.forskjøvedeVilkårResultaterForPerson.new Function1() {...},5,0,0,0,1,0,1,0,1,0
familie-ba-sak 10110,no.nav.familie.ba.sak.kjerne.vedtak.vedtaksperiode.vedtaksperiodeProdusent,BehandlingsGrunnlagForVedtaksperioderKt.hentForskjøvedeVilkårResultaterForPersonsAndelerTidslinje.new Function1() {...},55,0,18,0,3,0,10,0,1,0
familie-ba-sak 10110,no.nav.familie.ba.sak.kjerne.vedtak.vedtaksperiode.vedtaksperiodeProdusent,BehandlingsGrunnlagForVedtaksperioderKt.hentForskjøvedeVilkårResultaterForPersonsAndelerTidslinje.new Function2() {...},30,0,6,0,1,0,4,0,1,0
familie-ba-sak 10110,no.nav.familie.ba.sak.kjerne.vedtak.vedtaksperiode.vedtaksperiodeProdusent,BehandlingsGrunnlagForVedtaksperioderKt.hentForskjøvedeVilkårResultaterForPersonsAndelerTidslinje.new Function1() {...},8,0,2,0,1,0,2,0,1,0
familie-ba-sak 10110,no.nav.familie.ba.sak.kjerne.vedtak.vedtaksperiode.vedtaksperiodeProdusent,BehandlingsGrunnlagForVedtaksperioderKt.hentForskjøvedeVilkårResultaterForPersonsAndelerTidslinje.new Function2() {...},11,0,2,0,1,0,2,0,1,0
familie-ba-sak 10110,no.nav.familie.ba.sak.kjerne.vedtak.vedtaksperiode.vedtaksperiodeProdusent,VedtaksperiodeProdusentKt.kombinerGjeldendeOgForrigeGrunnlag.1.new Function1() {...},66,0,18,0,11,0,10,0,1,0
familie-ba-sak 10110,no.nav.familie.ba.sak.kjerne.vedtak.vedtaksperiode.vedtaksperiodeProdusent,BehandlingsGrunnlagForVedtaksperioder.tilGrunnlagForPersonTidslinje.kompetanseTidslinje.new Function1() {...},8,0,0,0,1,0,1,0,1,0
familie-ba-sak 10110,no.nav.familie.ba.sak.kjerne.vedtak.vedtaksperiode.vedtaksperiodeProdusent,KompetanseForVedtaksperiode,83,0,0,0,17,0,9,0,9,0
familie-ba-sak 10110,no.nav.familie.ba.sak.kjerne.vedtak.vedtaksperiode.vedtaksperiodeProdusent,VedtaksperiodeProdusentKt.slåSammenSammenhengendeOpphørsperioder.sortertePerioder.new Function1() {...},7,0,0,0,1,0,1,0,1,0
familie-ba-sak 10110,no.nav.familie.ba.sak.kjerne.vedtak.vedtaksperiode.vedtaksperiodeProdusent,VedtaksperiodeProdusentKt.slåSammenSammenhengendeOpphørsperioder.sortertePerioder.new Function1() {...},7,0,0,0,1,0,1,0,1,0
familie-ba-sak 10110,no.nav.familie.ba.sak.kjerne.vedtak.vedtaksperiode.vedtaksperiodeProdusent,GrunnlagForPersonTidslinjerSplittetPåOverlappendeGenerelleAvslag,21,0,0,0,3,0,3,0,3,0
familie-ba-sak 10110,no.nav.familie.ba.sak.kjerne.vedtak.vedtaksperiode.vedtaksperiodeProdusent,BehandlingsGrunnlagForVedtaksperioder.generelleAvslagTilGrunnlagForPersonTidslinje.new Function1() {...},36,0,2,0,6,0,2,0,1,0
familie-ba-sak 10110,no.nav.familie.ba.sak.kjerne.vedtak.vedtaksperiode.vedtaksperiodeProdusent,BehandlingsGrunnlagForVedtaksperioder.generelleAvslagTilGrunnlagForPersonTidslinje.new Function1() {...},6,0,0,0,1,0,1,0,1,0
familie-ba-sak 10110,no.nav.familie.ba.sak.kjerne.vedtak.vedtaksperiode.vedtaksperiodeProdusent,BehandlingsGrunnlagForVedtaksperioderKt.tilAndelerForVedtaksPeriodeTidslinje.1.new Function1() {...},5,0,0,0,1,0,1,0,1,0
familie-ba-sak 10110,no.nav.familie.ba.sak.kjerne.vedtak.refusjonEøs,RefusjonEøsController,71,48,0,0,14,15,1,4,1,4
familie-ba-sak 10110,no.nav.familie.ba.sak.kjerne.vedtak.refusjonEøs,RefusjonEøsService,119,25,2,0,31,6,6,2,5,2
familie-ba-sak 10110,no.nav.familie.ba.sak.kjerne.vedtak.refusjonEøs,RefusjonEøs,98,0,0,0,16,0,14,0,14,0
familie-ba-sak 10110,no.nav.familie.ba.sak.kjerne.logg,BehandlingLoggRequest,31,0,0,0,1,0,4,0,4,0
familie-ba-sak 10110,no.nav.familie.ba.sak.kjerne.logg,LoggType,3,359,0,0,0,39,1,4,1,4
familie-ba-sak 10110,no.nav.familie.ba.sak.kjerne.logg,Logg,134,0,0,0,26,0,12,0,12,0
familie-ba-sak 10110,no.nav.familie.ba.sak.kjerne.logg,LoggService,1235,50,66,0,363,11,69,1,36,1
familie-ba-sak 10110,no.nav.familie.ba.sak.kjerne.logg,LoggController,55,15,2,0,5,4,2,1,1,1
familie-ba-sak 10110,no.nav.familie.ba.sak.kjerne.logg,LoggService.Companion,11,0,0,0,1,0,1,0,1,0
familie-ba-sak 10110,no.nav.familie.ba.sak.statistikk.saksstatistikk.domene,SaksstatistikkMellomlagring,176,0,0,0,27,0,20,0,20,0
familie-ba-sak 10110,no.nav.familie.ba.sak.statistikk.saksstatistikk.domene,SaksstatistikkMellomlagringType,0,19,0,0,0,2,0,1,0,1
familie-ba-sak 10110,no.nav.familie.ba.sak.config.featureToggle.miljø,EnvironmentConfigKt,0,24,0,0,0,1,0,1,0,1
familie-ba-sak 10110,no.nav.familie.ba.sak.config.featureToggle.miljø,Profil,0,60,0,0,0,7,0,3,0,3
familie-ba-sak 10110,no.nav.familie.ba.sak.integrasjoner.journalføring.domene,Sakstype,32,0,0,0,3,0,3,0,3,0
familie-ba-sak 10110,no.nav.familie.ba.sak.integrasjoner.journalføring.domene,IdType,25,0,0,0,1,0,1,0,1,0
familie-ba-sak 10110,no.nav.familie.ba.sak.integrasjoner.journalføring.domene,OppdaterJournalpostResponse,18,0,0,0,3,0,3,0,3,0
familie-ba-sak 10110,no.nav.familie.ba.sak.integrasjoner.journalføring.domene,OppdaterJournalpostRequest,71,0,0,0,9,0,8,0,8,0
familie-ba-sak 10110,no.nav.familie.ba.sak.integrasjoner.journalføring.domene,DbJournalpost,124,0,8,0,21,0,14,0,10,0
familie-ba-sak 10110,no.nav.familie.ba.sak.integrasjoner.journalføring.domene,DbJournalpostType,0,19,0,0,0,1,0,1,0,1
familie-ba-sak 10110,no.nav.familie.ba.sak.integrasjoner.journalføring.domene,FagsakSystem,13,0,0,0,1,0,1,0,1,0
familie-ba-sak 10110,no.nav.familie.ba.sak.integrasjoner.journalføring.domene,LogiskVedleggRequest,12,0,0,0,1,0,2,0,2,0
familie-ba-sak 10110,no.nav.familie.ba.sak.integrasjoner.journalføring.domene,LogiskVedleggResponse,9,0,0,0,1,0,2,0,2,0
familie-ba-sak 10110,no.nav.familie.ba.sak.integrasjoner.journalføring.domene,Bruker,38,0,0,0,5,0,5,0,5,0
familie-ba-sak 10110,no.nav.familie.ba.sak.kjerne.behandling.domene.tilstand,BehandlingStegTilstand,116,0,8,0,17,0,14,0,10,0
familie-ba-sak 10110,no.nav.familie.ba.sak.kjerne.eøs.kompetanse.domene,KompetanseResultat,0,25,0,0,0,3,0,1,0,1
familie-ba-sak 10110,no.nav.familie.ba.sak.kjerne.eøs.kompetanse.domene,KompetanseAktivitet,6,162,0,0,0,21,2,2,2,2
familie-ba-sak 10110,no.nav.familie.ba.sak.kjerne.eøs.kompetanse.domene,KompetanseKt,91,0,6,0,22,0,5,0,2,0
familie-ba-sak 10110,no.nav.familie.ba.sak.kjerne.eøs.kompetanse.domene,Kompetanse,132,110,20,0,29,21,29,3,19,3
familie-ba-sak 10110,no.nav.familie.ba.sak.kjerne.eøs.kompetanse.domene,TomKompetanse,15,0,0,0,3,0,3,0,3,0
familie-ba-sak 10110,no.nav.familie.ba.sak.kjerne.eøs.kompetanse.domene,Kompetanse.Companion,2,0,0,0,1,0,1,0,1,0
familie-ba-sak 10110,no.nav.familie.ba.sak.kjerne.eøs.kompetanse.domene,UtfyltKompetanse,90,0,0,0,12,0,12,0,12,0
familie-ba-sak 10110,no.nav.familie.ba.sak.kjerne.grunnlag.personopplysninger.opphold,GrOpphold.Companion,23,0,0,0,7,0,1,0,1,0
familie-ba-sak 10110,no.nav.familie.ba.sak.kjerne.grunnlag.personopplysninger.opphold,GrOppholdKt,19,0,4,0,1,0,3,0,1,0
familie-ba-sak 10110,no.nav.familie.ba.sak.kjerne.grunnlag.personopplysninger.opphold,GrOpphold,168,0,18,0,28,0,20,0,11,0
familie-ba-sak 10110,no.nav.familie.ba.sak.kjerne.arbeidsfordeling,RestEndreBehandlendeEnhet,21,0,0,0,3,0,3,0,3,0
familie-ba-sak 10110,no.nav.familie.ba.sak.kjerne.arbeidsfordeling,ArbeidsfordelingService.IdentMedAdressebeskyttelse,18,0,0,0,3,0,3,0,3,0
familie-ba-sak 10110,no.nav.familie.ba.sak.kjerne.arbeidsfordeling,ArbeidsfordelingService,468,60,38,0,113,11,30,2,11,2
familie-ba-sak 10110,no.nav.familie.ba.sak.kjerne.arbeidsfordeling,DiskresjonskodeUtilsKt,73,0,20,0,17,0,11,0,1,0
familie-ba-sak 10110,no.nav.familie.ba.sak.kjerne.arbeidsfordeling,ArbeidsfordelingController,51,27,2,0,13,6,2,1,1,1
familie-ba-sak 10110,no.nav.familie.ba.sak.internal.vedtak.begrunnelser,LagGyldigeBegrunnelserTestUtilKt.hentAndelRader.new Function1() {...},7,0,0,0,1,0,1,0,1,0
familie-ba-sak 10110,no.nav.familie.ba.sak.internal.vedtak.begrunnelser,LagGyldigeBegrunnelserTestUtilKt.hentAndelRader.new Function1() {...},7,0,0,0,1,0,1,0,1,0
familie-ba-sak 10110,no.nav.familie.ba.sak.internal.vedtak.begrunnelser,LagGyldigeBegrunnelserTestUtilKt.hentAndelRader.new Function1() {...},33,0,0,0,5,0,1,0,1,0
familie-ba-sak 10110,no.nav.familie.ba.sak.internal.vedtak.begrunnelser,LagGyldigeBegrunnelserTestUtilKt.tilVilkårResultatRader.1.invoke..inlined.sortedBy.new Comparator() {...},15,0,0,0,1,0,1,0,1,0
familie-ba-sak 10110,no.nav.familie.ba.sak.internal.vedtak.begrunnelser,LagGyldigeBegrunnelserTestUtilKt.hentAndelRader.new Function1() {...},8,0,0,0,1,0,1,0,1,0
familie-ba-sak 10110,no.nav.familie.ba.sak.internal.vedtak.begrunnelser,LagGyldigeBegrunnelserTestUtilKt.tilVilkårResultatRader.new Function1() {...},46,0,0,0,11,0,1,0,1,0
familie-ba-sak 10110,no.nav.familie.ba.sak.internal.vedtak.begrunnelser,LagGyldigeBegrunnelserTestUtilKt.hentPersongrunnlagRader.new Function1() {...},17,0,0,0,2,0,1,0,1,0
familie-ba-sak 10110,no.nav.familie.ba.sak.internal.vedtak.begrunnelser,VilkårResultatRad,48,0,0,0,7,0,7,0,7,0
familie-ba-sak 10110,no.nav.familie.ba.sak.internal.vedtak.begrunnelser,LagGyldigeBegrunnelserTestUtilKt,406,0,48,0,67,0,40,0,16,0
familie-ba-sak 10110,no.nav.familie.ba.sak.internal.vedtak.begrunnelser,LagGyldigeBegrunnelserTestUtilKt.hentKompetanseRader.new Function1() {...},60,0,8,0,11,0,5,0,1,0
familie-ba-sak 10110,no.nav.familie.ba.sak.internal.vedtak.begrunnelser,LagGyldigeBegrunnelserTestUtilKt.hentKompetanseRader.2.new Function1() {...},7,0,0,0,1,0,1,0,1,0
familie-ba-sak 10110,no.nav.familie.ba.sak.internal.vedtak.begrunnelser,LagGyldigeBegrunnelserTestUtilKt.tilVilkårResultatRader.1.new Function1() {...},84,0,10,0,5,0,6,0,1,0
familie-ba-sak 10110,no.nav.familie.ba.sak.internal.vedtak.begrunnelser,LagGyldigeBegrunnelserTestUtilKt.hentVedtaksperiodeRader.new Function1() {...},32,0,8,0,2,0,5,0,1,0
familie-ba-sak 10110,no.nav.familie.ba.sak.internal.vedtak.begrunnelser,LagGyldigeBegrunnelserTestUtilKt.hentEndretUtbetalingRader.new Function1() {...},30,0,0,0,5,0,1,0,1,0
familie-ba-sak 10110,no.nav.familie.ba.sak.kjerne.tilbakekreving,TilbakekrevingService,571,84,48,0,122,15,34,2,10,2
familie-ba-sak 10110,no.nav.familie.ba.sak.kjerne.tilbakekreving,TilbakekrevingKlient.hentForhåndsvisningVarselbrev.lambda.1..inlined.postForEntity.1.new ParameterizedTypeReference() {...},3,0,0,0,1,0,1,0,1,0
familie-ba-sak 10110,no.nav.familie.ba.sak.kjerne.tilbakekreving,TilbakekrevingController,22,18,0,0,9,4,0,2,0,2
familie-ba-sak 10110,no.nav.familie.ba.sak.kjerne.tilbakekreving,TilbakekrevingUtilKt.slåsammenNærliggendeFeilutbtalingPerioder..inlined.sortedBy.new Comparator() {...},15,0,0,0,1,0,1,0,1,0
familie-ba-sak 10110,no.nav.familie.ba.sak.kjerne.tilbakekreving,TilbakekrevingsbehandlingService,32,9,0,0,11,2,1,1,1,1
familie-ba-sak 10110,no.nav.familie.ba.sak.kjerne.tilbakekreving,TilbakekrevingKlient.kanTilbakekrevingsbehandlingOpprettesManuelt.lambda.6..inlined.getForEntity.default.new Function0() {...},23,0,0,0,1,0,1,0,1,0
familie-ba-sak 10110,no.nav.familie.ba.sak.kjerne.tilbakekreving,TilbakekrevingKlient.hentTilbakekrevingsvedtak.lambda.5..inlined.getForEntity.default.1.new ParameterizedTypeReference() {...},3,0,0,0,1,0,1,0,1,0
familie-ba-sak 10110,no.nav.familie.ba.sak.kjerne.tilbakekreving,TilbakekrevingKlient.hentTilbakekrevingsbehandlinger.lambda.4..inlined.getForEntity.default.1.new ParameterizedTypeReference() {...},3,0,0,0,1,0,1,0,1,0
familie-ba-sak 10110,no.nav.familie.ba.sak.kjerne.tilbakekreving,TilbakekrevingUtilKt,227,0,22,0,52,0,17,0,6,0
familie-ba-sak 10110,no.nav.familie.ba.sak.kjerne.tilbakekreving,ForhåndsvisTilbakekrevingsvarselbrevRequest,3,9,0,0,0,2,1,1,1,1
familie-ba-sak 10110,no.nav.familie.ba.sak.kjerne.tilbakekreving,TilbakekrevingKlient.hentTilbakekrevingsvedtak.lambda.5..inlined.getForEntity.default.new Function0() {...},23,0,0,0,1,0,1,0,1,0
familie-ba-sak 10110,no.nav.familie.ba.sak.kjerne.tilbakekreving,FinnesBehandlingsresponsDto,9,0,0,0,1,0,2,0,2,0
familie-ba-sak 10110,no.nav.familie.ba.sak.kjerne.tilbakekreving,TilbakekrevingKlient.hentTilbakekrevingsbehandlinger.lambda.4..inlined.getForEntity.default.new Function0() {...},23,0,0,0,1,0,1,0,1,0
familie-ba-sak 10110,no.nav.familie.ba.sak.kjerne.tilbakekreving,TilbakekrevingKlient.kanTilbakekrevingsbehandlingOpprettesManuelt.lambda.6..inlined.getForEntity.default.1.new ParameterizedTypeReference() {...},3,0,0,0,1,0,1,0,1,0
familie-ba-sak 10110,no.nav.familie.ba.sak.kjerne.tilbakekreving,TilbakekrevingKlient.harÅpenTilbakekrevingsbehandling.lambda.3..inlined.getForEntity.default.1.new ParameterizedTypeReference() {...},0,3,0,0,0,1,0,1,0,1
familie-ba-sak 10110,no.nav.familie.ba.sak.kjerne.tilbakekreving,TilbakekrevingKlient.opprettTilbakekrevingBehandling.lambda.2..inlined.postForEntity.default.1.new ParameterizedTypeReference() {...},3,0,0,0,1,0,1,0,1,0
familie-ba-sak 10110,no.nav.familie.ba.sak.kjerne.tilbakekreving,TilbakekrevingKlient.harÅpenTilbakekrevingsbehandling.lambda.3..inlined.getForEntity.default.new Function0() {...},1,22,0,0,0,1,0,1,0,1
familie-ba-sak 10110,no.nav.familie.ba.sak.kjerne.tilbakekreving,TilbakekrevingKlient.opprettTilbakekrevingBehandling.lambda.2..inlined.postForEntity.default.new Function0() {...},24,0,0,0,1,0,1,0,1,0
familie-ba-sak 10110,no.nav.familie.ba.sak.kjerne.tilbakekreving,TilbakekrevingKlient,162,34,0,0,42,9,6,2,6,2
familie-ba-sak 10110,no.nav.familie.ba.sak.kjerne.tilbakekreving,TilbakekrevingKlient.opprettTilbakekrevingsbehandlingManuelt.lambda.7..inlined.postForEntity.default.1.new ParameterizedTypeReference() {...},3,0,0,0,1,0,1,0,1,0
familie-ba-sak 10110,no.nav.familie.ba.sak.kjerne.tilbakekreving,TilbakekrevingKlient.opprettTilbakekrevingsbehandlingManuelt.lambda.7..inlined.postForEntity.default.new Function0() {...},24,0,0,0,1,0,1,0,1,0
familie-ba-sak 10110,no.nav.familie.ba.sak.kjerne.tilbakekreving,TilbakekrevingKlient.hentForhåndsvisningVarselbrev.lambda.1..inlined.postForEntity.new Function0() {...},24,0,0,0,1,0,1,0,1,0
familie-ba-sak 10110,no.nav.familie.ba.sak.kjerne.steg.grunnlagForNyBehandling,VilkårsvurderingForNyBehandlingUtilsKt,24,0,2,0,2,0,3,0,2,0
familie-ba-sak 10110,no.nav.familie.ba.sak.kjerne.steg.grunnlagForNyBehandling,EøsSkjemaerForNyBehandlingService,21,21,2,0,11,5,2,1,1,1
familie-ba-sak 10110,no.nav.familie.ba.sak.kjerne.steg.grunnlagForNyBehandling,VilkårsvurderingForNyBehandlingService,563,55,56,0,136,10,42,2,14,2
familie-ba-sak 10110,no.nav.familie.ba.sak.kjerne.steg.grunnlagForNyBehandling,PersonopplysningGrunnlagForNyBehandlingService,128,21,12,0,31,5,10,1,4,1
familie-ba-sak 10110,no.nav.familie.ba.sak.kjerne.steg.grunnlagForNyBehandling,VilkårsvurderingForNyBehandlingUtils,672,0,52,0,136,0,37,0,11,0
familie-ba-sak 10110,no.nav.familie.ba.sak.common,YearMonthProgression,63,0,0,0,7,0,8,0,8,0
familie-ba-sak 10110,no.nav.familie.ba.sak.common,PdlRequestException,13,0,0,0,1,0,1,0,1,0
familie-ba-sak 10110,no.nav.familie.ba.sak.common,FeilKt,59,0,4,0,5,0,4,0,2,0
familie-ba-sak 10110,no.nav.familie.ba.sak.common,PdlPersonKanIkkeBehandlesIFagsystem,20,0,0,0,2,0,2,0,2,0
familie-ba-sak 10110,no.nav.familie.ba.sak.common,UtilsKt,10,14,0,0,1,2,1,3,1,3
familie-ba-sak 10110,no.nav.familie.ba.sak.common,PdlNotFoundException,10,0,0,0,1,0,1,0,1,0
familie-ba-sak 10110,no.nav.familie.ba.sak.common,Periode,21,0,0,0,1,0,3,0,3,0
familie-ba-sak 10110,no.nav.familie.ba.sak.common,TidslinjeUtilKt.opprettBooleanTidslinje.new Function0() {...},18,0,0,0,5,0,1,0,1,0
familie-ba-sak 10110,no.nav.familie.ba.sak.common,EksternTjenesteFeilException,68,0,0,0,16,0,7,0,7,0
familie-ba-sak 10110,no.nav.familie.ba.sak.common,TidslinjeUtilKt.erTilogMed3ÅrTidslinje.new Function0() {...},32,0,0,0,5,0,1,0,1,0
familie-ba-sak 10110,no.nav.familie.ba.sak.common,BehandlingValidering,46,0,2,0,10,0,5,0,4,0
familie-ba-sak 10110,no.nav.familie.ba.sak.common,FunksjonellFeil,0,68,0,0,0,7,0,7,0,7
familie-ba-sak 10110,no.nav.familie.ba.sak.common,EksternTjenesteKallerKt,33,83,3,3,13,18,4,5,1,5
familie-ba-sak 10110,no.nav.familie.ba.sak.common,EnvService,16,22,5,1,1,4,4,3,1,3
familie-ba-sak 10110,no.nav.familie.ba.sak.common,EksternTjenesteFeil,92,0,0,0,9,0,11,0,11,0
familie-ba-sak 10110,no.nav.familie.ba.sak.common,UtbetalingsikkerhetFeil,68,0,0,0,11,0,6,0,6,0
familie-ba-sak 10110,no.nav.familie.ba.sak.common,TidKt,964,50,136,0,110,11,121,3,53,3
familie-ba-sak 10110,no.nav.familie.ba.sak.common,Utils.storForbokstavIAlleNavn.1.new Function1() {...},8,0,0,0,1,0,1,0,1,0
familie-ba-sak 10110,no.nav.familie.ba.sak.common,MånedPeriode,21,0,0,0,1,0,3,0,3,0
familie-ba-sak 10110,no.nav.familie.ba.sak.common,Feil,0,62,0,0,0,6,0,6,0,6
familie-ba-sak 10110,no.nav.familie.ba.sak.common,TidslinjeUtilKt,44,0,0,0,8,0,4,0,4,0
familie-ba-sak 10110,no.nav.familie.ba.sak.common,Utils.storForbokstavIAlleNavn.new Function1() {...},32,0,0,0,1,0,1,0,1,0
familie-ba-sak 10110,no.nav.familie.ba.sak.common,BigDecimalKonstanter,9,0,0,0,1,0,2,0,2,0
familie-ba-sak 10110,no.nav.familie.ba.sak.common,Utils,232,0,10,0,14,0,16,0,11,0
familie-ba-sak 10110,no.nav.familie.ba.sak.common,TidslinjeUtilKt.erUnder18ÅrVilkårTidslinje.new Function0() {...},33,0,0,0,5,0,1,0,1,0
familie-ba-sak 10110,no.nav.familie.ba.sak.common,Utils.properties.new Function0() {...},41,0,2,0,10,0,2,0,1,0
familie-ba-sak 10110,no.nav.familie.ba.sak.common,RolleTilgangskontrollFeil,8,63,0,0,0,11,2,4,2,4
familie-ba-sak 10110,no.nav.familie.ba.sak.common,StringListConverter,42,3,6,0,2,2,5,1,2,1
familie-ba-sak 10110,no.nav.familie.ba.sak.common,BaseEntitet,44,23,0,0,4,6,9,1,9,1
familie-ba-sak 10110,no.nav.familie.ba.sak.common,DatoIntervallEntitet,30,0,0,0,7,0,4,0,4,0
familie-ba-sak 10110,no.nav.familie.ba.sak.common,MDCOperations,6,0,0,0,1,0,1,0,1,0
familie-ba-sak 10110,no.nav.familie.ba.sak.common,LocalDateService,5,3,0,0,1,2,1,1,1,1
familie-ba-sak 10110,no.nav.familie.ba.sak.common,YearMonthConverter,4,23,3,3,0,4,3,3,0,3
familie-ba-sak 10110,no.nav.familie.ba.sak.common,NullablePeriode,35,0,4,0,2,0,6,0,4,0
familie-ba-sak 10110,no.nav.familie.ba.sak.common,RessursUtils,46,244,3,3,4,40,5,11,2,11
familie-ba-sak 10110,no.nav.familie.ba.sak.common,BigDecimalUtilsKt,29,0,0,0,2,0,2,0,2,0
familie-ba-sak 10110,no.nav.familie.ba.sak.common,Utils.storForbokstavIHvertOrd.new Function1() {...},8,0,0,0,1,0,1,0,1,0
familie-ba-sak 10110,no.nav.familie.ba.sak.common,YearMonthIterator,85,0,8,0,13,0,9,0,5,0
familie-ba-sak 10110,no.nav.familie.ba.sak.common,CollectionUtilsKt,33,0,6,0,4,0,4,0,1,0
familie-ba-sak 10110,no.nav.familie.ba.sak.common,TidslinjeUtilKt.erUnder6ÅrTidslinje.new Function0() {...},31,0,0,0,5,0,1,0,1,0
familie-ba-sak 10110,no.nav.familie.ba.sak.common,NullableMånedPeriode,15,0,0,0,1,0,3,0,3,0
familie-ba-sak 10110,no.nav.familie.ba.sak.statistikk.producer,DefaultKafkaProducer,390,0,0,0,58,0,18,0,18,0
familie-ba-sak 10110,no.nav.familie.ba.sak.statistikk.producer,DefaultKafkaProducer.sendBarnetrygdBisysMelding.new Function1() {...},22,0,4,0,5,0,3,0,1,0
familie-ba-sak 10110,no.nav.familie.ba.sak.statistikk.producer,MockKafkaProducer.Companion,8,0,0,0,1,0,2,0,2,0
familie-ba-sak 10110,no.nav.familie.ba.sak.statistikk.producer,DefaultKafkaProducer.sendFagsystemsbehandlingResponsForTopicTilbakekreving.new Function1() {...},19,0,4,0,4,0,3,0,1,0
familie-ba-sak 10110,no.nav.familie.ba.sak.statistikk.producer,MockKafkaProducer,117,23,0,0,21,4,7,2,7,2
familie-ba-sak 10110,no.nav.familie.ba.sak.kjerne.eøs.kompetanse,KompetanseController,259,27,44,0,34,6,25,1,3,1
familie-ba-sak 10110,no.nav.familie.ba.sak.kjerne.eøs.kompetanse,KompetanseService,51,16,0,0,5,5,6,1,6,1
familie-ba-sak 10110,no.nav.familie.ba.sak.kjerne.brev.brevBegrunnelseProdusent,GrunnlagForBegrunnelse,45,0,0,0,6,0,6,0,6,0
familie-ba-sak 10110,no.nav.familie.ba.sak.kjerne.brev.brevBegrunnelseProdusent,BrevBegrunnelseProdusentKt.lagBrevBegrunnelse..inlined.sortedBy.new Comparator() {...},15,0,0,0,1,0,1,0,1,0
familie-ba-sak 10110,no.nav.familie.ba.sak.kjerne.brev.brevBegrunnelseProdusent,BrevBegrunnelseProdusentKt,717,0,84,0,104,0,57,0,15,0
familie-ba-sak 10110,no.nav.familie.ba.sak.kjerne.brev.brevBegrunnelseProdusent,SøkersRettTilUtvidet,38,0,3,0,6,0,4,0,2,0
familie-ba-sak 10110,no.nav.familie.ba.sak.kjerne.grunnlag.personopplysninger.statsborgerskap,GrStatsborgerskapKt,91,0,16,0,13,0,13,0,5,0
familie-ba-sak 10110,no.nav.familie.ba.sak.kjerne.grunnlag.personopplysninger.statsborgerskap,GrStatsborgerskap,176,0,18,0,30,0,21,0,12,0
familie-ba-sak 10110,no.nav.familie.ba.sak.kjerne.grunnlag.personopplysninger.statsborgerskap,Norden,55,0,0,0,8,0,1,0,1,0
familie-ba-sak 10110,no.nav.familie.ba.sak.kjerne.grunnlag.personopplysninger.statsborgerskap,StatsborgerskapServiceKt,46,0,4,0,4,0,6,0,4,0
familie-ba-sak 10110,no.nav.familie.ba.sak.kjerne.grunnlag.personopplysninger.statsborgerskap,StatsborgerskapService,385,29,46,0,99,5,32,2,9,2
familie-ba-sak 10110,no.nav.familie.ba.sak.kjerne.grunnlag.personopplysninger.statsborgerskap,StatsborgerskapService.Companion,4,0,0,0,2,0,2,0,2,0
familie-ba-sak 10110,no.nav.familie.ba.sak.kjerne.vedtak.begrunnelser,Standardbegrunnelse.INNVILGET_FØDSELSHENDELSE_NYFØDT_BARN,3,15,0,0,0,3,1,2,1,2
familie-ba-sak 10110,no.nav.familie.ba.sak.kjerne.vedtak.begrunnelser,Standardbegrunnelse.INNVILGET_FLYTTET_ETTER_SEPARASJON,3,15,0,0,0,3,1,2,1,2
familie-ba-sak 10110,no.nav.familie.ba.sak.kjerne.vedtak.begrunnelser,Standardbegrunnelse.AVSLAG_LOVLIG_OPPHOLD_SKJØNNSMESSIG_VURDERING_TREDJELANDSBORGER,3,15,0,0,0,3,1,2,1,2
familie-ba-sak 10110,no.nav.familie.ba.sak.kjerne.vedtak.begrunnelser,Standardbegrunnelse.FORTSATT_INNVILGET_FORTSATT_AVTALE_OM_DELT_BOSTED,3,15,0,0,0,3,1,2,1,2
familie-ba-sak 10110,no.nav.familie.ba.sak.kjerne.vedtak.begrunnelser,Standardbegrunnelse.INNVILGET_OPPHOLD_I_UTLANDET_IKKE_MER_ENN_3_MÅNEDER,3,15,0,0,0,3,1,2,1,2
familie-ba-sak 10110,no.nav.familie.ba.sak.kjerne.vedtak.begrunnelser,Standardbegrunnelse.INNVILGET_MEKLINGSATTEST_OG_VURDERING_EGEN_HUSHOLDNING,3,15,0,0,0,3,1,2,1,2
familie-ba-sak 10110,no.nav.familie.ba.sak.kjerne.vedtak.begrunnelser,Standardbegrunnelse.AVSLAG_LOVLIG_OPPHOLD_EØS_BORGER,3,15,0,0,0,3,1,2,1,2
familie-ba-sak 10110,no.nav.familie.ba.sak.kjerne.vedtak.begrunnelser,Standardbegrunnelse.AVSLAG_BARN_HAR_FAST_BOSTED,3,15,0,0,0,3,1,2,1,2
familie-ba-sak 10110,no.nav.familie.ba.sak.kjerne.vedtak.begrunnelser,Standardbegrunnelse.OPPHØR_VURDERING_FORELDRENE_BODDE_SAMMEN,3,15,0,0,0,3,1,2,1,2
familie-ba-sak 10110,no.nav.familie.ba.sak.kjerne.vedtak.begrunnelser,Standardbegrunnelse.AVSLAG_VURDERING_IKKE_TVUNGENT_PSYKISK_HELSEVERN_SAMBOER,3,15,0,0,0,3,1,2,1,2
familie-ba-sak 10110,no.nav.familie.ba.sak.kjerne.vedtak.begrunnelser,Standardbegrunnelse.ETTER_ENDRET_UTBETALING_ETTERBETALING,3,15,0,0,0,3,1,2,1,2
familie-ba-sak 10110,no.nav.familie.ba.sak.kjerne.vedtak.begrunnelser,EØSStandardbegrunnelse,50,756,2,0,7,124,5,1,4,1
familie-ba-sak 10110,no.nav.familie.ba.sak.kjerne.vedtak.begrunnelser,Standardbegrunnelse.FORTSATT_INNVILGET_GENERELL_BOR_SAMMEN_MED_BARN,3,15,0,0,0,3,1,2,1,2
familie-ba-sak 10110,no.nav.familie.ba.sak.kjerne.vedtak.begrunnelser,EØSStandardbegrunnelse.INNVILGET_SELVSTENDIG_RETT_SEKUNDÆRLAND_FÅR_YTELSE_I_UTLANDET,6,12,0,0,0,3,2,1,2,1
familie-ba-sak 10110,no.nav.familie.ba.sak.kjerne.vedtak.begrunnelser,Standardbegrunnelse.OPPHØR_FLYTTET_FRA_INSTITUSJON,3,15,0,0,0,3,1,2,1,2
familie-ba-sak 10110,no.nav.familie.ba.sak.kjerne.vedtak.begrunnelser,Standardbegrunnelse.FORTSATT_INNVILGET_VURDERING_BOR_ALENE_MED_BARN,3,15,0,0,0,3,1,2,1,2
familie-ba-sak 10110,no.nav.familie.ba.sak.kjerne.vedtak.begrunnelser,Standardbegrunnelse.REDUKSJON_VURDERING_VAR_IKKE_MEDLEM,3,15,0,0,0,3,1,2,1,2
familie-ba-sak 10110,no.nav.familie.ba.sak.kjerne.vedtak.begrunnelser,Standardbegrunnelse.REDUKSJON_AVTALE_DELT_BOSTED_IKKE_GYLDIG,3,15,0,0,0,3,1,2,1,2
familie-ba-sak 10110,no.nav.familie.ba.sak.kjerne.vedtak.begrunnelser,Standardbegrunnelse.INNVILGET_ANNEN_FORELDER_IKKE_SØKT_DELT_BARNETRYGD_ALLE_BARNA,3,15,0,0,0,3,1,2,1,2
familie-ba-sak 10110,no.nav.familie.ba.sak.kjerne.vedtak.begrunnelser,Standardbegrunnelse.FORTSATT_INNVILGET_FENGSEL_SAMBOER,3,15,0,0,0,3,1,2,1,2
familie-ba-sak 10110,no.nav.familie.ba.sak.kjerne.vedtak.begrunnelser,Standardbegrunnelse.INNVILGET_SAMBOER_UTEN_FELLES_BARN_OG_VURDERING_EGEN_HUSHOLDNING,3,15,0,0,0,3,1,2,1,2
familie-ba-sak 10110,no.nav.familie.ba.sak.kjerne.vedtak.begrunnelser,Standardbegrunnelse.REDUKSJON_VURDERING_BARN_FLERE_KORTE_OPPHOLD_I_UTLANDET_SISTE_ÅRENE_,3,15,0,0,0,3,1,2,1,2
familie-ba-sak 10110,no.nav.familie.ba.sak.kjerne.vedtak.begrunnelser,Standardbegrunnelse.REDUKSJON_VURDERING_SAMBOER_MER_ENN_12_MÅNEDER,3,15,0,0,0,3,1,2,1,2
familie-ba-sak 10110,no.nav.familie.ba.sak.kjerne.vedtak.begrunnelser,Standardbegrunnelse.INNVILGET_VURDERING_HELE_FAMILIEN_FRIVILLIG_MEDLEM,3,15,0,0,0,3,1,2,1,2
familie-ba-sak 10110,no.nav.familie.ba.sak.kjerne.vedtak.begrunnelser,Standardbegrunnelse.OPPHØR_BARNET_ER_18_ÅR_INSTITUSJON,3,15,0,0,0,3,1,2,1,2
familie-ba-sak 10110,no.nav.familie.ba.sak.kjerne.vedtak.begrunnelser,Standardbegrunnelse.OPPHØR_AVTALE_DELT_BOSTED_FØLGES_IKKE,3,15,0,0,0,3,1,2,1,2
familie-ba-sak 10110,no.nav.familie.ba.sak.kjerne.vedtak.begrunnelser,Standardbegrunnelse.REDUKSJON_SAMBOER_IKKE_LENGER_FORSVUNNET,3,15,0,0,0,3,1,2,1,2
familie-ba-sak 10110,no.nav.familie.ba.sak.kjerne.vedtak.begrunnelser,Standardbegrunnelse.AVSLAG_EKTEFELLE_FORSVUNNET_MINDRE_ENN_6_MÅNEDER,3,15,0,0,0,3,1,2,1,2
familie-ba-sak 10110,no.nav.familie.ba.sak.kjerne.vedtak.begrunnelser,EØSStandardbegrunnelse.Companion,94,0,0,0,24,0,1,0,1,0
familie-ba-sak 10110,no.nav.familie.ba.sak.kjerne.vedtak.begrunnelser,Standardbegrunnelse.OPPHØR_FORELDRENE_BODD_SAMMEN,3,15,0,0,0,3,1,2,1,2
familie-ba-sak 10110,no.nav.familie.ba.sak.kjerne.vedtak.begrunnelser,Standardbegrunnelse.FORTSATT_INNVILGET_BARN_OG_SØKER_LOVLIG_OPPHOLD_OPPHOLDSTILLATELSE,3,15,0,0,0,3,1,2,1,2
familie-ba-sak 10110,no.nav.familie.ba.sak.kjerne.vedtak.begrunnelser,Standardbegrunnelse.AVSLAG_IKKE_DOKUMENTERT_EKTEFELLE_DØD,3,15,0,0,0,3,1,2,1,2
familie-ba-sak 10110,no.nav.familie.ba.sak.kjerne.vedtak.begrunnelser,Standardbegrunnelse.AVSLAG_VURDERING_FLERE_KORTE_OPPHOLD_I_UTLANDET_SISTE_TO_ÅR,3,15,0,0,0,3,1,2,1,2
familie-ba-sak 10110,no.nav.familie.ba.sak.kjerne.vedtak.begrunnelser,Standardbegrunnelse.INNVILGET_OPPHOLD_PAA_SVALBARD,3,15,0,0,0,3,1,2,1,2
familie-ba-sak 10110,no.nav.familie.ba.sak.kjerne.vedtak.begrunnelser,Standardbegrunnelse.INNVILGET_FULL_UTBETALING_ANNEN_FORELDER_ØNSKER_IKKE_DELT_BARNETRYGD,3,15,0,0,0,3,1,2,1,2
familie-ba-sak 10110,no.nav.familie.ba.sak.kjerne.vedtak.begrunnelser,Standardbegrunnelse.INNVILGET_VURDERING_HELE_FAMILIEN_PLIKTIG_MEDLEM,3,15,0,0,0,3,1,2,1,2
familie-ba-sak 10110,no.nav.familie.ba.sak.kjerne.vedtak.begrunnelser,Standardbegrunnelse.REDUKSJON_BOSATT_I_RIKTET,3,15,0,0,0,3,1,2,1,2
familie-ba-sak 10110,no.nav.familie.ba.sak.kjerne.vedtak.begrunnelser,Standardbegrunnelse.INNVILGET_HELE_FAMILIEN_TRYGDEAVTALE,3,15,0,0,0,3,1,2,1,2
familie-ba-sak 10110,no.nav.familie.ba.sak.kjerne.vedtak.begrunnelser,Standardbegrunnelse.INNVILGET_BARN_16_ÅR,3,15,0,0,0,3,1,2,1,2
familie-ba-sak 10110,no.nav.familie.ba.sak.kjerne.vedtak.begrunnelser,Standardbegrunnelse.FORTSATT_INNVILGET_VAREKTEKTSFENGSEL_GIFT,3,15,0,0,0,3,1,2,1,2
familie-ba-sak 10110,no.nav.familie.ba.sak.kjerne.vedtak.begrunnelser,EØSStandardbegrunnelse.FORTSETT_INNVILGET_SEKUNDÆRLAND_UK_ALENEANSVAR,6,12,0,0,0,3,2,1,2,1
familie-ba-sak 10110,no.nav.familie.ba.sak.kjerne.vedtak.begrunnelser,Standardbegrunnelse.INNVILGET_SAMBOER_UTEN_FELLES_BARN,3,15,0,0,0,3,1,2,1,2
familie-ba-sak 10110,no.nav.familie.ba.sak.kjerne.vedtak.begrunnelser,EØSStandardbegrunnelse.FORTSETT_INNVILGET_SEKUNDÆRLAND_STANDARD,6,12,0,0,0,3,2,1,2,1
familie-ba-sak 10110,no.nav.familie.ba.sak.kjerne.vedtak.begrunnelser,Standardbegrunnelse.AVSLAG_IKKE_OPPHOLDSTILLATELSE_INSTITUSJON,3,15,0,0,0,3,1,2,1,2
familie-ba-sak 10110,no.nav.familie.ba.sak.kjerne.vedtak.begrunnelser,Standardbegrunnelse.REDUKSJON_SATSENDRING,3,15,0,0,0,3,1,2,1,2
familie-ba-sak 10110,no.nav.familie.ba.sak.kjerne.vedtak.begrunnelser,Standardbegrunnelse.FORTSATT_INNVILGET_UENDRET_TRYGD,3,15,0,0,0,3,1,2,1,2
familie-ba-sak 10110,no.nav.familie.ba.sak.kjerne.vedtak.begrunnelser,Standardbegrunnelse.OPPHØR_DELT_BOSTED_OPPHØRT_ENIGHET,3,15,0,0,0,3,1,2,1,2
familie-ba-sak 10110,no.nav.familie.ba.sak.kjerne.vedtak.begrunnelser,EØSStandardbegrunnelse.OPPHØR_SØKER_OG_BARN_BOR_IKKE_I_EØS_LAND,6,12,0,0,0,3,2,1,2,1
familie-ba-sak 10110,no.nav.familie.ba.sak.kjerne.vedtak.begrunnelser,EØSStandardbegrunnelse.AVSLAG_EØS_IKKE_STUDENT,6,12,0,0,0,3,2,1,2,1
familie-ba-sak 10110,no.nav.familie.ba.sak.kjerne.vedtak.begrunnelser,Standardbegrunnelse.ENDRET_UTBETALINGSPERIODE_DELT_BOSTED_KUN_ETTERBETALT_UTVIDET_NY,3,15,0,0,0,3,1,2,1,2
familie-ba-sak 10110,no.nav.familie.ba.sak.kjerne.vedtak.begrunnelser,EØSStandardbegrunnelse.AVSLAG_EØS_IKKE_BOSATT_I_EØS_LAND,6,12,0,0,0,3,2,1,2,1
familie-ba-sak 10110,no.nav.familie.ba.sak.kjerne.vedtak.begrunnelser,Standardbegrunnelse.INNVILGET_MEKLINGSATTEST,3,15,0,0,0,3,1,2,1,2
familie-ba-sak 10110,no.nav.familie.ba.sak.kjerne.vedtak.begrunnelser,EØSStandardbegrunnelse.REDUKSJON_SØKER_BER_OM_OPPHØR_EØS,6,12,0,0,0,3,2,1,2,1
familie-ba-sak 10110,no.nav.familie.ba.sak.kjerne.vedtak.begrunnelser,EØSStandardbegrunnelse.OPPHOR_ETT_BARN_DØD_EØS,6,12,0,0,0,3,2,1,2,1
familie-ba-sak 10110,no.nav.familie.ba.sak.kjerne.vedtak.begrunnelser,Standardbegrunnelse.OPPHØR_UGYLDIG_KONTONUMMER,3,15,0,0,0,3,1,2,1,2
familie-ba-sak 10110,no.nav.familie.ba.sak.kjerne.vedtak.begrunnelser,EØSStandardbegrunnelse.INNVILGET_SELVSTENDIG_RETT_SEKUNDÆRLAND_UK_OG_UTLAND_STANDARD,6,12,0,0,0,3,2,1,2,1
familie-ba-sak 10110,no.nav.familie.ba.sak.kjerne.vedtak.begrunnelser,Standardbegrunnelse.ENDRET_UTBETALING_ETTERBETALING_UTVIDET_EØS,3,15,0,0,0,3,1,2,1,2
familie-ba-sak 10110,no.nav.familie.ba.sak.kjerne.vedtak.begrunnelser,Standardbegrunnelse.AVSLAG_IKKE_FLYTTET_FRA_TIDLIGERE_EKTEFELLE,3,15,0,0,0,3,1,2,1,2
familie-ba-sak 10110,no.nav.familie.ba.sak.kjerne.vedtak.begrunnelser,Standardbegrunnelse.INNVILGET_EØS_BORGER_EKTEFELLE_UTBETALING_FRA_NAV,3,15,0,0,0,3,1,2,1,2
familie-ba-sak 10110,no.nav.familie.ba.sak.kjerne.vedtak.begrunnelser,EØSStandardbegrunnelse.FORTSATT_INNVILGET_TILLEGGSBEGRUNNELSE_UTBETALING_TIL_ANNEN_FORELDER,6,12,0,0,0,3,2,1,2,1
familie-ba-sak 10110,no.nav.familie.ba.sak.kjerne.vedtak.begrunnelser,EØSStandardbegrunnelse.AVSLAG_EØS_UREGISTRERT_BARN,6,12,0,0,0,3,2,1,2,1
familie-ba-sak 10110,no.nav.familie.ba.sak.kjerne.vedtak.begrunnelser,EØSStandardbegrunnelse.FORTSATT_INNVILGET_SELVSTENDIG_RETT_PRIMÆRLAND_UK_STANDARD,6,12,0,0,0,3,2,1,2,1
familie-ba-sak 10110,no.nav.familie.ba.sak.kjerne.vedtak.begrunnelser,Standardbegrunnelse.REDUKSJON_BARN_DØD,3,15,0,0,0,3,1,2,1,2
familie-ba-sak 10110,no.nav.familie.ba.sak.kjerne.vedtak.begrunnelser,Standardbegrunnelse.REDUKSJON_FAST_OMSORG_FOR_BARN,3,15,0,0,0,3,1,2,1,2
familie-ba-sak 10110,no.nav.familie.ba.sak.kjerne.vedtak.begrunnelser,EØSStandardbegrunnelse.INNVILGET_TILLEGGSTEKST_SEKUNDÆR_AVTALE_DELT_BOSTED,6,12,0,0,0,3,2,1,2,1
familie-ba-sak 10110,no.nav.familie.ba.sak.kjerne.vedtak.begrunnelser,EØSStandardbegrunnelse.FORTSATT_INNVILGET_PRIMÆRLAND_UK_STANDARD,6,12,0,0,0,3,2,1,2,1
familie-ba-sak 10110,no.nav.familie.ba.sak.kjerne.vedtak.begrunnelser,Standardbegrunnelse.FORTSATT_INNVILGET_FLERE_BARN_ER_BLITT_NORSKE_STATSBORGERE,3,15,0,0,0,3,1,2,1,2
familie-ba-sak 10110,no.nav.familie.ba.sak.kjerne.vedtak.begrunnelser,Standardbegrunnelse.OPPHØR_SØKER_BER_OM_OPPHØR,3,15,0,0,0,3,1,2,1,2
familie-ba-sak 10110,no.nav.familie.ba.sak.kjerne.vedtak.begrunnelser,EØSStandardbegrunnelse.INNVILGET_PRIMÆRLAND_UK_TO_ARBEIDSLAND_NORGE_UTBETALER,6,12,0,0,0,3,2,1,2,1
familie-ba-sak 10110,no.nav.familie.ba.sak.kjerne.vedtak.begrunnelser,Standardbegrunnelse.OPPHØR_FLERE_BARN_DØD,3,15,0,0,0,3,1,2,1,2
familie-ba-sak 10110,no.nav.familie.ba.sak.kjerne.vedtak.begrunnelser,StandardbegrunnelseUtilsKt,608,0,95,0,97,0,58,0,10,0
familie-ba-sak 10110,no.nav.familie.ba.sak.kjerne.vedtak.begrunnelser,Standardbegrunnelse.OPPHØR_FAST_BOSTED_AVTALE,3,15,0,0,0,3,1,2,1,2
familie-ba-sak 10110,no.nav.familie.ba.sak.kjerne.vedtak.begrunnelser,Standardbegrunnelse.AVSLAG_UREGISTRERT_BARN,3,15,0,0,0,3,1,2,1,2
familie-ba-sak 10110,no.nav.familie.ba.sak.kjerne.vedtak.begrunnelser,Standardbegrunnelse.ETTER_ENDRET_UTBETALING_ETTERBETALING_UTVIDET,3,15,0,0,0,3,1,2,1,2
familie-ba-sak 10110,no.nav.familie.ba.sak.kjerne.vedtak.begrunnelser,EØSStandardbegrunnelse.INNVILGET_SELVSTENDIG_RETT_SEKUNDÆRLAND_STANDARD,6,12,0,0,0,3,2,1,2,1
familie-ba-sak 10110,no.nav.familie.ba.sak.kjerne.vedtak.begrunnelser,EØSStandardbegrunnelse.FORTSATT_INNVILGET_SELVSTENDIG_RETT_SEKUNDAERLAND_UK_OG_UTLAND_STANDARD,6,12,0,0,0,3,2,1,2,1
familie-ba-sak 10110,no.nav.familie.ba.sak.kjerne.vedtak.begrunnelser,EØSStandardbegrunnelse.FORTSETT_INNVILGET_SEKUNDÆRLAND_UK_STANDARD,6,12,0,0,0,3,2,1,2,1
familie-ba-sak 10110,no.nav.familie.ba.sak.kjerne.vedtak.begrunnelser,Standardbegrunnelse.OPPHØR_RETTSAVGJØRELSE_FAST_BOSTED,3,15,0,0,0,3,1,2,1,2
familie-ba-sak 10110,no.nav.familie.ba.sak.kjerne.vedtak.begrunnelser,Standardbegrunnelse.AVSLAG_OMSORG_FOR_BARN,3,15,0,0,0,3,1,2,1,2
familie-ba-sak 10110,no.nav.familie.ba.sak.kjerne.vedtak.begrunnelser,EØSStandardbegrunnelse.INNVILGET_TILLEGGSTEKST_SEKUNDÆR_FULL_UTBETALING,6,12,0,0,0,3,2,1,2,1
familie-ba-sak 10110,no.nav.familie.ba.sak.kjerne.vedtak.begrunnelser,Standardbegrunnelse.INNVILGET_VURDERING_SØKER_OG_BARN_PLIKTIG_MEDLEM,3,15,0,0,0,3,1,2,1,2
familie-ba-sak 10110,no.nav.familie.ba.sak.kjerne.vedtak.begrunnelser,Standardbegrunnelse.OPPHØR_VURDERING_ANNEN_FORELDER_IKKE_MEDLEM,3,15,0,0,0,3,1,2,1,2
familie-ba-sak 10110,no.nav.familie.ba.sak.kjerne.vedtak.begrunnelser,Standardbegrunnelse.INNVILGET_GYLDIG_KONTONUMMER_REGISTRERT,3,15,0,0,0,3,1,2,1,2
familie-ba-sak 10110,no.nav.familie.ba.sak.kjerne.vedtak.begrunnelser,Standardbegrunnelse.INNVILGET_OMSORG_FOR_BARN,3,15,0,0,0,3,1,2,1,2
familie-ba-sak 10110,no.nav.familie.ba.sak.kjerne.vedtak.begrunnelser,Standardbegrunnelse.AVSLAG_VURDERING_IKKE_TVUNGENT_PSYKISK_HELSEVERN_EKTEFELLE,3,15,0,0,0,3,1,2,1,2
familie-ba-sak 10110,no.nav.familie.ba.sak.kjerne.vedtak.begrunnelser,Standardbegrunnelse.REDUKSJON_BARN_6_ÅR_INSTITUSJON,3,15,0,0,0,3,1,2,1,2
familie-ba-sak 10110,no.nav.familie.ba.sak.kjerne.vedtak.begrunnelser,Standardbegrunnelse.AVSLAG_MANGLER_AVTALE_DELT_BOSTED,3,15,0,0,0,3,1,2,1,2
familie-ba-sak 10110,no.nav.familie.ba.sak.kjerne.vedtak.begrunnelser,Standardbegrunnelse.FORTSATT_INNVILGET_OPPDATERT_KONTO_OPPLYSNINGER,3,15,0,0,0,3,1,2,1,2
familie-ba-sak 10110,no.nav.familie.ba.sak.kjerne.vedtak.begrunnelser,EØSStandardbegrunnelse.INNVILGET_TILLEGGSTEKST_SEKUNDÆR_DELT_BOSTED_ANNEN_FORELDER_IKKE_SØKT,6,12,0,0,0,3,2,1,2,1
familie-ba-sak 10110,no.nav.familie.ba.sak.kjerne.vedtak.begrunnelser,Standardbegrunnelse.REDUKSJON_BARN_BOR_I_INSTITUSJON,3,15,0,0,0,3,1,2,1,2
familie-ba-sak 10110,no.nav.familie.ba.sak.kjerne.vedtak.begrunnelser,Standardbegrunnelse.OPPHØR_DELT_BOSTED_OPPHØRT_UENIGHET,3,15,0,0,0,3,1,2,1,2
familie-ba-sak 10110,no.nav.familie.ba.sak.kjerne.vedtak.begrunnelser,Standardbegrunnelse.AVSLAG_IKKE_GYLDIG_AVTALE_DELT_BOSTED,3,15,0,0,0,3,1,2,1,2
familie-ba-sak 10110,no.nav.familie.ba.sak.kjerne.vedtak.begrunnelser,Standardbegrunnelse.INNVILGET_TVUNGENT_PSYKISK_HELSEVERN_SAMBOER,3,15,0,0,0,3,1,2,1,2
familie-ba-sak 10110,no.nav.familie.ba.sak.kjerne.vedtak.begrunnelser,EØSStandardbegrunnelse.REDUKSJON_BARN_DØD_EØS,6,12,0,0,0,3,2,1,2,1
familie-ba-sak 10110,no.nav.familie.ba.sak.kjerne.vedtak.begrunnelser,Standardbegrunnelse.OPPHØR_DEN_ANDRE_FORELDEREN_VAR_IKKE_MEDLEM,3,15,0,0,0,3,1,2,1,2
familie-ba-sak 10110,no.nav.familie.ba.sak.kjerne.vedtak.begrunnelser,Standardbegrunnelse.INNVILGET_FORSVUNNET_SAMBOER,3,15,0,0,0,3,1,2,1,2
familie-ba-sak 10110,no.nav.familie.ba.sak.kjerne.vedtak.begrunnelser,EØSStandardbegrunnelse.AVSLAG_EØS_VURDERING_IKKE_ANSVAR_FOR_BARN,6,12,0,0,0,3,2,1,2,1
familie-ba-sak 10110,no.nav.familie.ba.sak.kjerne.vedtak.begrunnelser,EØSStandardbegrunnelse.INNVILGET_PRIMÆRLAND_TILLEGGSTEKST_VEDTAK_FØR_SED,6,12,0,0,0,3,2,1,2,1
familie-ba-sak 10110,no.nav.familie.ba.sak.kjerne.vedtak.begrunnelser,Standardbegrunnelse.AVSLAG_RETTSAVGJØRELSE_SAMVÆR,3,15,0,0,0,3,1,2,1,2
familie-ba-sak 10110,no.nav.familie.ba.sak.kjerne.vedtak.begrunnelser,Standardbegrunnelse.REDUKSJON_FORELDRENE_BOR_SAMMEN,3,15,0,0,0,3,1,2,1,2
familie-ba-sak 10110,no.nav.familie.ba.sak.kjerne.vedtak.begrunnelser,Standardbegrunnelse.INNVILGET_SØKER_OG_BARN_TRYGDEAVTALE,3,15,0,0,0,3,1,2,1,2
familie-ba-sak 10110,no.nav.familie.ba.sak.kjerne.vedtak.begrunnelser,Standardbegrunnelse.ETTER_ENDRET_UTBETALING_ETTERBETALING_TRE_AAR,3,15,0,0,0,3,1,2,1,2
familie-ba-sak 10110,no.nav.familie.ba.sak.kjerne.vedtak.begrunnelser,Standardbegrunnelse.OPPHØR_BARN_BOR_IKKE_MED_SØKER_ETTER_DELT_BOSTED,3,15,0,0,0,3,1,2,1,2
familie-ba-sak 10110,no.nav.familie.ba.sak.kjerne.vedtak.begrunnelser,Standardbegrunnelse.REDUKSJON_EKTEFELLE_IKKE_I_FENGSEL,3,15,0,0,0,3,1,2,1,2
familie-ba-sak 10110,no.nav.familie.ba.sak.kjerne.vedtak.begrunnelser,Standardbegrunnelse.FORTSATT_INNVILGET_FORSVUNNET_EKTEFELLE,3,15,0,0,0,3,1,2,1,2
familie-ba-sak 10110,no.nav.familie.ba.sak.kjerne.vedtak.begrunnelser,EØSStandardbegrunnelse.INNVILGET_GYLDIG_KONTONUMMER_REGISTRERT_EØS,6,12,0,0,0,3,2,1,2,1
familie-ba-sak 10110,no.nav.familie.ba.sak.kjerne.vedtak.begrunnelser,Standardbegrunnelse.AVSLAG_IKKE_MEDLEM,3,15,0,0,0,3,1,2,1,2
familie-ba-sak 10110,no.nav.familie.ba.sak.kjerne.vedtak.begrunnelser,Standardbegrunnelse.FORTSATT_INNVILGET_BOR_MED_SØKER,3,15,0,0,0,3,1,2,1,2
familie-ba-sak 10110,no.nav.familie.ba.sak.kjerne.vedtak.begrunnelser,Standardbegrunnelse.OPPHØR_SØKER_OG_BARN_IKKE_LENGER_PLIKTIG_MEDLEM,3,15,0,0,0,3,1,2,1,2
familie-ba-sak 10110,no.nav.familie.ba.sak.kjerne.vedtak.begrunnelser,EØSStandardbegrunnelse.FORTSATT_INNVILGET_TILLEGGSTEKST_SEKUNDÆR_FULL_UTBETALING,6,12,0,0,0,3,2,1,2,1
familie-ba-sak 10110,no.nav.familie.ba.sak.kjerne.vedtak.begrunnelser,Standardbegrunnelse.AVSLAG_FORVARING_UNDER_6_MÅNEDER_SAMBOER,3,15,0,0,0,3,1,2,1,2
familie-ba-sak 10110,no.nav.familie.ba.sak.kjerne.vedtak.begrunnelser,Standardbegrunnelse.AVSLAG_IKKE_PLIKTIG_MEDLEM,3,15,0,0,0,3,1,2,1,2
familie-ba-sak 10110,no.nav.familie.ba.sak.kjerne.vedtak.begrunnelser,Standardbegrunnelse.INNVILGET_VURDERING_AVTALE_DELT_BOSTED_FØLGES,3,15,0,0,0,3,1,2,1,2
familie-ba-sak 10110,no.nav.familie.ba.sak.kjerne.vedtak.begrunnelser,EØSStandardbegrunnelse.FORTSATT_INNVILGET_PRIMÆRLAND_UK_ALENEANSVAR,6,12,0,0,0,3,2,1,2,1
familie-ba-sak 10110,no.nav.familie.ba.sak.kjerne.vedtak.begrunnelser,Standardbegrunnelse.REDUKSJON_SØKER_GIFTER_SEG,3,15,0,0,0,3,1,2,1,2
familie-ba-sak 10110,no.nav.familie.ba.sak.kjerne.vedtak.begrunnelser,Standardbegrunnelse.OPPHØR_DELT_BOSTED_SØKER_BER_OM_OPPHØR,3,15,0,0,0,3,1,2,1,2
familie-ba-sak 10110,no.nav.familie.ba.sak.kjerne.vedtak.begrunnelser,Standardbegrunnelse.REDUKSJON_ANDRE_FORELDER_VAR_IKKE_MEDLEM,3,15,0,0,0,3,1,2,1,2
familie-ba-sak 10110,no.nav.familie.ba.sak.kjerne.vedtak.begrunnelser,Standardbegrunnelse.INNVILGET_FENGSEL_SAMBOER,3,15,0,0,0,3,1,2,1,2
familie-ba-sak 10110,no.nav.familie.ba.sak.kjerne.vedtak.begrunnelser,Standardbegrunnelse.REDUKSJON_FLYTTET_SAMMEN_MED_EKTEFELLE,3,15,0,0,0,3,1,2,1,2
familie-ba-sak 10110,no.nav.familie.ba.sak.kjerne.vedtak.begrunnelser,Standardbegrunnelse.AVSLAG_FORVARING_UNDER_6_MÅNEDER_EKTEFELLE,3,15,0,0,0,3,1,2,1,2
familie-ba-sak 10110,no.nav.familie.ba.sak.kjerne.vedtak.begrunnelser,EØSStandardbegrunnelse.INNVILGET_SELVSTENDIG_RETT_PRIMÆRLAND_UTSENDT_ARBEIDSTAKER,6,12,0,0,0,3,2,1,2,1
familie-ba-sak 10110,no.nav.familie.ba.sak.kjerne.vedtak.begrunnelser,Standardbegrunnelse.REDUKSJON_DELT_BOSTED_UENIGHET,3,15,0,0,0,3,1,2,1,2
familie-ba-sak 10110,no.nav.familie.ba.sak.kjerne.vedtak.begrunnelser,Standardbegrunnelse.INNVILGET_BOSATT_I_RIKTET_LOVLIG_OPPHOLD,3,15,0,0,0,3,1,2,1,2
familie-ba-sak 10110,no.nav.familie.ba.sak.kjerne.vedtak.begrunnelser,Standardbegrunnelse.REDUKSJON_VURDERING_ANDRE_FORELDER_VAR_IKKE_MEDLEM,3,15,0,0,0,3,1,2,1,2
familie-ba-sak 10110,no.nav.familie.ba.sak.kjerne.vedtak.begrunnelser,EØSStandardbegrunnelse.INNVILGET_SEKUNDÆRLAND_TO_ARBEIDSLAND_NORGE_UTBETALER,6,12,0,0,0,3,2,1,2,1
familie-ba-sak 10110,no.nav.familie.ba.sak.kjerne.vedtak.begrunnelser,Standardbegrunnelse.REDUKSJON_VURDERING_FORELDRENE_BODDE_SAMMEN,3,15,0,0,0,3,1,2,1,2
familie-ba-sak 10110,no.nav.familie.ba.sak.kjerne.vedtak.begrunnelser,EØSStandardbegrunnelse.INNVILGET_PRIMÆRLAND_BARNET_FLYTTET_TIL_NORGE,6,12,0,0,0,3,2,1,2,1
familie-ba-sak 10110,no.nav.familie.ba.sak.kjerne.vedtak.begrunnelser,EØSStandardbegrunnelse.INNVILGET_SEKUNDÆRLAND_STANDARD,6,12,0,0,0,3,2,1,2,1
familie-ba-sak 10110,no.nav.familie.ba.sak.kjerne.vedtak.begrunnelser,Standardbegrunnelse.REDUKSJON_LOVLIG_OPPHOLD_OPPHOLDSTILLATELSE_BARN,3,15,0,0,0,3,1,2,1,2
familie-ba-sak 10110,no.nav.familie.ba.sak.kjerne.vedtak.begrunnelser,EØSStandardbegrunnelse.INNVILGET_PRIMÆRLAND_UK_STANDARD,6,12,0,0,0,3,2,1,2,1
familie-ba-sak 10110,no.nav.familie.ba.sak.kjerne.vedtak.begrunnelser,Standardbegrunnelse.ENDRET_UTBETALING_ALLEREDE_UTBETALT_FORELDRE_BOR_SAMMEN,3,15,0,0,0,3,1,2,1,2
familie-ba-sak 10110,no.nav.familie.ba.sak.kjerne.vedtak.begrunnelser,Standardbegrunnelse.INNVILGET_BARN_16ÅR_UTVIDET_FRA_FLYTTING,3,15,0,0,0,3,1,2,1,2
familie-ba-sak 10110,no.nav.familie.ba.sak.kjerne.vedtak.begrunnelser,Standardbegrunnelse.INNVILGET_HELE_FAMILIEN_FRIVILLIG_MEDLEM,3,15,0,0,0,3,1,2,1,2
familie-ba-sak 10110,no.nav.familie.ba.sak.kjerne.vedtak.begrunnelser,Standardbegrunnelse.INNVILGET_FORVARING_GIFT,3,15,0,0,0,3,1,2,1,2
familie-ba-sak 10110,no.nav.familie.ba.sak.kjerne.vedtak.begrunnelser,Standardbegrunnelse.REDUKSJON_FLYTTET_SAMMEN_MED_ANNEN_FORELDER,3,15,0,0,0,3,1,2,1,2
familie-ba-sak 10110,no.nav.familie.ba.sak.kjerne.vedtak.begrunnelser,Standardbegrunnelse.INNVILGET_BOR_HOS_SØKER,3,15,0,0,0,3,1,2,1,2
familie-ba-sak 10110,no.nav.familie.ba.sak.kjerne.vedtak.begrunnelser,Standardbegrunnelse.ETTER_ENDRET_UTBETALING_HAR_AVTALE_DELT_BOSTED,3,15,0,0,0,3,1,2,1,2
familie-ba-sak 10110,no.nav.familie.ba.sak.kjerne.vedtak.begrunnelser,Standardbegrunnelse.OPPHØR_BEGGE_FORELDRE_FÅTT_BARNETRYGD,3,15,0,0,0,3,1,2,1,2
familie-ba-sak 10110,no.nav.familie.ba.sak.kjerne.vedtak.begrunnelser,Standardbegrunnelse.AVSLAG_VURDERING_IKKE_FLYTTET_FRA_TIDLIGERE_EKTEFELLE,3,15,0,0,0,3,1,2,1,2
familie-ba-sak 10110,no.nav.familie.ba.sak.kjerne.vedtak.begrunnelser,Standardbegrunnelse.INNVILGET_FAKTISK_SEPARASJON_SEPARERT_ETTERPÅ,3,15,0,0,0,3,1,2,1,2
familie-ba-sak 10110,no.nav.familie.ba.sak.kjerne.vedtak.begrunnelser,Standardbegrunnelse.INNVILGET_TILLEGGSTEKST_EØS_BORGER_EKTEFELLE_JOBBER,3,15,0,0,0,3,1,2,1,2
familie-ba-sak 10110,no.nav.familie.ba.sak.kjerne.vedtak.begrunnelser,Standardbegrunnelse.AVSLAG_IKKE_EGEN_HUSHOLDNING_GIFT,3,15,0,0,0,3,1,2,1,2
familie-ba-sak 10110,no.nav.familie.ba.sak.kjerne.vedtak.begrunnelser,Standardbegrunnelse.INNVILGET_LOVLIG_OPPHOLD_SKJØNNSMESSIG_VURDERING_TREDJELANDSBORGER,3,15,0,0,0,3,1,2,1,2
familie-ba-sak 10110,no.nav.familie.ba.sak.kjerne.vedtak.begrunnelser,Standardbegrunnelse.ENDRET_UTBETALINGSPERIODE_DELT_BOSTED_MOTTATT_FULL_ORDINÆR_ETTERBETALT_UTVIDET_NY,3,15,0,0,0,3,1,2,1,2
familie-ba-sak 10110,no.nav.familie.ba.sak.kjerne.vedtak.begrunnelser,EØSStandardbegrunnelse.FORTSETT_INNVILGET_SEKUNDÆRLAND_UK_OG_UTLAND_STANDARD,6,12,0,0,0,3,2,1,2,1
familie-ba-sak 10110,no.nav.familie.ba.sak.kjerne.vedtak.begrunnelser,Standardbegrunnelse.REDUKSJON_AVTALE_DELT_BOSTED_FØLGES_IKKE,3,15,0,0,0,3,1,2,1,2
familie-ba-sak 10110,no.nav.familie.ba.sak.kjerne.vedtak.begrunnelser,EØSStandardbegrunnelse.INNVILGET_TILLEGGSTEKST_VALUTAJUSTERING,6,12,0,0,0,3,2,1,2,1
familie-ba-sak 10110,no.nav.familie.ba.sak.kjerne.vedtak.begrunnelser,Standardbegrunnelse.ENDRET_UTBETALING_SEKUNDÆR_DELT_BOSTED_FULL_UTBETALING_FØR_SØKNAD,3,15,0,0,0,3,1,2,1,2
familie-ba-sak 10110,no.nav.familie.ba.sak.kjerne.vedtak.begrunnelser,EØSStandardbegrunnelse.INNVILGET_PRIMÆRLAND_UK_TO_ARBEIDSLAND_ANNET_LAND_UTBETALER,6,12,0,0,0,3,2,1,2,1
familie-ba-sak 10110,no.nav.familie.ba.sak.kjerne.vedtak.begrunnelser,Standardbegrunnelse.REDUKSJON_VURDERING_FLYTTET_SAMMEN_MED_EKTEFELLE,3,15,0,0,0,3,1,2,1,2
familie-ba-sak 10110,no.nav.familie.ba.sak.kjerne.vedtak.begrunnelser,EØSStandardbegrunnelse.INNVILGET_SEKUNDÆRLAND_UK_TO_ARBEIDSLAND_NORGE_UTBETALER,6,12,0,0,0,3,2,1,2,1
familie-ba-sak 10110,no.nav.familie.ba.sak.kjerne.vedtak.begrunnelser,EØSStandardbegrunnelse.INNVILGET_TILLEGGSTEKST_PRIMÆR_DELT_BOSTED_ANNEN_FORELDER_IKKE_RETT,6,12,0,0,0,3,2,1,2,1
familie-ba-sak 10110,no.nav.familie.ba.sak.kjerne.vedtak.begrunnelser,Standardbegrunnelse.REDUKSJON_IKKE_AVTALE_DELT_BOSTED,3,15,0,0,0,3,1,2,1,2
familie-ba-sak 10110,no.nav.familie.ba.sak.kjerne.vedtak.begrunnelser,Standardbegrunnelse.INNVILGET_ENIGHET_OM_OPPHØR_AV_AVTALE_OM_DELT_BOSTED,3,15,0,0,0,3,1,2,1,2
familie-ba-sak 10110,no.nav.familie.ba.sak.kjerne.vedtak.begrunnelser,Standardbegrunnelse.INNVILGET_TILLEGGSTEKST_SAMBOER_UNDER_12_MÅNEDER_FØR_NYTT_BARN,3,15,0,0,0,3,1,2,1,2
familie-ba-sak 10110,no.nav.familie.ba.sak.kjerne.vedtak.begrunnelser,Standardbegrunnelse.INNVILGET_TILLEGGSTEKST_EØS_BORGER_SAMBOER_UTBETALING_NAV,3,15,0,0,0,3,1,2,1,2
familie-ba-sak 10110,no.nav.familie.ba.sak.kjerne.vedtak.begrunnelser,Standardbegrunnelse.AVSLAG_VURDERING_IKKE_FLYTTET_FRA_EKTEFELLE,3,15,0,0,0,3,1,2,1,2
familie-ba-sak 10110,no.nav.familie.ba.sak.kjerne.vedtak.begrunnelser,Standardbegrunnelse.INNVILGET_AVTALE_DELT_BOSTED_FÅR_FRA_FLYTTETIDSPUNKT,3,15,0,0,0,3,1,2,1,2
familie-ba-sak 10110,no.nav.familie.ba.sak.kjerne.vedtak.begrunnelser,Standardbegrunnelse.INNVILGET_BOR_FAST_I_INSTITUSJON,3,15,0,0,0,3,1,2,1,2
familie-ba-sak 10110,no.nav.familie.ba.sak.kjerne.vedtak.begrunnelser,Standardbegrunnelse.FORTSATT_INNVILGET_BARN_BOSATT_I_RIKET,3,15,0,0,0,3,1,2,1,2
familie-ba-sak 10110,no.nav.familie.ba.sak.kjerne.vedtak.begrunnelser,EØSStandardbegrunnelse.INNVILGET_SEKUNDÆRLAND_ALENEANSVAR,6,12,0,0,0,3,2,1,2,1
familie-ba-sak 10110,no.nav.familie.ba.sak.kjerne.vedtak.begrunnelser,Standardbegrunnelse.INNVILGET_LOVLIG_OPPHOLD_OPPHOLDSTILLATELSE,3,15,0,0,0,3,1,2,1,2
familie-ba-sak 10110,no.nav.familie.ba.sak.kjerne.vedtak.begrunnelser,Standardbegrunnelse.OPPHØR_HAR_IKKE_OPPHOLDSTILLATELSE,3,15,0,0,0,3,1,2,1,2
familie-ba-sak 10110,no.nav.familie.ba.sak.kjerne.vedtak.begrunnelser,Standardbegrunnelse.AVSLAG_IKKE_BOSATT_I_INSTITUSJON,3,15,0,0,0,3,1,2,1,2
familie-ba-sak 10110,no.nav.familie.ba.sak.kjerne.vedtak.begrunnelser,EØSStandardbegrunnelse.INNVILGET_PRIMÆRLAND_BARNET_BOR_I_NORGE,6,12,0,0,0,3,2,1,2,1
familie-ba-sak 10110,no.nav.familie.ba.sak.kjerne.vedtak.begrunnelser,Standardbegrunnelse.OPPHØR_BARN_HADDE_IKKE_OPPHOLDSTILLATELSE_INSTITUSJON,3,15,0,0,0,3,1,2,1,2
familie-ba-sak 10110,no.nav.familie.ba.sak.kjerne.vedtak.begrunnelser,Standardbegrunnelse.INNVILGET_TILLEGGSTEKST_TRANSPORTERKLÆRING_HELE_ETTERBETALINGEN,3,15,0,0,0,3,1,2,1,2
familie-ba-sak 10110,no.nav.familie.ba.sak.kjerne.vedtak.begrunnelser,EØSStandardbegrunnelse.INNVILGET_PRIMÆRLAND_TO_ARBEIDSLAND_ANNET_LAND_UTBETALER,6,12,0,0,0,3,2,1,2,1
familie-ba-sak 10110,no.nav.familie.ba.sak.kjerne.vedtak.begrunnelser,Standardbegrunnelse.INNVILGET_AVTALE_DELT_BOSTED_FÅR_FRA_AVTALETIDSPUNKT,3,15,0,0,0,3,1,2,1,2
familie-ba-sak 10110,no.nav.familie.ba.sak.kjerne.vedtak.begrunnelser,EØSStandardbegrunnelse.INNVILGET_SEKUNDÆRLAND_BEGGE_FORELDRE_BOSATT_I_NORGE,6,12,0,0,0,3,2,1,2,1
familie-ba-sak 10110,no.nav.familie.ba.sak.kjerne.vedtak.begrunnelser,Standardbegrunnelse.INNVILGET_SØKER_OG_BARN_PLIKTIG_MEDLEM,3,15,0,0,0,3,1,2,1,2
familie-ba-sak 10110,no.nav.familie.ba.sak.kjerne.vedtak.begrunnelser,EØSStandardbegrunnelse.INNVILGET_SEKUNDÆRLAND_UK_OG_UTLAND_STANDARD,6,12,0,0,0,3,2,1,2,1
familie-ba-sak 10110,no.nav.familie.ba.sak.kjerne.vedtak.begrunnelser,Standardbegrunnelse.INNVILGET_LOVLIG_OPPHOLD_EØS_BORGER_SKJØNNSMESSIG_VURDERING,3,15,0,0,0,3,1,2,1,2
familie-ba-sak 10110,no.nav.familie.ba.sak.kjerne.vedtak.begrunnelser,Standardbegrunnelse.INNVILGET_TREDJELANDSBORGER_LOVLIG_OPPHOLD_FOR_BOSATT_I_NORGE,3,15,0,0,0,3,1,2,1,2
familie-ba-sak 10110,no.nav.familie.ba.sak.kjerne.vedtak.begrunnelser,EØSStandardbegrunnelse.INNVILGET_SELVSTENDIG_RETT_PRIMÆRLAND_FÅR_YTELSE_I_UTLANDET,6,12,0,0,0,3,2,1,2,1
familie-ba-sak 10110,no.nav.familie.ba.sak.kjerne.vedtak.begrunnelser,Standardbegrunnelse.REDUKSJON_ANNEN_FORELDER_IKKE_MEDLEM,3,15,0,0,0,3,1,2,1,2
familie-ba-sak 10110,no.nav.familie.ba.sak.kjerne.vedtak.begrunnelser,Standardbegrunnelse.OPPHØR_IKKE_OPPHOLDSTILLATELSE,3,15,0,0,0,3,1,2,1,2
familie-ba-sak 10110,no.nav.familie.ba.sak.kjerne.vedtak.begrunnelser,Standardbegrunnelse.FORTSATT_INNVILGET_BRUKER_ER_BLITT_NORSK_STATSBORGER,3,15,0,0,0,3,1,2,1,2
familie-ba-sak 10110,no.nav.familie.ba.sak.kjerne.vedtak.begrunnelser,Standardbegrunnelse.REDUKSJON_SMÅBARNSTILLEGG_IKKE_LENGER_BARN_UNDER_TRE_ÅR,3,15,0,0,0,3,1,2,1,2
familie-ba-sak 10110,no.nav.familie.ba.sak.kjerne.vedtak.begrunnelser,Standardbegrunnelse.AVSLAG_FORELDRENE_BOR_SAMMEN,3,15,0,0,0,3,1,2,1,2
familie-ba-sak 10110,no.nav.familie.ba.sak.kjerne.vedtak.begrunnelser,Standardbegrunnelse.REDUKSJON_VURDERING_FLYTTET_SAMMEN_MED_ANNEN_FORELDER,3,15,0,0,0,3,1,2,1,2
familie-ba-sak 10110,no.nav.familie.ba.sak.kjerne.vedtak.begrunnelser,Standardbegrunnelse.REDUKSJON_EKTEFELLE_IKKE_I_TVUNGENT_PSYKISK_HELSEVERN,3,15,0,0,0,3,1,2,1,2
familie-ba-sak 10110,no.nav.familie.ba.sak.kjerne.vedtak.begrunnelser,Standardbegrunnelse.FORTSATT_INNVILGET_SØKER_BOSATT_I_RIKET,3,15,0,0,0,3,1,2,1,2
familie-ba-sak 10110,no.nav.familie.ba.sak.kjerne.vedtak.begrunnelser,Standardbegrunnelse.AVSLAG_LOVLIG_OPPHOLD_TREDJELANDSBORGER,3,15,0,0,0,3,1,2,1,2
familie-ba-sak 10110,no.nav.familie.ba.sak.kjerne.vedtak.begrunnelser,EØSStandardbegrunnelse.FORTSATT_INNVILGET_PRIMÆRLAND_SÆRKULLSBARN_ANDRE_BARN_OVERTATT_ANSVAR,6,12,0,0,0,3,2,1,2,1
familie-ba-sak 10110,no.nav.familie.ba.sak.kjerne.vedtak.begrunnelser,Standardbegrunnelse.AVSLAG_VURDERING_IKKE_MEKLINGSATTEST,3,15,0,0,0,3,1,2,1,2
familie-ba-sak 10110,no.nav.familie.ba.sak.kjerne.vedtak.begrunnelser,Standardbegrunnelse.AVSLAG_IKKE_EGEN_HUSHOLDNING_SAMBOER,3,15,0,0,0,3,1,2,1,2
familie-ba-sak 10110,no.nav.familie.ba.sak.kjerne.vedtak.begrunnelser,Standardbegrunnelse.REDUKSJON_RETTSAVGJØRELSE_FAST_BOSTED,3,15,0,0,0,3,1,2,1,2
familie-ba-sak 10110,no.nav.familie.ba.sak.kjerne.vedtak.begrunnelser,Standardbegrunnelse.REDUKSJON_SØKER_BER_OM_OPPHØR,3,15,0,0,0,3,1,2,1,2
familie-ba-sak 10110,no.nav.familie.ba.sak.kjerne.vedtak.begrunnelser,Standardbegrunnelse.INNVILGET_SKILT,3,15,0,0,0,3,1,2,1,2
familie-ba-sak 10110,no.nav.familie.ba.sak.kjerne.vedtak.begrunnelser,Standardbegrunnelse.OPPHØR_BOSATT_I_NORGE_VAR_IKKE_MEDLEM,3,15,0,0,0,3,1,2,1,2
familie-ba-sak 10110,no.nav.familie.ba.sak.kjerne.vedtak.begrunnelser,Standardbegrunnelse.INNVILGET_OVERGANG_EØS_TIL_NASJONAL_SEPARASJONSAVTALEN,3,15,0,0,0,3,1,2,1,2
familie-ba-sak 10110,no.nav.familie.ba.sak.kjerne.vedtak.begrunnelser,EØSStandardbegrunnelse.AVSLAG_EØS_UTSENDT_ARBEIDSTAKER_FRA_ANNET_EØS_LAND,6,12,0,0,0,3,2,1,2,1
familie-ba-sak 10110,no.nav.familie.ba.sak.kjerne.vedtak.begrunnelser,EØSStandardbegrunnelse.OPPHØR_SELVSTENDIG_RETT_UTSENDT_ARBEIDSTAKER_FRA_ANNET_EØS_LAND,6,12,0,0,0,3,2,1,2,1
familie-ba-sak 10110,no.nav.familie.ba.sak.kjerne.vedtak.begrunnelser,Standardbegrunnelse.AVSLAG_SAMBOER,3,15,0,0,0,3,1,2,1,2
familie-ba-sak 10110,no.nav.familie.ba.sak.kjerne.vedtak.begrunnelser,Standardbegrunnelse.INNVILGET_DATO_SKRIFTLIG_AVTALE_DELT_BOSTED,3,15,0,0,0,3,1,2,1,2
familie-ba-sak 10110,no.nav.familie.ba.sak.kjerne.vedtak.begrunnelser,EØSStandardbegrunnelse.AVSLAG_EØS_IKKE_OPPHOLDSRETT_SOM_FAMILIEMEDLEM_AV_EØS_BORGER,6,12,0,0,0,3,2,1,2,1
familie-ba-sak 10110,no.nav.familie.ba.sak.kjerne.vedtak.begrunnelser,Standardbegrunnelse.INNVILGET_FENGSEL_GIFT,3,15,0,0,0,3,1,2,1,2
familie-ba-sak 10110,no.nav.familie.ba.sak.kjerne.vedtak.begrunnelser,Standardbegrunnelse.REDUKSJON_FAST_BOSTED_AVTALE,3,15,0,0,0,3,1,2,1,2
familie-ba-sak 10110,no.nav.familie.ba.sak.kjerne.vedtak.begrunnelser,Standardbegrunnelse.INNVILGET_SKILT_OG_VURDERING_EGEN_HUSHOLDNING,3,15,0,0,0,3,1,2,1,2
familie-ba-sak 10110,no.nav.familie.ba.sak.kjerne.vedtak.begrunnelser,EØSStandardbegrunnelse.INNVILGET_PRIMÆRLAND_BARNETRYGD_ALLEREDE_UTBETALT,6,12,0,0,0,3,2,1,2,1
familie-ba-sak 10110,no.nav.familie.ba.sak.kjerne.vedtak.begrunnelser,Standardbegrunnelse.REDUKSJON_ANNEN_FORELDER_IKKE_LENGER_FRIVILLIG_MEDLEM,3,15,0,0,0,3,1,2,1,2
familie-ba-sak 10110,no.nav.familie.ba.sak.kjerne.vedtak.begrunnelser,Standardbegrunnelse.AVSLAG_AVTALE_OM_DELT_BOSTED_FØLGES_FORTSATT,3,15,0,0,0,3,1,2,1,2
familie-ba-sak 10110,no.nav.familie.ba.sak.kjerne.vedtak.begrunnelser,Standardbegrunnelse.REDUKSJON_UNDER_18_ÅR,3,15,0,0,0,3,1,2,1,2
familie-ba-sak 10110,no.nav.familie.ba.sak.kjerne.vedtak.begrunnelser,Standardbegrunnelse.AVSLAG_IKKE_DELT_FORELDRENE_BOR_SAMMEN,3,15,0,0,0,3,1,2,1,2
familie-ba-sak 10110,no.nav.familie.ba.sak.kjerne.vedtak.begrunnelser,Standardbegrunnelse.REDUKSJON_VURDERING_FORELDRENE_BOR_SAMMEN,3,15,0,0,0,3,1,2,1,2
familie-ba-sak 10110,no.nav.familie.ba.sak.kjerne.vedtak.begrunnelser,Standardbegrunnelse.OPPHØR_VURDERING_SØKER_OG_BARN_IKKE_MEDLEM,3,15,0,0,0,3,1,2,1,2
familie-ba-sak 10110,no.nav.familie.ba.sak.kjerne.vedtak.begrunnelser,EØSStandardbegrunnelse.INNVILGET_PRIMÆRLAND_BEGGE_FORELDRE_JOBBER_I_NORGE,6,12,0,0,0,3,2,1,2,1
familie-ba-sak 10110,no.nav.familie.ba.sak.kjerne.vedtak.begrunnelser,Standardbegrunnelse.REDUKSJON_DELT_BARNETRYGD_HASTEVEDTAK,3,15,0,0,0,3,1,2,1,2
familie-ba-sak 10110,no.nav.familie.ba.sak.kjerne.vedtak.begrunnelser,Standardbegrunnelse.AVSLAG_UGYLDIG_AVTALE_OM_DELT_BOSTED,3,15,0,0,0,3,1,2,1,2
familie-ba-sak 10110,no.nav.familie.ba.sak.kjerne.vedtak.begrunnelser,Standardbegrunnelse.REDUKSJON_FORELDRENE_BOR_SAMMEN_ANNEN_FORELDER_SØKT,3,15,0,0,0,3,1,2,1,2
familie-ba-sak 10110,no.nav.familie.ba.sak.kjerne.vedtak.begrunnelser,EØSStandardbegrunnelse.INNVILGET_PRIMÆRLAND_DEN_ANDRE_FORELDEREN_UTSENDT_ARBEIDSTAKER,6,12,0,0,0,3,2,1,2,1
familie-ba-sak 10110,no.nav.familie.ba.sak.kjerne.vedtak.begrunnelser,Standardbegrunnelse.OPPHØR_BARN_DØD,3,15,0,0,0,3,1,2,1,2
familie-ba-sak 10110,no.nav.familie.ba.sak.kjerne.vedtak.begrunnelser,Standardbegrunnelse.ENDRET_UTBETALING_ETTERBETALING_TRE_ÅR_TILBAKE_I_TID_KUN_UTVIDET_DEL_UTBETALING,3,15,0,0,0,3,1,2,1,2
familie-ba-sak 10110,no.nav.familie.ba.sak.kjerne.vedtak.begrunnelser,Standardbegrunnelse.REDUKSJON_SMÅBARNSTILLEGG_IKKE_LENGER_FULL_OVERGANGSSTØNAD,3,15,0,0,0,3,1,2,1,2
familie-ba-sak 10110,no.nav.familie.ba.sak.kjerne.vedtak.begrunnelser,EØSStandardbegrunnelse.REDUKSJON_IKKE_ANSVAR_FOR_BARN,6,12,0,0,0,3,2,1,2,1
familie-ba-sak 10110,no.nav.familie.ba.sak.kjerne.vedtak.begrunnelser,EØSStandardbegrunnelse.AVSLAG_SELVSTENDIG_RETT_UTSENDT_ARBEIDSTAKER_FRA_ANNET_EØS_LAND,6,12,0,0,0,3,2,1,2,1
familie-ba-sak 10110,no.nav.familie.ba.sak.kjerne.vedtak.begrunnelser,Standardbegrunnelse.ENDRET_UTBETALING_ETTERBETALT_UTVIDET_DEL_FRA_AVTALETIDSPUNKT_SØKT_FOR_PRAKTISERT_DELT,3,15,0,0,0,3,1,2,1,2
familie-ba-sak 10110,no.nav.familie.ba.sak.kjerne.vedtak.begrunnelser,Standardbegrunnelse.AVSLAG_VURDERING_ANNEN_FORELDER_IKKE_MEDLEM,3,15,0,0,0,3,1,2,1,2
familie-ba-sak 10110,no.nav.familie.ba.sak.kjerne.vedtak.begrunnelser,EØSStandardbegrunnelse.OPPHØR_IKKE_OPPHOLDSRETT_SOM_FAMILIEMEDLEM,6,12,0,0,0,3,2,1,2,1
familie-ba-sak 10110,no.nav.familie.ba.sak.kjerne.vedtak.begrunnelser,Standardbegrunnelse.INNVILGET_TILLEGGSTEKST_OPPHØR_UTVIDET_NYFØDT_BARN,3,15,0,0,0,3,1,2,1,2
familie-ba-sak 10110,no.nav.familie.ba.sak.kjerne.vedtak.begrunnelser,Standardbegrunnelse.FORTSATT_INNVILGET_SØKER_LOVLIG_OPPHOLD_OPPHOLDSTILLATELSE,3,15,0,0,0,3,1,2,1,2
familie-ba-sak 10110,no.nav.familie.ba.sak.kjerne.vedtak.begrunnelser,Standardbegrunnelse.FORTSATT_INNVILGET_BOSATT_I_INSTITUSJON,3,15,0,0,0,3,1,2,1,2
familie-ba-sak 10110,no.nav.familie.ba.sak.kjerne.vedtak.begrunnelser,EØSStandardbegrunnelse.FORTSETT_INNVILGET_SEKUNDÆRLAND_TO_ARBEIDSLAND_NORGE_UTBETALER,6,12,0,0,0,3,2,1,2,1
familie-ba-sak 10110,no.nav.familie.ba.sak.kjerne.vedtak.begrunnelser,Standardbegrunnelse.INNVILGET_BOR_HOS_SØKER_SKJØNNSMESSIG,3,15,0,0,0,3,1,2,1,2
familie-ba-sak 10110,no.nav.familie.ba.sak.kjerne.vedtak.begrunnelser,Standardbegrunnelse.INNVILGET_TVUNGENT_PSYKISK_HELSEVERN_GIFT,3,15,0,0,0,3,1,2,1,2
familie-ba-sak 10110,no.nav.familie.ba.sak.kjerne.vedtak.begrunnelser,EØSStandardbegrunnelse.OPPHØR_EØS_SØKER_BER_OM_OPPHØR,6,12,0,0,0,3,2,1,2,1
familie-ba-sak 10110,no.nav.familie.ba.sak.kjerne.vedtak.begrunnelser,Standardbegrunnelse.REDUKSJON_SAMBOER_IKKE_I_FENGSEL,3,15,0,0,0,3,1,2,1,2
familie-ba-sak 10110,no.nav.familie.ba.sak.kjerne.vedtak.begrunnelser,StandardbegrunnelseKt,104,0,8,0,12,0,8,0,4,0
familie-ba-sak 10110,no.nav.familie.ba.sak.kjerne.vedtak.begrunnelser,Standardbegrunnelse.ETTER_ENDRET_UTBETALING_RETTSAVGJØRELSE_DELT_BOSTED,3,15,0,0,0,3,1,2,1,2
familie-ba-sak 10110,no.nav.familie.ba.sak.kjerne.vedtak.begrunnelser,Standardbegrunnelse.INNVILGET_EØS_BORGER_JOBBER,3,15,0,0,0,3,1,2,1,2
familie-ba-sak 10110,no.nav.familie.ba.sak.kjerne.vedtak.begrunnelser,Standardbegrunnelse.REDUKSJON_AVTALE_FAST_BOSTED,3,15,0,0,0,3,1,2,1,2
familie-ba-sak 10110,no.nav.familie.ba.sak.kjerne.vedtak.begrunnelser,Standardbegrunnelse.INNVILGET_FORSVUNNET_EKTEFELLE,3,15,0,0,0,3,1,2,1,2
familie-ba-sak 10110,no.nav.familie.ba.sak.kjerne.vedtak.begrunnelser,EØSStandardbegrunnelse.FORTSETT_INNVILGET_PRIMÆRLAND_TILLEGGSTEKST_VEDTAK_FØR_SED,6,12,0,0,0,3,2,1,2,1
familie-ba-sak 10110,no.nav.familie.ba.sak.kjerne.vedtak.begrunnelser,Standardbegrunnelse.INNVILGET_SEPARERT_OG_VURDERING_EGEN_HUSHOLDNING,3,15,0,0,0,3,1,2,1,2
familie-ba-sak 10110,no.nav.familie.ba.sak.kjerne.vedtak.begrunnelser,EØSStandardbegrunnelse.INNVILGET_TILLEGGSTEKST_SATSENDRING,6,12,0,0,0,3,2,1,2,1
familie-ba-sak 10110,no.nav.familie.ba.sak.kjerne.vedtak.begrunnelser,Standardbegrunnelse.AVSLAG_IKKE_MEKLINGSATTEST,3,15,0,0,0,3,1,2,1,2
familie-ba-sak 10110,no.nav.familie.ba.sak.kjerne.vedtak.begrunnelser,Standardbegrunnelse.INNVILGET_FAKTISK_SEPARASJON,3,15,0,0,0,3,1,2,1,2
familie-ba-sak 10110,no.nav.familie.ba.sak.kjerne.vedtak.begrunnelser,Standardbegrunnelse.OPPHØR_VURDERING_DEN_ANDRE_FORELDEREN_VAR_IKKE_MEDLEM,3,15,0,0,0,3,1,2,1,2
familie-ba-sak 10110,no.nav.familie.ba.sak.kjerne.vedtak.begrunnelser,Standardbegrunnelse.FORTSATT_INNVILGET_HELE_FAMILIEN_MEDLEM_ETTER_TRYGDEAVTALE,3,15,0,0,0,3,1,2,1,2
familie-ba-sak 10110,no.nav.familie.ba.sak.kjerne.vedtak.begrunnelser,Standardbegrunnelse.INNVILGET_ALENE_FRA_FØDSEL,3,15,0,0,0,3,1,2,1,2
familie-ba-sak 10110,no.nav.familie.ba.sak.kjerne.vedtak.begrunnelser,EØSStandardbegrunnelse.OPPHØR_BARN_BOR_IKKE_I_EØS_LAND,6,12,0,0,0,3,2,1,2,1
familie-ba-sak 10110,no.nav.familie.ba.sak.kjerne.vedtak.begrunnelser,EØSStandardbegrunnelse.INNVILGET_TILLEGGESTEKST_UK_FULL_ETTERBETALING,6,12,0,0,0,3,2,1,2,1
familie-ba-sak 10110,no.nav.familie.ba.sak.kjerne.vedtak.begrunnelser,EØSStandardbegrunnelse.AVSLAG_SELVSTENDIG_NAERINGSDRIVENDE_NORGE_ARBEIDSTAKER_I_ANNET_EOS_LAND,6,12,0,0,0,3,2,1,2,1
familie-ba-sak 10110,no.nav.familie.ba.sak.kjerne.vedtak.begrunnelser,Standardbegrunnelse.INNVILGET_BARN_OPPHOLD_I_UTLANDET_IKKE_MER_ENN_3_MÅNEDER,3,15,0,0,0,3,1,2,1,2
familie-ba-sak 10110,no.nav.familie.ba.sak.kjerne.vedtak.begrunnelser,EØSStandardbegrunnelse.INNVILGET_SEKUNDÆRLAND_UK_STANDARD,6,12,0,0,0,3,2,1,2,1
familie-ba-sak 10110,no.nav.familie.ba.sak.kjerne.vedtak.begrunnelser,Standardbegrunnelse.AVSLAG_IKKE_DOKUMENTERT_SKILT,3,15,0,0,0,3,1,2,1,2
familie-ba-sak 10110,no.nav.familie.ba.sak.kjerne.vedtak.begrunnelser,Standardbegrunnelse.OPPHØR_OPPHOLDSTILLATELSE_UTLØPT_INSTITUSJON,3,15,0,0,0,3,1,2,1,2
familie-ba-sak 10110,no.nav.familie.ba.sak.kjerne.vedtak.begrunnelser,EØSStandardbegrunnelse.FORTSETT_INNVILGET_SEKUNDÆRLAND_ALENEANSVAR,6,12,0,0,0,3,2,1,2,1
familie-ba-sak 10110,no.nav.familie.ba.sak.kjerne.vedtak.begrunnelser,Standardbegrunnelse.FORTSATT_INNVILGET_BRUKER_OG_BARN_ER_BLITT_NORSKE_STATSBORGERE,3,15,0,0,0,3,1,2,1,2
familie-ba-sak 10110,no.nav.familie.ba.sak.kjerne.vedtak.begrunnelser,Standardbegrunnelse.AVSLAG_SÆRKULLSBARN,3,15,0,0,0,3,1,2,1,2
familie-ba-sak 10110,no.nav.familie.ba.sak.kjerne.vedtak.begrunnelser,Standardbegrunnelse.FORTSATT_INNVILGET_OPPHOLD_I_UTLANDET_IKKE_MER_ENN_3_MÅNEDER_SØKER_OG_BARN,3,15,0,0,0,3,1,2,1,2
familie-ba-sak 10110,no.nav.familie.ba.sak.kjerne.vedtak.begrunnelser,EØSStandardbegrunnelse.AVSLAG_EØS_IKKE_LOVLIG_OPPHOLD_SOM_EØS_BORGER,6,12,0,0,0,3,2,1,2,1
familie-ba-sak 10110,no.nav.familie.ba.sak.kjerne.vedtak.begrunnelser,Standardbegrunnelse.AVSLAG_BOSATT_I_RIKET,3,15,0,0,0,3,1,2,1,2
familie-ba-sak 10110,no.nav.familie.ba.sak.kjerne.vedtak.begrunnelser,Standardbegrunnelse.INNVILGET_SATSENDRING,3,15,0,0,0,3,1,2,1,2
familie-ba-sak 10110,no.nav.familie.ba.sak.kjerne.vedtak.begrunnelser,Standardbegrunnelse.FORTSATT_INNVILGET_LOVLIG_OPPHOLD_TREDJELANDSBORGER,3,15,0,0,0,3,1,2,1,2
familie-ba-sak 10110,no.nav.familie.ba.sak.kjerne.vedtak.begrunnelser,Standardbegrunnelse.OPPHØR_IKKE_OPPHOLDSTILLATELSE_MER_ENN_12_MÅNEDER,3,15,0,0,0,3,1,2,1,2
familie-ba-sak 10110,no.nav.familie.ba.sak.kjerne.vedtak.begrunnelser,EØSStandardbegrunnelse.FORTSATT_INNVILGET_SELVSTENDIG_RETT_SEKUNDÆRLAND_STANDARD,6,12,0,0,0,3,2,1,2,1
familie-ba-sak 10110,no.nav.familie.ba.sak.kjerne.vedtak.begrunnelser,Standardbegrunnelse.OPPHØR_ANNEN_FORELDER_IKKE_LENGER_MEDLEM_TRYGDEAVTALE,3,15,0,0,0,3,1,2,1,2
familie-ba-sak 10110,no.nav.familie.ba.sak.kjerne.vedtak.begrunnelser,EØSStandardbegrunnelse.INNVILGET_TILLEGGSTEKST_SEKUNDÆR_IKKE_FÅTT_SVAR_PÅ_SED,6,12,0,0,0,3,2,1,2,1
familie-ba-sak 10110,no.nav.familie.ba.sak.kjerne.vedtak.begrunnelser,Standardbegrunnelse.FORTSATT_INNVILGET_BOR_ALENE_MED_BARN,3,15,0,0,0,3,1,2,1,2
familie-ba-sak 10110,no.nav.familie.ba.sak.kjerne.vedtak.begrunnelser,EØSStandardbegrunnelse.FORTSATT_INNVILGET_PRIMÆRLAND_TO_ARBEIDSLAND_ANNET_LAND_UTBETALER,6,12,0,0,0,3,2,1,2,1
familie-ba-sak 10110,no.nav.familie.ba.sak.kjerne.vedtak.begrunnelser,Standardbegrunnelse.FORTSATT_INNVILGET_DELT_BOSTED_PRAKTISERES_FORTSATT,3,15,0,0,0,3,1,2,1,2
familie-ba-sak 10110,no.nav.familie.ba.sak.kjerne.vedtak.begrunnelser,Standardbegrunnelse.INNVILGET_MEDLEM_AV_FOLKETRYGDEN_UTEN_DATO,3,15,0,0,0,3,1,2,1,2
familie-ba-sak 10110,no.nav.familie.ba.sak.kjerne.vedtak.begrunnelser,Standardbegrunnelse.OPPHØR_ANNEN_FORELDER_IKKE_LENGER_FRIVILLIG_MEDLEM,3,15,0,0,0,3,1,2,1,2
familie-ba-sak 10110,no.nav.familie.ba.sak.kjerne.vedtak.begrunnelser,Standardbegrunnelse.REDUKSJON_SAMBOER_IKKE_EGEN_HUSHOLDNING,3,15,0,0,0,3,1,2,1,2
familie-ba-sak 10110,no.nav.familie.ba.sak.kjerne.vedtak.begrunnelser,Standardbegrunnelse.REDUKSJON_SØKER_ER_GIFT,3,15,0,0,0,3,1,2,1,2
familie-ba-sak 10110,no.nav.familie.ba.sak.kjerne.vedtak.begrunnelser,EØSStandardbegrunnelse.FORTSATT_INNVILGET_TILLEGGSTEKST_SEKUNDÆR_IKKE_FÅTT_SVAR_PÅ_SED,6,12,0,0,0,3,2,1,2,1
familie-ba-sak 10110,no.nav.familie.ba.sak.kjerne.vedtak.begrunnelser,EØSStandardbegrunnelse.INNVILGET_PRIMÆRLAND_BEGGE_FORELDRE_BOSATT_I_NORGE,6,12,0,0,0,3,2,1,2,1
familie-ba-sak 10110,no.nav.familie.ba.sak.kjerne.vedtak.begrunnelser,Standardbegrunnelse.AVSLAG_IKKE_SEPARERT,3,15,0,0,0,3,1,2,1,2
familie-ba-sak 10110,no.nav.familie.ba.sak.kjerne.vedtak.begrunnelser,EØSStandardbegrunnelse.INNVILGET_PRIMÆRLAND_ALENEANSVAR,6,12,0,0,0,3,2,1,2,1
familie-ba-sak 10110,no.nav.familie.ba.sak.kjerne.vedtak.begrunnelser,IVedtakBegrunnelseKt,20,0,0,0,1,0,1,0,1,0
familie-ba-sak 10110,no.nav.familie.ba.sak.kjerne.vedtak.begrunnelser,Standardbegrunnelse.INNVILGET_BOR_ALENE_MED_BARN,3,15,0,0,0,3,1,2,1,2
familie-ba-sak 10110,no.nav.familie.ba.sak.kjerne.vedtak.begrunnelser,Standardbegrunnelse.OPPHØR_IKKE_BOSATT_I_NORGE,3,15,0,0,0,3,1,2,1,2
familie-ba-sak 10110,no.nav.familie.ba.sak.kjerne.vedtak.begrunnelser,Standardbegrunnelse.REDUKSJON_UNDER_6_ÅR,3,15,0,0,0,3,1,2,1,2
familie-ba-sak 10110,no.nav.familie.ba.sak.kjerne.vedtak.begrunnelser,Standardbegrunnelse.INNVILGET_FORVARING_SAMBOER,3,15,0,0,0,3,1,2,1,2
familie-ba-sak 10110,no.nav.familie.ba.sak.kjerne.vedtak.begrunnelser,TriggesAvKt,125,0,29,0,21,0,18,0,3,0
familie-ba-sak 10110,no.nav.familie.ba.sak.kjerne.vedtak.begrunnelser,Standardbegrunnelse.AVSLAG_FENGSEL_UNDER_6_MÅNEDER_SAMBOER,3,15,0,0,0,3,1,2,1,2
familie-ba-sak 10110,no.nav.familie.ba.sak.kjerne.vedtak.begrunnelser,EØSStandardbegrunnelse.FORTSATT_INNVILGET_PRIMÆRLAND_UK_TO_ARBEIDSLAND_ANNET_LAND_UTBETALER,6,12,0,0,0,3,2,1,2,1
familie-ba-sak 10110,no.nav.familie.ba.sak.kjerne.vedtak.begrunnelser,EØSStandardbegrunnelse.INNVILGET_TILLEGGSTEKST_NULLUTBETALING,6,12,0,0,0,3,2,1,2,1
familie-ba-sak 10110,no.nav.familie.ba.sak.kjerne.vedtak.begrunnelser,Standardbegrunnelse.REDUKSJON_FORELDRENE_BODDE_SAMMEN,3,15,0,0,0,3,1,2,1,2
familie-ba-sak 10110,no.nav.familie.ba.sak.kjerne.vedtak.begrunnelser,Standardbegrunnelse.INNVILGET_SØKER_OG_BARN_FRIVILLIG_MEDLEM,3,15,0,0,0,3,1,2,1,2
familie-ba-sak 10110,no.nav.familie.ba.sak.kjerne.vedtak.begrunnelser,Standardbegrunnelse.INNVILGET_VURDERING_SØKER_OG_BARN_FRIVILLIG_MEDLEM,3,15,0,0,0,3,1,2,1,2
familie-ba-sak 10110,no.nav.familie.ba.sak.kjerne.vedtak.begrunnelser,Standardbegrunnelse.FORTSATT_INNVILGET_ADRESSE_REGISTRERT,3,15,0,0,0,3,1,2,1,2
familie-ba-sak 10110,no.nav.familie.ba.sak.kjerne.vedtak.begrunnelser,Standardbegrunnelse.OPPHØR_BARN_FLYTTET_FRA_SØKER,3,15,0,0,0,3,1,2,1,2
familie-ba-sak 10110,no.nav.familie.ba.sak.kjerne.vedtak.begrunnelser,Standardbegrunnelse.AVSLAG_FENGSEL_UNDER_6_MÅNEDER_EKTEFELLE,3,15,0,0,0,3,1,2,1,2
familie-ba-sak 10110,no.nav.familie.ba.sak.kjerne.vedtak.begrunnelser,Standardbegrunnelse.AVSLAG_IKKE_DOKUMENTERT_SAMBOER_DØD,3,15,0,0,0,3,1,2,1,2
familie-ba-sak 10110,no.nav.familie.ba.sak.kjerne.vedtak.begrunnelser,Standardbegrunnelse.FORTSATT_INNVILGET_TVUNGENT_PSYKISK_HELSEVERN_SAMBOER,3,15,0,0,0,3,1,2,1,2
familie-ba-sak 10110,no.nav.familie.ba.sak.kjerne.vedtak.begrunnelser,Standardbegrunnelse.AVSLAG_VURDERING_FLERE_KORTE_OPPHOLD_I_UTLANDET_SISTE_ÅRENE,3,15,0,0,0,3,1,2,1,2
familie-ba-sak 10110,no.nav.familie.ba.sak.kjerne.vedtak.begrunnelser,Standardbegrunnelse.OPPHØR_VURDERING_FORELDRENE_BOR_SAMMEN,3,15,0,0,0,3,1,2,1,2
familie-ba-sak 10110,no.nav.familie.ba.sak.kjerne.vedtak.begrunnelser,EØSStandardbegrunnelse.FORTSATT_INNVILGET_SEKUNDÆRLAND_BEGGE_FORELDRE_BOSATT_I_NORGE,6,12,0,0,0,3,2,1,2,1
familie-ba-sak 10110,no.nav.familie.ba.sak.kjerne.vedtak.begrunnelser,Standardbegrunnelse.OPPHØR_BOSATT_I_NORGE_UNNTATT_MEDLEMSKAP,3,15,0,0,0,3,1,2,1,2
familie-ba-sak 10110,no.nav.familie.ba.sak.kjerne.vedtak.begrunnelser,Standardbegrunnelse.INNVILGET_LOVLIG_OPPHOLD_EØS_BORGER,3,15,0,0,0,3,1,2,1,2
familie-ba-sak 10110,no.nav.familie.ba.sak.kjerne.vedtak.begrunnelser,EØSStandardbegrunnelse.AVSLAG_FAAR_DAGPENGER_FRA_ANNET_EOS_LAND,6,12,0,0,0,3,2,1,2,1
familie-ba-sak 10110,no.nav.familie.ba.sak.kjerne.vedtak.begrunnelser,Standardbegrunnelse.OPPHØR_BARN_DØD_SAMME_MÅNED_SOM_FØDT,3,15,0,0,0,3,1,2,1,2
familie-ba-sak 10110,no.nav.familie.ba.sak.kjerne.vedtak.begrunnelser,Standardbegrunnelse.FORTSATT_INNVILGET_FENGSEL_GIFT,3,15,0,0,0,3,1,2,1,2
familie-ba-sak 10110,no.nav.familie.ba.sak.kjerne.vedtak.begrunnelser,Standardbegrunnelse.FORTSATT_INNVILGET_VARIG_OPPHOLDSRETT_EØS_BORGER,3,15,0,0,0,3,1,2,1,2
familie-ba-sak 10110,no.nav.familie.ba.sak.kjerne.vedtak.begrunnelser,Standardbegrunnelse.FORTSATT_INNVILGET_ET_BARN_ER_BLITT_NORSK_STATSBORGER,3,15,0,0,0,3,1,2,1,2
familie-ba-sak 10110,no.nav.familie.ba.sak.kjerne.vedtak.begrunnelser,Standardbegrunnelse.INNVILGET_UENIGHET_OM_OPPHØR_AV_AVTALE_OM_DELT_BOSTED,3,15,0,0,0,3,1,2,1,2
familie-ba-sak 10110,no.nav.familie.ba.sak.kjerne.vedtak.begrunnelser,Standardbegrunnelse.AVSLAG_UNDER_18_ÅR,3,15,0,0,0,3,1,2,1,2
familie-ba-sak 10110,no.nav.familie.ba.sak.kjerne.vedtak.begrunnelser,Standardbegrunnelse.OPPHØR_FORELDRENE_BOR_SAMMEN_ENDRE_MOTTAKER,3,15,0,0,0,3,1,2,1,2
familie-ba-sak 10110,no.nav.familie.ba.sak.kjerne.vedtak.begrunnelser,EØSStandardbegrunnelse.OPPHØR_SELVSTENDIG_RETT_OPPHØR,6,12,0,0,0,3,2,1,2,1
familie-ba-sak 10110,no.nav.familie.ba.sak.kjerne.vedtak.begrunnelser,Standardbegrunnelse.ETTER_ENDRET_UTBETALING_AVTALE_DELT_BOSTED_FØLGES,3,15,0,0,0,3,1,2,1,2
familie-ba-sak 10110,no.nav.familie.ba.sak.kjerne.vedtak.begrunnelser,Standardbegrunnelse.INNVILGET_BOSATT_I_RIKTET,3,15,0,0,0,3,1,2,1,2
familie-ba-sak 10110,no.nav.familie.ba.sak.kjerne.vedtak.begrunnelser,Standardbegrunnelse.INNVILGET_TILLEGGSTEKST_SAMBOER_UNDER_12_MÅNEDER_FØR_GIFT,3,15,0,0,0,3,1,2,1,2
familie-ba-sak 10110,no.nav.familie.ba.sak.kjerne.vedtak.begrunnelser,Standardbegrunnelse.INNVILGET_EØS_BORGER_EKTEFELLE_JOBBER,3,15,0,0,0,3,1,2,1,2
familie-ba-sak 10110,no.nav.familie.ba.sak.kjerne.vedtak.begrunnelser,Standardbegrunnelse.AVSLAG_VURDERING_BOSATT_UNDER_12_MÅNEDER,3,15,0,0,0,3,1,2,1,2
familie-ba-sak 10110,no.nav.familie.ba.sak.kjerne.vedtak.begrunnelser,Standardbegrunnelse.REDUKSJON_ANNEN_FORELDER_IKKE_LENGER_MEDLEM_TRYGDEAVTALE,3,15,0,0,0,3,1,2,1,2
familie-ba-sak 10110,no.nav.familie.ba.sak.kjerne.vedtak.begrunnelser,Standardbegrunnelse.AVSLAG_IKKE_AVTALE_OM_DELT_BOSTED,3,15,0,0,0,3,1,2,1,2
familie-ba-sak 10110,no.nav.familie.ba.sak.kjerne.vedtak.begrunnelser,Standardbegrunnelse.OPPHØR_UTVANDRET,3,15,0,0,0,3,1,2,1,2
familie-ba-sak 10110,no.nav.familie.ba.sak.kjerne.vedtak.begrunnelser,Standardbegrunnelse.INNVILGET_FULL_UTBETALING_AVTALE_DELT_BOSTED_ANNEN_OMSORGSPERSON,3,15,0,0,0,3,1,2,1,2
familie-ba-sak 10110,no.nav.familie.ba.sak.kjerne.vedtak.begrunnelser,Standardbegrunnelse.INNVILGET_VARETEKTSFENGSEL_GIFT,3,15,0,0,0,3,1,2,1,2
familie-ba-sak 10110,no.nav.familie.ba.sak.kjerne.vedtak.begrunnelser,Standardbegrunnelse.REDUKSJON_FLYTTET_BARN,3,15,0,0,0,3,1,2,1,2
familie-ba-sak 10110,no.nav.familie.ba.sak.kjerne.vedtak.begrunnelser,Standardbegrunnelse.AVSLAG_ANNEN_FORELDER_IKKE_FRIVILLIG_MEDLEM,3,15,0,0,0,3,1,2,1,2
familie-ba-sak 10110,no.nav.familie.ba.sak.kjerne.vedtak.begrunnelser,Standardbegrunnelse.REDUKSJON_BEGGE_FORELDRE_FÅTT_BARNETRYGD,3,15,0,0,0,3,1,2,1,2
familie-ba-sak 10110,no.nav.familie.ba.sak.kjerne.vedtak.begrunnelser,Standardbegrunnelse.REDUKSJON_GIFT_IKKE_EGEN_HUSHOLDNING,3,15,0,0,0,3,1,2,1,2
familie-ba-sak 10110,no.nav.familie.ba.sak.kjerne.vedtak.begrunnelser,Standardbegrunnelse.INNVILGET_RETTSAVGJØRELSE_DELT_BOSTED,3,15,0,0,0,3,1,2,1,2
familie-ba-sak 10110,no.nav.familie.ba.sak.kjerne.vedtak.begrunnelser,Standardbegrunnelse.INNVILGET_SØKER_OG_BARN_OPPHOLD_I_UTLANDET_IKKE_MER_ENN_3_MÅNEDER,3,15,0,0,0,3,1,2,1,2
familie-ba-sak 10110,no.nav.familie.ba.sak.kjerne.vedtak.begrunnelser,RestSanityEØSBegrunnelse,300,0,24,0,40,0,30,0,18,0
familie-ba-sak 10110,no.nav.familie.ba.sak.kjerne.vedtak.begrunnelser,Standardbegrunnelse.SMÅBARNSTILLEGG_HADDE_IKKE_FULL_OVERGANGSSTØNAD,3,15,0,0,0,3,1,2,1,2
familie-ba-sak 10110,no.nav.familie.ba.sak.kjerne.vedtak.begrunnelser,Standardbegrunnelse.FORTSATT_INNVILGET_FAST_OMSORG,3,15,0,0,0,3,1,2,1,2
familie-ba-sak 10110,no.nav.familie.ba.sak.kjerne.vedtak.begrunnelser,Standardbegrunnelse.REDUKSJON_BARN_DØDE_SAMME_MÅNED_SOM_FØDT,3,15,0,0,0,3,1,2,1,2
familie-ba-sak 10110,no.nav.familie.ba.sak.kjerne.vedtak.begrunnelser,Standardbegrunnelse.FORTSATT_INNVILGET_FORSVUNNET_SAMBOER,3,15,0,0,0,3,1,2,1,2
familie-ba-sak 10110,no.nav.familie.ba.sak.kjerne.vedtak.begrunnelser,EØSStandardbegrunnelse.AVSLAG_EØS_IKKE_ANSVAR_FOR_BARN,6,12,0,0,0,3,2,1,2,1
familie-ba-sak 10110,no.nav.familie.ba.sak.kjerne.vedtak.begrunnelser,EØSStandardbegrunnelse.AVSLAG_EØS_IKKE_PENGER_FRA_NAV_SOM_ERSTATTER_LØNN,6,12,0,0,0,3,2,1,2,1
familie-ba-sak 10110,no.nav.familie.ba.sak.kjerne.vedtak.begrunnelser,Standardbegrunnelse.REDUKSJON_BARN_BOR_IKKE_MED_SØKER,3,15,0,0,0,3,1,2,1,2
familie-ba-sak 10110,no.nav.familie.ba.sak.kjerne.vedtak.begrunnelser,EØSStandardbegrunnelse.OPPHØR_EØS_STANDARD,6,12,0,0,0,3,2,1,2,1
familie-ba-sak 10110,no.nav.familie.ba.sak.kjerne.vedtak.begrunnelser,EØSStandardbegrunnelse.INNVILGET_TILLEGGSTEKST_SATSENDRING_OG_VALUTAJUSTERING,6,12,0,0,0,3,2,1,2,1
familie-ba-sak 10110,no.nav.familie.ba.sak.kjerne.vedtak.begrunnelser,EØSStandardbegrunnelse.OPPHØR_SENTRUM_FOR_LIVSINTERESSE,6,12,0,0,0,3,2,1,2,1
familie-ba-sak 10110,no.nav.familie.ba.sak.kjerne.vedtak.begrunnelser,Standardbegrunnelse.FORTSATT_INNVILGET_MEDLEM_I_FOLKETRYGDEN,3,15,0,0,0,3,1,2,1,2
familie-ba-sak 10110,no.nav.familie.ba.sak.kjerne.vedtak.begrunnelser,Standardbegrunnelse.OPPHØR_SØKER_OG_BARN_IKKE_LENGER_FRIVILLIG_MEDLEM,3,15,0,0,0,3,1,2,1,2
familie-ba-sak 10110,no.nav.familie.ba.sak.kjerne.vedtak.begrunnelser,Standardbegrunnelse.REDUKSJON_NYFØDT_BARN,3,15,0,0,0,3,1,2,1,2
familie-ba-sak 10110,no.nav.familie.ba.sak.kjerne.vedtak.begrunnelser,Standardbegrunnelse.ENDRET_UTBETALING_OPPHØR_ENDRE_MOTTAKER,3,15,0,0,0,3,1,2,1,2
familie-ba-sak 10110,no.nav.familie.ba.sak.kjerne.vedtak.begrunnelser,Standardbegrunnelse.INNVILGET_EØS_BORGER_SAMBOER_UTBETALING_FRA_NAV,3,15,0,0,0,3,1,2,1,2
familie-ba-sak 10110,no.nav.familie.ba.sak.kjerne.vedtak.begrunnelser,BarnetsBostedsland,19,0,0,0,2,0,1,0,1,0
familie-ba-sak 10110,no.nav.familie.ba.sak.kjerne.vedtak.begrunnelser,EØSStandardbegrunnelse.INNVILGET_TILLEGGSTEKST_SEKUNDÆR_DELT_BOSTED_ANNEN_FORELDER_IKKE_RETT,6,12,0,0,0,3,2,1,2,1
familie-ba-sak 10110,no.nav.familie.ba.sak.kjerne.vedtak.begrunnelser,Standardbegrunnelse.ETTER_ENDRET_UTBETALING_ETTERBETALING_TRE_AAR_KUN_UTVIDET_DEL,3,15,0,0,0,3,1,2,1,2
familie-ba-sak 10110,no.nav.familie.ba.sak.kjerne.vedtak.begrunnelser,Standardbegrunnelse.REDUKSJON_DELT_BOSTED_ENIGHET,3,15,0,0,0,3,1,2,1,2
familie-ba-sak 10110,no.nav.familie.ba.sak.kjerne.vedtak.begrunnelser,Standardbegrunnelse.ETTER_ENDRET_UTBETALING_ETTERBETALING_SED,3,15,0,0,0,3,1,2,1,2
familie-ba-sak 10110,no.nav.familie.ba.sak.kjerne.vedtak.begrunnelser,VedtakBegrunnelseTypeKt,52,0,8,0,9,0,5,0,1,0
familie-ba-sak 10110,no.nav.familie.ba.sak.kjerne.vedtak.begrunnelser,Standardbegrunnelse.ENDRET_UTBETALINGSPERIODE_DELT_BOSTED_ENDRET_UTBETALING,6,18,0,0,0,4,2,2,2,2
familie-ba-sak 10110,no.nav.familie.ba.sak.kjerne.vedtak.begrunnelser,Standardbegrunnelse.AVSLAG_SAMBOER_MIDLERTIDIG_ADSKILLELSE,3,15,0,0,0,3,1,2,1,2
familie-ba-sak 10110,no.nav.familie.ba.sak.kjerne.vedtak.begrunnelser,Standardbegrunnelse.REDUKSJON_BARN_MED_SAMBOER_FØR_BODD_SAMMEN_12_MND,3,15,0,0,0,3,1,2,1,2
familie-ba-sak 10110,no.nav.familie.ba.sak.kjerne.vedtak.begrunnelser,EØSStandardbegrunnelse.INNVILGET_TILLEGGSBEGRUNNELSE_UTBETALING_TIL_ANNEN_FORELDER,6,12,0,0,0,3,2,1,2,1
familie-ba-sak 10110,no.nav.familie.ba.sak.kjerne.vedtak.begrunnelser,EØSStandardbegrunnelse.AVSLAG_EØS_JOBBER_IKKE,6,12,0,0,0,3,2,1,2,1
familie-ba-sak 10110,no.nav.familie.ba.sak.kjerne.vedtak.begrunnelser,Standardbegrunnelse.INNVILGET_OVERGANG_EØS_TIL_NASJONAL_NORSK_NORDISK_FAMILIE,3,15,0,0,0,3,1,2,1,2
familie-ba-sak 10110,no.nav.familie.ba.sak.kjerne.vedtak.begrunnelser,Standardbegrunnelse.REDUKSJON_EKTEFELLE_IKKE_LENGER_FORSVUNNET,3,15,0,0,0,3,1,2,1,2
familie-ba-sak 10110,no.nav.familie.ba.sak.kjerne.vedtak.begrunnelser,Standardbegrunnelse,129,2275,6,0,24,378,6,1,3,1
familie-ba-sak 10110,no.nav.familie.ba.sak.kjerne.vedtak.begrunnelser,Standardbegrunnelse.INNVILGET_EKTEFELLE_DØD,3,15,0,0,0,3,1,2,1,2
familie-ba-sak 10110,no.nav.familie.ba.sak.kjerne.vedtak.begrunnelser,Standardbegrunnelse.ENDRET_UTBETALING_ETTERBETALING_TRE_ÅR_TILBAKE_I_TID_SED_UTBETALING,3,15,0,0,0,3,1,2,1,2
familie-ba-sak 10110,no.nav.familie.ba.sak.kjerne.vedtak.begrunnelser,IVedtakBegrunnelseDeserializer,36,0,0,0,5,0,2,0,2,0
familie-ba-sak 10110,no.nav.familie.ba.sak.kjerne.vedtak.begrunnelser,Standardbegrunnelse.FORTSATT_INNVILGET_FORVARING_GIFT,3,15,0,0,0,3,1,2,1,2
familie-ba-sak 10110,no.nav.familie.ba.sak.kjerne.vedtak.begrunnelser,Standardbegrunnelse.REDUKSJON_ANNEN_FORELDER_IKKE_LENGER_PLIKTIG_MEDLEM,3,15,0,0,0,3,1,2,1,2
familie-ba-sak 10110,no.nav.familie.ba.sak.kjerne.vedtak.begrunnelser,Standardbegrunnelse.REDUKSJON_EKTEFELLE_IKKE_I_FORVARING,3,15,0,0,0,3,1,2,1,2
familie-ba-sak 10110,no.nav.familie.ba.sak.kjerne.vedtak.begrunnelser,Standardbegrunnelse.AVSLAG_VURDERING_SAMBOER_IKKE_FLYTTET_FRA_HVERANDRE,3,15,0,0,0,3,1,2,1,2
familie-ba-sak 10110,no.nav.familie.ba.sak.kjerne.vedtak.begrunnelser,EØSStandardbegrunnelse.INNVILGET_PRIMÆRLAND_SÆRKULLSBARN_ANDRE_BARN,6,12,0,0,0,3,2,1,2,1
familie-ba-sak 10110,no.nav.familie.ba.sak.kjerne.vedtak.begrunnelser,Standardbegrunnelse.INNVILGET_FLYTTET_ETTER_SKILT,3,15,0,0,0,3,1,2,1,2
familie-ba-sak 10110,no.nav.familie.ba.sak.kjerne.vedtak.begrunnelser,Standardbegrunnelse.OPPHOR_BARNET_BOR_I_INSTITUSJON,3,15,0,0,0,3,1,2,1,2
familie-ba-sak 10110,no.nav.familie.ba.sak.kjerne.vedtak.begrunnelser,EØSStandardbegrunnelse.OPPHØR_SEPARASJONSAVTALEN_GJELDER_IKKE,6,12,0,0,0,3,2,1,2,1
familie-ba-sak 10110,no.nav.familie.ba.sak.kjerne.vedtak.begrunnelser,EØSStandardbegrunnelse.AVSLAG_SELVSTENDIG_RETT_BOR_IKKE_FAST_MED_BARNET,6,12,0,0,0,3,2,1,2,1
familie-ba-sak 10110,no.nav.familie.ba.sak.kjerne.vedtak.begrunnelser,Standardbegrunnelse.INNVILGET_TILLEGGSTEKST_SAMBOER_UNDER_12_MÅNEDER,3,15,0,0,0,3,1,2,1,2
familie-ba-sak 10110,no.nav.familie.ba.sak.kjerne.vedtak.begrunnelser,Standardbegrunnelse.INNVILGET_TILLEGGSTEKST_TREDJELANDSBORGER_OPPHOLDSTILLATELSE_SØKER,3,15,0,0,0,3,1,2,1,2
familie-ba-sak 10110,no.nav.familie.ba.sak.kjerne.vedtak.begrunnelser,Standardbegrunnelse.INNVILGET_SMÅBARNSTILLEGG,3,15,0,0,0,3,1,2,1,2
familie-ba-sak 10110,no.nav.familie.ba.sak.kjerne.vedtak.begrunnelser,Standardbegrunnelse.INNVILGET_FØDSELSHENDELSE_NYFØDT_BARN_FØRSTE,3,15,0,0,0,3,1,2,1,2
familie-ba-sak 10110,no.nav.familie.ba.sak.kjerne.vedtak.begrunnelser,Standardbegrunnelse.FORTSATT_INNVILGET_VARETEKTSFENGSEL_SAMBOER,3,15,0,0,0,3,1,2,1,2
familie-ba-sak 10110,no.nav.familie.ba.sak.kjerne.vedtak.begrunnelser,Standardbegrunnelse.OPPHØR_FORELDRENE_BOR_SAMMEN,3,15,0,0,0,3,1,2,1,2
familie-ba-sak 10110,no.nav.familie.ba.sak.kjerne.vedtak.begrunnelser,Standardbegrunnelse.REDUKSJON_SAMBOER_IKKE_I_FORVARING,3,15,0,0,0,3,1,2,1,2
familie-ba-sak 10110,no.nav.familie.ba.sak.kjerne.vedtak.begrunnelser,Standardbegrunnelse.REDUKSJON_IKKE_BOSATT_I_NORGE,3,15,0,0,0,3,1,2,1,2
familie-ba-sak 10110,no.nav.familie.ba.sak.kjerne.vedtak.begrunnelser,Standardbegrunnelse.FORTSATT_INNVILGET_BARN_LOVLIG_OPPHOLD_OPPHOLDSTILLATELSE,3,15,0,0,0,3,1,2,1,2
familie-ba-sak 10110,no.nav.familie.ba.sak.kjerne.vedtak.begrunnelser,Standardbegrunnelse.REDUKSJON_SØKER_BER_OM_OPPHØR_UTVIDET,3,15,0,0,0,3,1,2,1,2
familie-ba-sak 10110,no.nav.familie.ba.sak.kjerne.vedtak.begrunnelser,Standardbegrunnelse.FORTSATT_INNVILGET_NORSK_STATSBORGER_INSTITUSJON,3,15,0,0,0,3,1,2,1,2
familie-ba-sak 10110,no.nav.familie.ba.sak.kjerne.vedtak.begrunnelser,EØSStandardbegrunnelse.AVSLAG_EØS_ARBEIDER_MER_ENN_25_PROSENT_I_ANNET_EØS_LAND,6,12,0,0,0,3,2,1,2,1
familie-ba-sak 10110,no.nav.familie.ba.sak.kjerne.vedtak.begrunnelser,Standardbegrunnelse.INNVILGET_ANNEN_FORELDER_IKKE_SØKT_DELT_BARNETRYGD_ENKELTBARN,3,15,0,0,0,3,1,2,1,2
familie-ba-sak 10110,no.nav.familie.ba.sak.kjerne.vedtak.begrunnelser,Standardbegrunnelse.OPPHØR_ANNEN_FORELDER_IKKE_LENGER_PLIKTIG_MEDLEM,3,15,0,0,0,3,1,2,1,2
familie-ba-sak 10110,no.nav.familie.ba.sak.kjerne.vedtak.begrunnelser,Standardbegrunnelse.INNVILGET_SAMBOER_DØD,3,15,0,0,0,3,1,2,1,2
familie-ba-sak 10110,no.nav.familie.ba.sak.kjerne.vedtak.begrunnelser,Standardbegrunnelse.OPPHØR_IKKE_OPPHOLDSRETT_EØS_BORGER,3,15,0,0,0,3,1,2,1,2
familie-ba-sak 10110,no.nav.familie.ba.sak.kjerne.vedtak.begrunnelser,EØSStandardbegrunnelse.INNVILGET_SELVSTENDIG_RETT_PRIMÆRLAND_UK_STANDARD,6,12,0,0,0,3,2,1,2,1
familie-ba-sak 10110,no.nav.familie.ba.sak.kjerne.vedtak.begrunnelser,Standardbegrunnelse.OPPHØR_SØKER_HAR_IKKE_FAST_OMSORG,3,15,0,0,0,3,1,2,1,2
familie-ba-sak 10110,no.nav.familie.ba.sak.kjerne.vedtak.begrunnelser,Standardbegrunnelse.OPPHØR_SØKER_OG_BARN_IKKE_LENGER_MEDLEM_TRYGDEAVTALE,3,15,0,0,0,3,1,2,1,2
familie-ba-sak 10110,no.nav.familie.ba.sak.kjerne.vedtak.begrunnelser,Standardbegrunnelse.ENDRET_UTBETALING_ETTERBETALING_TRE_ÅR_TILBAKE_I_TID,3,15,0,0,0,3,1,2,1,2
familie-ba-sak 10110,no.nav.familie.ba.sak.kjerne.vedtak.begrunnelser,Standardbegrunnelse.FORTSATT_INNVILGET_SØKER_OG_BARN_MEDLEM_ETTER_TRYGDEAVTALE,3,15,0,0,0,3,1,2,1,2
familie-ba-sak 10110,no.nav.familie.ba.sak.kjerne.vedtak.begrunnelser,Standardbegrunnelse.INNVILGET_LOVLIG_OPPHOLD_SKJØNNSMESSIG_VURDERING_TREDJELANDSBORGER_SØKER,3,15,0,0,0,3,1,2,1,2
familie-ba-sak 10110,no.nav.familie.ba.sak.kjerne.vedtak.begrunnelser,EØSStandardbegrunnelse.AVSLAG_EØS_KUN_KORTE_USAMMENHENGENDE_ARBEIDSPERIODER,6,12,0,0,0,3,2,1,2,1
familie-ba-sak 10110,no.nav.familie.ba.sak.kjerne.vedtak.begrunnelser,EØSStandardbegrunnelse.FORTSATT_INNVILGET_PRIMÆRLAND_UK_OG_UTLAND_STANDARD,6,12,0,0,0,3,2,1,2,1
familie-ba-sak 10110,no.nav.familie.ba.sak.kjerne.vedtak.begrunnelser,Standardbegrunnelse.FORTSATT_INNVILGET_TVUNGENT_PSYKISK_HELSEVERN_GIFT,3,15,0,0,0,3,1,2,1,2
familie-ba-sak 10110,no.nav.familie.ba.sak.kjerne.vedtak.begrunnelser,EØSStandardbegrunnelse.FORTSETT_INNVILGET_TILLEGGSTEKST_NULLUTBETALING,6,12,0,0,0,3,2,1,2,1
familie-ba-sak 10110,no.nav.familie.ba.sak.kjerne.vedtak.begrunnelser,EØSStandardbegrunnelse.FORTSATT_INNVILGET_SELVSTENDIG_RETT_SEKUNDÆRLAND_UK_STANDARD,6,12,0,0,0,3,2,1,2,1
familie-ba-sak 10110,no.nav.familie.ba.sak.kjerne.vedtak.begrunnelser,EØSStandardbegrunnelse.FORTSATT_INNVILGET_SELVSTENDIG_RETT_PRIMÆRLAND_FÅR_YTELSE_I_UTLANDET,6,12,0,0,0,3,2,1,2,1
familie-ba-sak 10110,no.nav.familie.ba.sak.kjerne.vedtak.begrunnelser,Standardbegrunnelse.REDUKSJON_SAMBOER_MER_ENN_12_MÅNEDER,3,15,0,0,0,3,1,2,1,2
familie-ba-sak 10110,no.nav.familie.ba.sak.kjerne.vedtak.begrunnelser,Standardbegrunnelse.AVSLAG_MEDLEM_I_FOLKETRYGDEN,3,15,0,0,0,3,1,2,1,2
familie-ba-sak 10110,no.nav.familie.ba.sak.kjerne.vedtak.begrunnelser,Standardbegrunnelse.INNVILGET_NYFØDT_BARN,3,15,0,0,0,3,1,2,1,2
familie-ba-sak 10110,no.nav.familie.ba.sak.kjerne.vedtak.begrunnelser,Standardbegrunnelse.INNVILGET_BEREDSKAPSHJEM,3,15,0,0,0,3,1,2,1,2
familie-ba-sak 10110,no.nav.familie.ba.sak.kjerne.vedtak.begrunnelser,Standardbegrunnelse.INNVILGET_TILLEGGSTEKST_EØS_BORGER_SAMBOER_JOBBER,3,15,0,0,0,3,1,2,1,2
familie-ba-sak 10110,no.nav.familie.ba.sak.kjerne.vedtak.begrunnelser,Standardbegrunnelse.AVSLAG_VURDERING_FORELDRENE_BOR_SAMMEN,3,15,0,0,0,3,1,2,1,2
familie-ba-sak 10110,no.nav.familie.ba.sak.kjerne.vedtak.begrunnelser,EØSStandardbegrunnelse.INNVILGET_SEKUNDÆRLAND_UK_ALENEANSVAR,6,12,0,0,0,3,2,1,2,1
familie-ba-sak 10110,no.nav.familie.ba.sak.kjerne.vedtak.begrunnelser,EØSStandardbegrunnelse.AVSLAG_EØS_IKKE_EØS_BORGER,6,12,0,0,0,3,2,1,2,1
familie-ba-sak 10110,no.nav.familie.ba.sak.kjerne.vedtak.begrunnelser,Standardbegrunnelse.FORTSATT_INNVILGET_ANNEN_FORELDER_IKKE_SØKT_OM_DELT_BARNETRYGD,3,15,0,0,0,3,1,2,1,2
familie-ba-sak 10110,no.nav.familie.ba.sak.kjerne.vedtak.begrunnelser,EØSStandardbegrunnelse.AVSLAG_EØS_SEPARASJONSAVTALEN_GJELDER_IKKE,6,12,0,0,0,3,2,1,2,1
familie-ba-sak 10110,no.nav.familie.ba.sak.kjerne.vedtak.begrunnelser,Standardbegrunnelse.INNVILGET_TILLEGGSTEKST_TRANSPORTERKLÆRING_DELER_AV_ETTERBETALINGEN,3,15,0,0,0,3,1,2,1,2
familie-ba-sak 10110,no.nav.familie.ba.sak.kjerne.vedtak.begrunnelser,Standardbegrunnelse.AVSLAG_IKKE_FLYTTET_FRA_EKTEFELLE,3,15,0,0,0,3,1,2,1,2
familie-ba-sak 10110,no.nav.familie.ba.sak.kjerne.vedtak.begrunnelser,Standardbegrunnelse.ENDRET_UTBETALINGSPERIODE_DELT_BOSTED_FULL_UTBETALING_FØR_SOKNAD_NY,3,15,0,0,0,3,1,2,1,2
familie-ba-sak 10110,no.nav.familie.ba.sak.kjerne.vedtak.begrunnelser,Standardbegrunnelse.OPPHØR_BARN_BODDE_IKKE_FAST_I_INSTITUSJON,3,15,0,0,0,3,1,2,1,2
familie-ba-sak 10110,no.nav.familie.ba.sak.kjerne.vedtak.begrunnelser,Standardbegrunnelse.REDUKSJON_DELT_BARNETRYGD_ANNEN_FORELDER_SØKT,3,15,0,0,0,3,1,2,1,2
familie-ba-sak 10110,no.nav.familie.ba.sak.kjerne.vedtak.begrunnelser,Standardbegrunnelse.INNVILGET_SEPARERT,3,15,0,0,0,3,1,2,1,2
familie-ba-sak 10110,no.nav.familie.ba.sak.kjerne.vedtak.begrunnelser,IVedtakBegrunnelseListConverter,57,3,6,0,6,2,5,1,2,1
familie-ba-sak 10110,no.nav.familie.ba.sak.kjerne.vedtak.begrunnelser,EØSStandardbegrunnelse.OPPHØR_ARBEIDER_MER_ENN_25_PROSENT_I_ANNET_EØS_LAND,6,12,0,0,0,3,2,1,2,1
familie-ba-sak 10110,no.nav.familie.ba.sak.kjerne.vedtak.begrunnelser,EØSStandardbegrunnelse.FORTSATT_INNVILGET_PRIMÆRLAND_ALENEANSVAR,6,12,0,0,0,3,2,1,2,1
familie-ba-sak 10110,no.nav.familie.ba.sak.kjerne.vedtak.begrunnelser,Standardbegrunnelse.INNVILGET_SATSENDRING_INSTITUSJON,3,15,0,0,0,3,1,2,1,2
familie-ba-sak 10110,no.nav.familie.ba.sak.kjerne.vedtak.begrunnelser,IVedtakBegrunnelseListConverter.convertToDatabaseColumn.new Function1() {...},7,0,0,0,1,0,1,0,1,0
familie-ba-sak 10110,no.nav.familie.ba.sak.kjerne.vedtak.begrunnelser,EØSStandardbegrunnelse.OPPHØR_SØKER_BOR_IKKE_I_EØS_LAND,6,12,0,0,0,3,2,1,2,1
familie-ba-sak 10110,no.nav.familie.ba.sak.kjerne.vedtak.begrunnelser,EØSStandardbegrunnelse.INNVILGET_PRIMÆRLAND_UK_OG_UTLAND_STANDARD,6,12,0,0,0,3,2,1,2,1
familie-ba-sak 10110,no.nav.familie.ba.sak.kjerne.vedtak.begrunnelser,Standardbegrunnelse.AVSLAG_ANNEN_FORELDER_IKKE_PLIKTIG_MEDLEM,3,15,0,0,0,3,1,2,1,2
familie-ba-sak 10110,no.nav.familie.ba.sak.kjerne.vedtak.begrunnelser,Standardbegrunnelse.INNVILGET_MEDLEM_I_FOLKETRYGDEN,3,15,0,0,0,3,1,2,1,2
familie-ba-sak 10110,no.nav.familie.ba.sak.kjerne.vedtak.begrunnelser,Standardbegrunnelse.AVSLAG_SAMBOER_IKKE_FLYTTET_FRA_HVERANDRE,3,15,0,0,0,3,1,2,1,2
familie-ba-sak 10110,no.nav.familie.ba.sak.kjerne.vedtak.begrunnelser,Standardbegrunnelse.INNVILGET_ERKLÆRING_OM_MOTREGNING,3,15,0,0,0,3,1,2,1,2
familie-ba-sak 10110,no.nav.familie.ba.sak.kjerne.vedtak.begrunnelser,Standardbegrunnelse.REDUKSJON_UNDER_18_ÅR_AUTOVEDTAK,3,15,0,0,0,3,1,2,1,2
familie-ba-sak 10110,no.nav.familie.ba.sak.kjerne.vedtak.begrunnelser,Standardbegrunnelse.AVSLAG_GIFT_MIDLERTIDIG_ADSKILLELSE,3,15,0,0,0,3,1,2,1,2
familie-ba-sak 10110,no.nav.familie.ba.sak.kjerne.vedtak.begrunnelser,Standardbegrunnelse.AVSLAG_IKKE_DOKUMENTERT_BOSATT_I_NORGE,3,15,0,0,0,3,1,2,1,2
familie-ba-sak 10110,no.nav.familie.ba.sak.kjerne.vedtak.begrunnelser,Standardbegrunnelse.AVSLAG_BOR_HOS_SØKER,3,15,0,0,0,3,1,2,1,2
familie-ba-sak 10110,no.nav.familie.ba.sak.kjerne.vedtak.begrunnelser,Standardbegrunnelse.AVSLAG_VURDERING_IKKE_SEPARERT,3,15,0,0,0,3,1,2,1,2
familie-ba-sak 10110,no.nav.familie.ba.sak.kjerne.vedtak.begrunnelser,Standardbegrunnelse.FORTSATT_INNVILGET_VARIG_OPPHOLDSTILLATELSE_INSTITUSJON,3,15,0,0,0,3,1,2,1,2
familie-ba-sak 10110,no.nav.familie.ba.sak.kjerne.vedtak.begrunnelser,Standardbegrunnelse.REDUKSJON_SATSENDRING_INSTITUSJON,3,15,0,0,0,3,1,2,1,2
familie-ba-sak 10110,no.nav.familie.ba.sak.kjerne.vedtak.begrunnelser,Standardbegrunnelse.INNVILGET_DELT_FRA_SKRIFTLIG_AVTALE_HAR_SØKT_FOR_PRAKTISERT_DELT_BOSTED,3,15,0,0,0,3,1,2,1,2
familie-ba-sak 10110,no.nav.familie.ba.sak.kjerne.vedtak.begrunnelser,EØSStandardbegrunnelse.FORTSATT_INNVILGET_PRIMÆRLAND_BEGGE_FORELDRE_JOBBER_I_NORGE,6,12,0,0,0,3,2,1,2,1
familie-ba-sak 10110,no.nav.familie.ba.sak.kjerne.vedtak.begrunnelser,EØSStandardbegrunnelse.FORTSETT_INNVILGET_SEKUNDÆRLAND_UK_TO_ARBEIDSLAND_NORGE_UTBETALER,6,12,0,0,0,3,2,1,2,1
familie-ba-sak 10110,no.nav.familie.ba.sak.kjerne.vedtak.begrunnelser,EØSStandardbegrunnelse.FORTSATT_INNVILGET_PRIMÆRLAND_BARNET_BOR_I_NORGE,6,12,0,0,0,3,2,1,2,1
familie-ba-sak 10110,no.nav.familie.ba.sak.kjerne.vedtak.begrunnelser,EØSStandardbegrunnelse.INNVILGET_PRIMÆRLAND_UK_ALENEANSVAR,6,12,0,0,0,3,2,1,2,1
familie-ba-sak 10110,no.nav.familie.ba.sak.kjerne.vedtak.begrunnelser,EØSStandardbegrunnelse.OPPHØR_UTSENDT_ARBEIDSTAKER_FRA_EØS_LAND,6,12,0,0,0,3,2,1,2,1
familie-ba-sak 10110,no.nav.familie.ba.sak.kjerne.vedtak.begrunnelser,Standardbegrunnelse.FORTSATT_INNVILGET_OPPHOLDSTILLATELSE_INSTITUSJON,3,15,0,0,0,3,1,2,1,2
familie-ba-sak 10110,no.nav.familie.ba.sak.kjerne.vedtak.begrunnelser,Standardbegrunnelse.FORTSATT_INNVILGET_SEPARERT,3,15,0,0,0,3,1,2,1,2
familie-ba-sak 10110,no.nav.familie.ba.sak.kjerne.vedtak.begrunnelser,EØSStandardbegrunnelse.INNVILGET_SELVSTENDIG_RETT_PRIMÆRLAND_STANDARD,6,12,0,0,0,3,2,1,2,1
familie-ba-sak 10110,no.nav.familie.ba.sak.kjerne.vedtak.begrunnelser,Standardbegrunnelse.AVSLAG_ENSLIG_MINDREÅRIG_FLYKTNING_BOR_I_INSTITUSJON,3,15,0,0,0,3,1,2,1,2
familie-ba-sak 10110,no.nav.familie.ba.sak.kjerne.vedtak.begrunnelser,Standardbegrunnelse.OPPHØR_VAR_IKKE_MEDLEM,3,15,0,0,0,3,1,2,1,2
familie-ba-sak 10110,no.nav.familie.ba.sak.kjerne.vedtak.begrunnelser,Standardbegrunnelse.OPPHØR_VURDERING_VAR_IKKE_MEDLEM,3,15,0,0,0,3,1,2,1,2
familie-ba-sak 10110,no.nav.familie.ba.sak.kjerne.vedtak.begrunnelser,Standardbegrunnelse.REDUKSJON_SAMBOER_IKKE_I_TVUNGENT_PSYKISK_HELSEVERN,3,15,0,0,0,3,1,2,1,2
familie-ba-sak 10110,no.nav.familie.ba.sak.kjerne.vedtak.begrunnelser,IVedtakBegrunnelse.Companion,64,0,4,0,7,0,3,0,1,0
familie-ba-sak 10110,no.nav.familie.ba.sak.kjerne.vedtak.begrunnelser,Standardbegrunnelse.INNVILGET_BARN_BOR_SAMMEN_MED_MOTTAKER,3,15,0,0,0,3,1,2,1,2
familie-ba-sak 10110,no.nav.familie.ba.sak.kjerne.vedtak.begrunnelser,Standardbegrunnelse.OPPHØR_VURDERING_FLERE_KORTE_OPPHOLD_I_UTLANDET_SISTE_ÅRENE,3,15,0,0,0,3,1,2,1,2
familie-ba-sak 10110,no.nav.familie.ba.sak.kjerne.vedtak.begrunnelser,Standardbegrunnelse.FORTSATT_INNVILGET_FORVARING_SAMBOER,3,15,0,0,0,3,1,2,1,2
familie-ba-sak 10110,no.nav.familie.ba.sak.kjerne.vedtak.begrunnelser,Standardbegrunnelse.REDUKSJON_ENDRET_MOTTAKER,3,15,0,0,0,3,1,2,1,2
familie-ba-sak 10110,no.nav.familie.ba.sak.kjerne.vedtak.begrunnelser,EØSStandardbegrunnelse.REDUKSJON_BARN_BOR_IKKE_I_EØS,6,12,0,0,0,3,2,1,2,1
familie-ba-sak 10110,no.nav.familie.ba.sak.kjerne.vedtak.begrunnelser,EØSStandardbegrunnelse.OPPHOR_FLERE_BARN_DØDE_EØS,6,12,0,0,0,3,2,1,2,1
familie-ba-sak 10110,no.nav.familie.ba.sak.kjerne.vedtak.begrunnelser,Standardbegrunnelse.AVSLAG_IKKE_FRIVILLIG_MEDLEM,3,15,0,0,0,3,1,2,1,2
familie-ba-sak 10110,no.nav.familie.ba.sak.kjerne.vedtak.begrunnelser,Standardbegrunnelse.REDUKSJON_MANGLER_MEKLINGSATTEST,3,15,0,0,0,3,1,2,1,2
familie-ba-sak 10110,no.nav.familie.ba.sak.kjerne.vedtak.begrunnelser,Standardbegrunnelse.INNVILGET_TILLEGGSTEKST_SAMSBOER_12_AV_SISTE_18,3,15,0,0,0,3,1,2,1,2
familie-ba-sak 10110,no.nav.familie.ba.sak.kjerne.vedtak.begrunnelser,EØSStandardbegrunnelse.OPPHØR_IKKE_STATSBORGER_I_EØS_LAND,6,12,0,0,0,3,2,1,2,1
familie-ba-sak 10110,no.nav.familie.ba.sak.kjerne.vedtak.begrunnelser,Standardbegrunnelse.AVSLAG_IKKE_MEDLEM_ETTER_TRYGDEAVTALE,3,15,0,0,0,3,1,2,1,2
familie-ba-sak 10110,no.nav.familie.ba.sak.kjerne.vedtak.begrunnelser,Standardbegrunnelse.REDUKSJON_VAR_IKKE_MEDLEM,3,15,0,0,0,3,1,2,1,2
familie-ba-sak 10110,no.nav.familie.ba.sak.kjerne.vedtak.begrunnelser,Standardbegrunnelse.FORTSATT_INNVILGET_FORTSATT_RETTSAVGJØRELSE_OM_DELT_BOSTED,3,15,0,0,0,3,1,2,1,2
familie-ba-sak 10110,no.nav.familie.ba.sak.kjerne.vedtak.begrunnelser,Standardbegrunnelse.INNVILGET_HELE_FAMILIEN_PLIKTIG_MEDLEM,3,15,0,0,0,3,1,2,1,2
familie-ba-sak 10110,no.nav.familie.ba.sak.kjerne.vedtak.begrunnelser,EØSStandardbegrunnelse.AVSLAG_SELVSTENDIG_RETT_STANDARD_AVSLAG,6,12,0,0,0,3,2,1,2,1
familie-ba-sak 10110,no.nav.familie.ba.sak.kjerne.vedtak.begrunnelser,Standardbegrunnelse.OPPHØR_IKKE_AVTALE_OM_DELT_BOSTED,3,15,0,0,0,3,1,2,1,2
familie-ba-sak 10110,no.nav.familie.ba.sak.kjerne.vedtak.begrunnelser,Standardbegrunnelse.AVSLAG_SAMBOER_FORSVUNNET_MINDRE_ENN_6_MÅNEDER,3,15,0,0,0,3,1,2,1,2
familie-ba-sak 10110,no.nav.familie.ba.sak.kjerne.vedtak.begrunnelser,Standardbegrunnelse.ENDRET_UTBETALING_TRE_ÅR_TILBAKE_I_TID_UTBETALING,3,15,0,0,0,3,1,2,1,2
familie-ba-sak 10110,no.nav.familie.ba.sak.kjerne.vedtak.begrunnelser,EØSStandardbegrunnelse.FORTSATT_INNVILGET_PRIMÆRLAND_UK_TO_ARBEIDSLAND_NORGE_UTBETALER,6,12,0,0,0,3,2,1,2,1
familie-ba-sak 10110,no.nav.familie.ba.sak.kjerne.vedtak.begrunnelser,Standardbegrunnelse.OPPHØR_AVTALE_DELT_BOSTED_IKKE_GYLDIG,3,15,0,0,0,3,1,2,1,2
familie-ba-sak 10110,no.nav.familie.ba.sak.kjerne.vedtak.begrunnelser,EØSStandardbegrunnelse.INNVILGET_PRIMÆRLAND_TO_ARBEIDSLAND_NORGE_UTBETALER,6,12,0,0,0,3,2,1,2,1
familie-ba-sak 10110,no.nav.familie.ba.sak.kjerne.vedtak.begrunnelser,EØSStandardbegrunnelse.OPPHOR_UGYLDIG_KONTONUMMER_EØS,6,12,0,0,0,3,2,1,2,1
familie-ba-sak 10110,no.nav.familie.ba.sak.kjerne.vedtak.begrunnelser,Standardbegrunnelse.INNVILGET_TILLEGGSTEKST_EØS_BORGER_UTBETALING_NAV,3,15,0,0,0,3,1,2,1,2
familie-ba-sak 10110,no.nav.familie.ba.sak.kjerne.vedtak.begrunnelser,Standardbegrunnelse.FORTSATT_INNVILGET_VURDERING_SØKER_OG_BARN_MEDLEM,3,15,0,0,0,3,1,2,1,2
familie-ba-sak 10110,no.nav.familie.ba.sak.kjerne.vedtak.begrunnelser,Standardbegrunnelse.OPPHØR_ENDRET_MOTTAKER,3,15,0,0,0,3,1,2,1,2
familie-ba-sak 10110,no.nav.familie.ba.sak.kjerne.vedtak.begrunnelser,Standardbegrunnelse.FORTSATT_INNVILGET_OPPHOLD_I_UTLANDET_IKKE_MER_ENN_3_MÅNEDER_BARN,3,15,0,0,0,3,1,2,1,2
familie-ba-sak 10110,no.nav.familie.ba.sak.kjerne.vedtak.begrunnelser,Standardbegrunnelse.FORTSATT_INNVILGET_LOVLIG_OPPHOLD_EØS,3,15,0,0,0,3,1,2,1,2
familie-ba-sak 10110,no.nav.familie.ba.sak.kjerne.vedtak.begrunnelser,Standardbegrunnelse.FORTSATT_INNVILGET_VURDERING_HELE_FAMILIEN_MEDLEM,3,15,0,0,0,3,1,2,1,2
familie-ba-sak 10110,no.nav.familie.ba.sak.kjerne.vedtak.begrunnelser,Standardbegrunnelse.INNVILGET_TILLEGGSTEKST_EØS_BORGER_EKTEFELLE_UTBETALING_NAV,3,15,0,0,0,3,1,2,1,2
familie-ba-sak 10110,no.nav.familie.ba.sak.kjerne.vedtak.begrunnelser,Standardbegrunnelse.INNVILGET_VURDERING_EGEN_HUSHOLDNING,3,15,0,0,0,3,1,2,1,2
familie-ba-sak 10110,no.nav.familie.ba.sak.kjerne.vedtak.begrunnelser,EØSStandardbegrunnelse.INNVILGET_SELVSTENDIG_RETT_SEKUNDÆRLAND_UK_STANDARD,6,12,0,0,0,3,2,1,2,1
familie-ba-sak 10110,no.nav.familie.ba.sak.kjerne.vedtak.begrunnelser,Standardbegrunnelse.AVSLAG_BOR_IKKE_FAST_MED_BARNET,3,15,0,0,0,3,1,2,1,2
familie-ba-sak 10110,no.nav.familie.ba.sak.kjerne.vedtak.begrunnelser,EØSStandardbegrunnelse.FORTSATT_INNVILGET_SELVSTENDIG_RETT_SEKUNDÆRLAND_FÅR_YTELSE_I_UTLANDET,6,12,0,0,0,3,2,1,2,1
familie-ba-sak 10110,no.nav.familie.ba.sak.kjerne.vedtak.begrunnelser,Standardbegrunnelse.OPPHØR_BARN_BODDE_IKKE_MED_SØKER,3,15,0,0,0,3,1,2,1,2
familie-ba-sak 10110,no.nav.familie.ba.sak.kjerne.vedtak.begrunnelser,Standardbegrunnelse.AVSLAG_ANNEN_FORELDER_IKKE_MEDLEM_ETTER_TRYGDEAVTALE,3,15,0,0,0,3,1,2,1,2
familie-ba-sak 10110,no.nav.familie.ba.sak.kjerne.vedtak.begrunnelser,Standardbegrunnelse.OPPHØR_VURDERING_IKKE_BOSATT_I_NORGE,3,15,0,0,0,3,1,2,1,2
familie-ba-sak 10110,no.nav.familie.ba.sak.kjerne.vedtak.begrunnelser,EØSStandardbegrunnelse.FORTSATT_INNVILGET_TILLEGSTEKST_UK_FULL_UTBETALING,6,12,0,0,0,3,2,1,2,1
familie-ba-sak 10110,no.nav.familie.ba.sak.kjerne.vedtak.begrunnelser,Standardbegrunnelse.REDUKSJON_VURDERING_BARN_FLERE_KORTE_OPPHOLD_I_UTLANDET_SISTE_TO_ÅR_,3,15,0,0,0,3,1,2,1,2
familie-ba-sak 10110,no.nav.familie.ba.sak.kjerne.vedtak.begrunnelser,EØSStandardbegrunnelse.INNVILGET_SELVSTENDIG_RETT_PRIMÆRLAND_UK_OG_STANDARD,6,12,0,0,0,3,2,1,2,1
familie-ba-sak 10110,no.nav.familie.ba.sak.kjerne.vedtak.begrunnelser,Standardbegrunnelse.FORTSATT_INNVILGET_VARIG_OPPHOLDSTILLATELSE,3,15,0,0,0,3,1,2,1,2
familie-ba-sak 10110,no.nav.familie.ba.sak.kjerne.vedtak.begrunnelser,Standardbegrunnelse.ENDRET_UTBETALING_REDUKSJON_ENDRE_MOTTAKER,3,15,0,0,0,3,1,2,1,2
familie-ba-sak 10110,no.nav.familie.ba.sak.kjerne.vedtak.begrunnelser,EØSStandardbegrunnelse.FORTSATT_INNVILGET_SELVSTENDIG_RETT_PRIMÆRLAND_STANDARD,6,12,0,0,0,3,2,1,2,1
familie-ba-sak 10110,no.nav.familie.ba.sak.kjerne.vedtak.begrunnelser,Standardbegrunnelse.AVSLAG_GIFT,3,15,0,0,0,3,1,2,1,2
familie-ba-sak 10110,no.nav.familie.ba.sak.kjerne.vedtak.begrunnelser,EØSStandardbegrunnelse.FORTSATT_INNVILGET_PRIMÆRLAND_BEGGE_FORELDRE_BOSATT_I_NORGE,6,12,0,0,0,3,2,1,2,1
familie-ba-sak 10110,no.nav.familie.ba.sak.kjerne.vedtak.begrunnelser,Standardbegrunnelse.INNVILGET_EØS_BORGER_UTBETALING_FRA_NAV,3,15,0,0,0,3,1,2,1,2
familie-ba-sak 10110,no.nav.familie.ba.sak.kjerne.vedtak.begrunnelser,VedtakBegrunnelseType,56,134,22,0,5,19,17,2,6,2
familie-ba-sak 10110,no.nav.familie.ba.sak.kjerne.vedtak.begrunnelser,Standardbegrunnelse.OPPHØR_VURDERING_FLERE_KORTE_OPPHOLD_I_UTLANDET_SISTE_TO_ÅR,3,15,0,0,0,3,1,2,1,2
familie-ba-sak 10110,no.nav.familie.ba.sak.kjerne.vedtak.begrunnelser,Standardbegrunnelse.OPPHØR_UNDER_18_ÅR,3,15,0,0,0,3,1,2,1,2
familie-ba-sak 10110,no.nav.familie.ba.sak.kjerne.vedtak.begrunnelser,EØSStandardbegrunnelse.FORTSATT_INNVILGET_SELVSTENDIG_RETT_PRIMÆRLAND_UK_OG_UTLAND_STANDARD,6,12,0,0,0,3,2,1,2,1
familie-ba-sak 10110,no.nav.familie.ba.sak.kjerne.vedtak.begrunnelser,Standardbegrunnelse.AVSLAG_IKKE_OPPHOLDSTILLATELSE_MER_ENN_12_MÅNEDER,3,15,0,0,0,3,1,2,1,2
familie-ba-sak 10110,no.nav.familie.ba.sak.kjerne.vedtak.begrunnelser,Standardbegrunnelse.INNVILGET_ENSLIG_MINDREÅRIG_FLYKTNING,3,15,0,0,0,3,1,2,1,2
familie-ba-sak 10110,no.nav.familie.ba.sak.kjerne.vedtak.begrunnelser,EØSStandardbegrunnelse.FORTSATT_INNVILGET_PRIMÆRLAND_TO_ARBEIDSLAND_NORGE_UTBETALER,6,12,0,0,0,3,2,1,2,1
familie-ba-sak 10110,no.nav.familie.ba.sak.kjerne.vedtak.begrunnelser,EØSStandardbegrunnelse.INNVILGET_PRIMÆRLAND_STANDARD,6,12,0,0,0,3,2,1,2,1
familie-ba-sak 10110,no.nav.familie.ba.sak.kjerne.vedtak.begrunnelser,Standardbegrunnelse.OPPHØR_SØKER_OG_BARN_IKKE_MEDLEM,3,15,0,0,0,3,1,2,1,2
familie-ba-sak 10110,no.nav.familie.ba.sak.kjerne.vedtak.begrunnelser,Standardbegrunnelse.INNVILGET_VARETEKTSFENGSEL_SAMBOER,3,15,0,0,0,3,1,2,1,2
familie-ba-sak 10110,no.nav.familie.ba.sak.kjerne.vedtak.begrunnelser,Standardbegrunnelse.INNVILGET_ETTERBETALING_3_ÅR,3,15,0,0,0,3,1,2,1,2
familie-ba-sak 10110,no.nav.familie.ba.sak.kjerne.vedtak.begrunnelser,Standardbegrunnelse.INNVILGET_TILLEGGSTEKST_EØS_BORGER_JOBBER,3,15,0,0,0,3,1,2,1,2
familie-ba-sak 10110,no.nav.familie.ba.sak.kjerne.vedtak.begrunnelser,Standardbegrunnelse.REDUKSJON_SMÅBARNSTILLEGG_HAR_IKKE_UTVIDET_BARNETRYGD,3,15,0,0,0,3,1,2,1,2
familie-ba-sak 10110,no.nav.familie.ba.sak.kjerne.vedtak.begrunnelser,Standardbegrunnelse.REDUKSJON_DELT_BOSTED_GENERELL,3,15,0,0,0,3,1,2,1,2
familie-ba-sak 10110,no.nav.familie.ba.sak.kjerne.vedtak.begrunnelser,Standardbegrunnelse.REDUKSJON_IKKE_OPPHOLDSTILLATELSE,3,15,0,0,0,3,1,2,1,2
familie-ba-sak 10110,no.nav.familie.ba.sak.kjerne.vedtak.begrunnelser,Standardbegrunnelse.REDUKSJON_UNDER_6_ÅR_AUTOVEDTAK,3,15,0,0,0,3,1,2,1,2
familie-ba-sak 10110,no.nav.familie.ba.sak.kjerne.vedtak.begrunnelser,Standardbegrunnelse.AVSLAG_VURDERING_IKKE_MEDLEM,3,15,0,0,0,3,1,2,1,2
familie-ba-sak 10110,no.nav.familie.ba.sak.kjerne.vedtak.begrunnelser,Standardbegrunnelse.INNVILGET_NYFØDT_BARN_FØRSTE,3,15,0,0,0,3,1,2,1,2
familie-ba-sak 10110,no.nav.familie.ba.sak.kjerne.vedtak.begrunnelser,Standardbegrunnelse.ENDRET_UTBETALINGSPERIODE_DELT_BOSTED_INGEN_UTBETALING_NY,3,15,0,0,0,3,1,2,1,2
familie-ba-sak 10110,no.nav.familie.ba.sak.kjerne.vedtak.begrunnelser,SanityEØSBegrunnelseKt,11,0,2,0,4,0,2,0,1,0
familie-ba-sak 10110,no.nav.familie.ba.sak.kjerne.vedtak.begrunnelser,Standardbegrunnelse.INNVILGET_FLYTTING_ETTER_MEKLINGSATTEST,3,15,0,0,0,3,1,2,1,2
familie-ba-sak 10110,no.nav.familie.ba.sak.kjerne.vedtak.begrunnelser,Standardbegrunnelse.INNVILGET_EØS_BORGER_SAMBOER_JOBBER,3,15,0,0,0,3,1,2,1,2
familie-ba-sak 10110,no.nav.familie.ba.sak.kjerne.vedtak.begrunnelser,Standardbegrunnelse.INNVILGET_TILLEGGSTEKST_TREDJELANDSBORGER_OPPHOLDSTILLATELSE,3,15,0,0,0,3,1,2,1,2
familie-ba-sak 10110,no.nav.familie.ba.sak.kjerne.vedtak.begrunnelser,Standardbegrunnelse.FORTSATT_INNVILGET_SØKER_OG_BARN_BOSATT_I_RIKET,3,15,0,0,0,3,1,2,1,2
familie-ba-sak 10110,no.nav.familie.ba.sak.kjerne.vedtak.begrunnelser,EØSStandardbegrunnelse.OPPHØR_IKKE_ANSVAR_FOR_BARN,6,12,0,0,0,3,2,1,2,1
familie-ba-sak 10110,no.nav.familie.ba.sak.kjerne.vedtak.begrunnelser,Standardbegrunnelse.REDUKSJON_DELT_BOSTED_SØKER_BER_OM_OPPHØR,3,15,0,0,0,3,1,2,1,2
familie-ba-sak 10110,no.nav.familie.ba.sak.kjerne.vedtak.begrunnelser,Standardbegrunnelse.INNVILGET_FÅR_ETTERBETALT_UTVIDET_FOR_PRAKTISERT_DELT_BOSTED,3,15,0,0,0,3,1,2,1,2
familie-ba-sak 10110,no.nav.familie.ba.sak.kjerne.vedtak.begrunnelser,Standardbegrunnelse.INNVILGET_FAST_OMSORG_FOR_BARN,3,15,0,0,0,3,1,2,1,2
familie-ba-sak 10110,no.nav.familie.ba.sak.kjerne.vedtak.begrunnelser,TriggesAv,267,0,38,0,49,0,46,0,27,0
familie-ba-sak 10110,no.nav.familie.ba.sak.kjerne.vedtak.begrunnelser,Standardbegrunnelse.ETTER_ENDRET_UTBETALING_EØS_BARNETRYGD_ALLEREDE_UTBETALT,3,15,0,0,0,3,1,2,1,2
familie-ba-sak 10110,no.nav.familie.ba.sak.kjerne.vedtak.begrunnelser,Standardbegrunnelse.OPPHØR_BARN_DØD_INSTITUSJON,3,15,0,0,0,3,1,2,1,2
familie-ba-sak 10110,no.nav.familie.ba.sak.kjerne.vedtak.begrunnelser,Standardbegrunnelse.AVSLAG_ENSLIG_MINDREÅRIG_FLYKTNING,3,15,0,0,0,3,1,2,1,2
familie-ba-sak 10110,no.nav.familie.ba.sak.kjerne.vedtak.begrunnelser,Standardbegrunnelse.REDUKSJON_VURDERING_SØKER_GIFTET_SEG,3,15,0,0,0,3,1,2,1,2
familie-ba-sak 10110,no.nav.familie.ba.sak.kjerne.vedtak.begrunnelser,EØSStandardbegrunnelse.INNVILGET_PRIMÆRLAND_SÆRKULLSBARN_ANDRE_BARN_OVERTATT_ANSVAR,6,12,0,0,0,3,2,1,2,1
familie-ba-sak 10110,no.nav.familie.ba.sak.kjerne.vedtak.begrunnelser,EØSStandardbegrunnelse.INNVILGET_PRIMÆRLAND_UK_BARNETRYGD_ALLEREDEUTBETALT,6,12,0,0,0,3,2,1,2,1
familie-ba-sak 10110,no.nav.familie.ba.sak.kjerne.vedtak.begrunnelser,Standardbegrunnelse.ENDRET_UTBETALING_ETTERBETALING_TRE_ÅR_TILBAKE_I_TID_SED,3,15,0,0,0,3,1,2,1,2
familie-ba-sak 10110,no.nav.familie.ba.sak.kjerne.vedtak.begrunnelser,Standardbegrunnelse.OPPHØR_AVTALE_OM_FAST_BOSTED,3,15,0,0,0,3,1,2,1,2
familie-ba-sak 10110,no.nav.familie.ba.sak.kjerne.vedtak.begrunnelser,EØSStandardbegrunnelse.FORTSATT_INNVILGET_PRIMÆRLAND_STANDARD,6,12,0,0,0,3,2,1,2,1
familie-ba-sak 10110,no.nav.familie.ba.sak.kjerne.småbarnstilleggkorrigering,SmåbarnstilleggController,78,27,0,0,16,6,2,1,2,1
familie-ba-sak 10110,no.nav.familie.ba.sak.kjerne.småbarnstilleggkorrigering,SmåbarnstilleggKorrigeringService.fjernSmåbarnstilleggPåBehandling.nyeSmåbarnstilleggAndeler.new Function2() {...},9,0,2,0,3,0,2,0,1,0
familie-ba-sak 10110,no.nav.familie.ba.sak.kjerne.småbarnstilleggkorrigering,SmåbarnstilleggKorrigeringRequest,12,0,0,0,3,0,2,0,2,0
familie-ba-sak 10110,no.nav.familie.ba.sak.kjerne.småbarnstilleggkorrigering,SmåbarnstilleggKorrigeringService.leggTilSmåbarnstilleggPåBehandling.nyeSmåbarnstillegg.new Function2() {...},25,0,0,0,6,0,1,0,1,0
familie-ba-sak 10110,no.nav.familie.ba.sak.kjerne.småbarnstilleggkorrigering,SmåbarnstilleggKorrigeringService,153,15,6,0,27,4,5,1,2,1
familie-ba-sak 10110,no.nav.familie.ba.sak.integrasjoner.infotrygd.domene,InfotrygdVedtakFeedTaskDto,18,0,0,0,1,0,3,0,3,0
familie-ba-sak 10110,no.nav.familie.ba.sak.integrasjoner.infotrygd.domene,StartBehandlingDto,12,0,0,0,1,0,2,0,2,0
familie-ba-sak 10110,no.nav.familie.ba.sak.integrasjoner.infotrygd.domene,InfotrygdFødselhendelsesFeedDto,12,0,0,0,1,0,2,0,2,0
familie-ba-sak 10110,no.nav.familie.ba.sak.integrasjoner.infotrygd.domene,InfotrygdFødselhendelsesFeedTaskDto,12,0,0,0,1,0,2,0,2,0
familie-ba-sak 10110,no.nav.familie.ba.sak.integrasjoner.infotrygd.domene,InfotrygdVedtakFeedDto,21,0,0,0,1,0,3,0,3,0
familie-ba-sak 10110,no.nav.familie.ba.sak.kjerne.steg,SendTilBeslutterKt,161,0,22,0,24,0,14,0,3,0
familie-ba-sak 10110,no.nav.familie.ba.sak.kjerne.steg,HenleggBehandling,200,51,8,0,29,11,9,2,5,2
familie-ba-sak 10110,no.nav.familie.ba.sak.kjerne.steg,IverksettMotOppdrag,128,56,12,0,30,11,12,2,6,2
familie-ba-sak 10110,no.nav.familie.ba.sak.kjerne.steg,StatusFraOppdragMedTask,21,0,0,0,3,0,3,0,3,0
familie-ba-sak 10110,no.nav.familie.ba.sak.kjerne.steg,BehandlingStegKt,480,0,138,0,143,0,123,0,7,0
familie-ba-sak 10110,no.nav.familie.ba.sak.kjerne.steg,StegService,1282,134,88,0,222,24,76,3,31,3
familie-ba-sak 10110,no.nav.familie.ba.sak.kjerne.steg,SendTilBeslutter,201,65,12,0,39,13,12,2,6,2
familie-ba-sak 10110,no.nav.familie.ba.sak.kjerne.steg,VurderTilbakekrevingSteg,56,23,4,0,5,6,10,2,8,2
familie-ba-sak 10110,no.nav.familie.ba.sak.kjerne.steg,StegService.håndterIverksettMotØkonomi.new Function0() {...},8,0,0,0,1,0,1,0,1,0
familie-ba-sak 10110,no.nav.familie.ba.sak.kjerne.steg,TilbakestillBehandlingTilBehandlingsresultatService,28,33,2,0,10,7,2,1,1,1
familie-ba-sak 10110,no.nav.familie.ba.sak.kjerne.steg,DistribuerVedtaksbrev,57,26,0,0,10,6,5,3,5,3
familie-ba-sak 10110,no.nav.familie.ba.sak.kjerne.steg,StegService.håndterPersongrunnlag.new Function0() {...},8,0,0,0,1,0,1,0,1,0
familie-ba-sak 10110,no.nav.familie.ba.sak.kjerne.steg,StegService.håndterDistribuerVedtaksbrev.new Function0() {...},8,0,0,0,1,0,1,0,1,0
familie-ba-sak 10110,no.nav.familie.ba.sak.kjerne.steg,StegService.håndterSendTilBeslutter.behandlingEtterBeslutterSteg.new Function0() {...},8,0,0,0,1,0,1,0,1,0
familie-ba-sak 10110,no.nav.familie.ba.sak.kjerne.steg,StatusFraOppdrag,181,26,14,0,40,6,16,3,8,3
familie-ba-sak 10110,no.nav.familie.ba.sak.kjerne.steg,TilbakestillBehandlingService,172,45,6,0,39,9,8,1,5,1
familie-ba-sak 10110,no.nav.familie.ba.sak.kjerne.steg,BeslutteVedtak,394,71,36,0,89,14,29,2,10,2
familie-ba-sak 10110,no.nav.familie.ba.sak.kjerne.steg,VilkårsvurderingSteg,121,53,6,0,29,11,8,2,5,2
familie-ba-sak 10110,no.nav.familie.ba.sak.kjerne.steg,StegService.Companion,8,0,0,0,2,0,1,0,1,0
familie-ba-sak 10110,no.nav.familie.ba.sak.kjerne.steg,StegService.håndterIverksettMotFamilieTilbake.new Function0() {...},11,0,0,0,1,0,1,0,1,0
familie-ba-sak 10110,no.nav.familie.ba.sak.kjerne.steg,RegistrerPersongrunnlagDTO,38,0,0,0,5,0,5,0,5,0
familie-ba-sak 10110,no.nav.familie.ba.sak.kjerne.steg,BehandlerRolle,0,53,0,0,0,6,0,3,0,3
familie-ba-sak 10110,no.nav.familie.ba.sak.kjerne.steg,FerdigstillBehandling,292,56,40,0,29,11,27,3,7,3
familie-ba-sak 10110,no.nav.familie.ba.sak.kjerne.steg,RegistrereSøknad,131,47,4,0,24,10,7,2,5,2
familie-ba-sak 10110,no.nav.familie.ba.sak.kjerne.steg,EndringerIUtbetalingForBehandlingSteg,25,0,0,0,3,0,1,0,1,0
familie-ba-sak 10110,no.nav.familie.ba.sak.kjerne.steg,BehandlingStegStatus,6,34,0,0,0,3,2,2,2,2
familie-ba-sak 10110,no.nav.familie.ba.sak.kjerne.steg,StegService.håndterStatusFraØkonomi.new Function0() {...},8,0,0,0,1,0,1,0,1,0
familie-ba-sak 10110,no.nav.familie.ba.sak.kjerne.steg,StegService.håndterFiltreringsreglerForFødselshendelser.new Function0() {...},8,0,0,0,1,0,1,0,1,0
familie-ba-sak 10110,no.nav.familie.ba.sak.kjerne.steg,StegService.håndterBehandlingsresultat.behandlingEtterBehandlingsresultatSteg.new Function0() {...},7,0,0,0,1,0,1,0,1,0
familie-ba-sak 10110,no.nav.familie.ba.sak.kjerne.steg,FiltreringFødselshendelserSteg,44,20,2,0,7,5,6,3,5,3
familie-ba-sak 10110,no.nav.familie.ba.sak.kjerne.steg,StegService.håndterVilkårsvurdering.behandlingEtterVilkårsvurdering.new Function0() {...},7,0,0,0,1,0,1,0,1,0
familie-ba-sak 10110,no.nav.familie.ba.sak.kjerne.steg,JournalførVedtaksbrev.Companion,20,0,2,0,3,0,3,0,2,0
familie-ba-sak 10110,no.nav.familie.ba.sak.kjerne.steg,StegService.håndterFerdigstillBehandling.new Function0() {...},7,0,0,0,1,0,1,0,1,0
familie-ba-sak 10110,no.nav.familie.ba.sak.kjerne.steg,StegService.håndterVurderTilbakekreving.new Function0() {...},8,0,0,0,1,0,1,0,1,0
familie-ba-sak 10110,no.nav.familie.ba.sak.kjerne.steg,IverksettMotFamilieTilbakeData,12,0,0,0,2,0,2,0,2,0
familie-ba-sak 10110,no.nav.familie.ba.sak.kjerne.steg,StegService.håndterRegistrerVerge.new Function0() {...},8,0,0,0,1,0,1,0,1,0
familie-ba-sak 10110,no.nav.familie.ba.sak.kjerne.steg,JournalførVedtaksbrev,520,62,43,0,112,12,32,3,10,3
familie-ba-sak 10110,no.nav.familie.ba.sak.kjerne.steg,IverksettMotFamilieTilbake,123,38,10,0,20,8,11,3,6,3
familie-ba-sak 10110,no.nav.familie.ba.sak.kjerne.steg,StegService.håndterJournalførVedtaksbrev.new Function0() {...},8,0,0,0,1,0,1,0,1,0
familie-ba-sak 10110,no.nav.familie.ba.sak.kjerne.steg,RegistrerPersongrunnlag,72,29,2,0,18,7,6,2,5,2
familie-ba-sak 10110,no.nav.familie.ba.sak.kjerne.steg,TilbakestillBehandlingTilBehandlingsresultatServiceKt,18,0,4,0,3,0,3,0,1,0
familie-ba-sak 10110,no.nav.familie.ba.sak.kjerne.steg,StegService.håndterHenleggBehandling.behandlingEtterHenleggeSteg.new Function0() {...},8,0,0,0,1,0,1,0,1,0
familie-ba-sak 10110,no.nav.familie.ba.sak.kjerne.steg,BehandlingSteg.DefaultImpls,45,0,0,0,10,0,5,0,5,0
familie-ba-sak 10110,no.nav.familie.ba.sak.kjerne.steg,RegistrerInstitusjonOgVerge,117,35,10,0,20,8,15,2,10,2
familie-ba-sak 10110,no.nav.familie.ba.sak.kjerne.steg,StegType,41,413,8,2,3,78,9,4,4,4
familie-ba-sak 10110,no.nav.familie.ba.sak.kjerne.steg,StegService.fullførSøknadsHåndtering.new Function0() {...},8,0,0,0,1,0,1,0,1,0
familie-ba-sak 10110,no.nav.familie.ba.sak.kjerne.steg,StegService.håndterBeslutningForVedtak.new Function0() {...},8,0,0,0,1,0,1,0,1,0
familie-ba-sak 10110,no.nav.familie.ba.sak.integrasjoner.statistikk,StatistikkClient,67,29,2,0,13,5,5,2,4,2
familie-ba-sak 10110,no.nav.familie.ba.sak.integrasjoner.statistikk,StatistikkClient.harSendtVedtaksmeldingForBehandling..inlined.getForEntity.new Function0() {...},23,0,0,0,1,0,1,0,1,0
familie-ba-sak 10110,no.nav.familie.ba.sak.integrasjoner.statistikk,StatistikkClient.harSendtVedtaksmeldingForBehandling..inlined.getForEntity.1.new ParameterizedTypeReference() {...},3,0,0,0,1,0,1,0,1,0
familie-ba-sak 10110,no.nav.familie.ba.sak.kjerne.behandlingsresultat,BehandlingsresultatUtils,403,0,70,0,43,0,39,0,4,0
familie-ba-sak 10110,no.nav.familie.ba.sak.kjerne.behandlingsresultat,BehandlingsresultatService,332,51,44,0,63,10,24,1,2,1
familie-ba-sak 10110,no.nav.familie.ba.sak.kjerne.behandlingsresultat,BehandlingsresultatSteg,388,83,48,0,85,15,33,3,9,3
familie-ba-sak 10110,no.nav.familie.ba.sak.kjerne.behandlingsresultat,Endringsresultat,19,0,0,0,2,0,1,0,1,0
familie-ba-sak 10110,no.nav.familie.ba.sak.kjerne.behandlingsresultat,Opphørsresultat,25,0,0,0,3,0,1,0,1,0
familie-ba-sak 10110,no.nav.familie.ba.sak.kjerne.behandlingsresultat,BehandlingsresultatSteg.Companion,2,0,0,0,1,0,1,0,1,0
familie-ba-sak 10110,no.nav.familie.ba.sak.kjerne.behandlingsresultat,BehandlingsresultatSøknadUtils.utledSøknadResultatFraAndelerTilkjentYtelsePerPersonOgType.resultatTidslinje.new Function3() {...},84,0,24,0,17,0,14,0,1,0
familie-ba-sak 10110,no.nav.familie.ba.sak.kjerne.behandlingsresultat,BehandlingsresultatUtilsKt,82,0,4,0,16,0,3,0,1,0
familie-ba-sak 10110,no.nav.familie.ba.sak.kjerne.behandlingsresultat,Søknadsresultat,31,0,0,0,4,0,1,0,1,0
familie-ba-sak 10110,no.nav.familie.ba.sak.kjerne.behandlingsresultat,BehandlingsresultatEndringUtils,329,0,20,0,52,0,17,0,7,0
familie-ba-sak 10110,no.nav.familie.ba.sak.kjerne.behandlingsresultat,BehandlingsresultatOpphørUtils,253,0,30,0,27,0,21,0,6,0
familie-ba-sak 10110,no.nav.familie.ba.sak.kjerne.behandlingsresultat,BehandlingStegUtilsKt,66,0,2,0,9,0,2,0,1,0
familie-ba-sak 10110,no.nav.familie.ba.sak.kjerne.behandlingsresultat,BehandlingsresultatValideringUtils,176,0,18,0,29,0,11,0,2,0
familie-ba-sak 10110,no.nav.familie.ba.sak.kjerne.behandlingsresultat,BehandlingsresultatEndringUtils.erEndringIBeløpForPersonOgType.endringIBeløpTidslinje.new Function2() {...},37,0,12,0,9,0,7,0,1,0
familie-ba-sak 10110,no.nav.familie.ba.sak.kjerne.behandlingsresultat,BehandlingsresultatSøknadUtils,351,0,40,0,55,0,25,0,5,0
familie-ba-sak 10110,no.nav.familie.ba.sak.kjerne.behandlingsresultat,BehandlingsresultatOpphørUtils.filtrerBortIrrelevanteAndelerPerPersonOgType.new Function2() {...},34,0,10,0,5,0,6,0,1,0
familie-ba-sak 10110,no.nav.familie.ba.sak.kjerne.grunnlag.søknad,GrunnlagController.LeggTilBarnDto,3,9,0,0,0,1,1,1,1,1
familie-ba-sak 10110,no.nav.familie.ba.sak.kjerne.grunnlag.søknad,SøknadGrunnlag,119,0,4,0,17,0,14,0,12,0
familie-ba-sak 10110,no.nav.familie.ba.sak.kjerne.grunnlag.søknad,GrunnlagController,47,36,0,0,14,7,0,2,0,2
familie-ba-sak 10110,no.nav.familie.ba.sak.kjerne.grunnlag.søknad,SøknadGrunnlagService,43,9,2,0,6,3,4,1,3,1
familie-ba-sak 10110,no.nav.familie.ba.sak.kjerne.grunnlag.småbarnstillegg,PeriodeOvergangsstønadGrunnlagKt,21,0,0,0,7,0,1,0,1,0
familie-ba-sak 10110,no.nav.familie.ba.sak.kjerne.grunnlag.småbarnstillegg,PeriodeOvergangsstønadGrunnlag,90,0,0,0,27,0,10,0,10,0
familie-ba-sak 10110,no.nav.familie.ba.sak.kjerne.eøs.felles,PeriodeOgBarnSkjemaEntitet,0,3,0,0,0,2,0,1,0,1
familie-ba-sak 10110,no.nav.familie.ba.sak.kjerne.eøs.felles,PeriodeOgBarnSkjema.DefaultImpls,37,0,0,0,4,0,1,0,1,0
familie-ba-sak 10110,no.nav.familie.ba.sak.kjerne.eøs.felles,BehandlingId,9,0,0,0,2,0,2,0,2,0
familie-ba-sak 10110,no.nav.familie.ba.sak.kjerne.eøs.felles,PeriodeOgBarnSkjemaServiceKt,17,0,0,0,2,0,1,0,1,0
familie-ba-sak 10110,no.nav.familie.ba.sak.kjerne.eøs.felles,PeriodeOgBarnSkjemaKt,315,0,46,0,26,0,36,0,13,0
familie-ba-sak 10110,no.nav.familie.ba.sak.kjerne.eøs.felles,PeriodeOgBarnSkjemaService,210,15,8,0,34,3,12,1,8,1
familie-ba-sak 10110,no.nav.familie.ba.sak.kjerne.totrinnskontroll.domene,Totrinnskontroll,174,0,14,0,25,0,25,0,18,0
familie-ba-sak 10110,no.nav.familie.ba.sak.ekstern.restDomene,RestFagsakKt,129,0,0,0,41,0,4,0,4,0
familie-ba-sak 10110,no.nav.familie.ba.sak.ekstern.restDomene,RestRegisteropplysning,31,0,0,0,4,0,5,0,5,0
familie-ba-sak 10110,no.nav.familie.ba.sak.ekstern.restDomene,RestHentFagsakForPerson,31,0,0,0,1,0,4,0,4,0
familie-ba-sak 10110,no.nav.familie.ba.sak.ekstern.restDomene,RestPersonInfo,153,0,0,0,13,0,15,0,15,0
familie-ba-sak 10110,no.nav.familie.ba.sak.ekstern.restDomene,RestPerson,87,0,0,0,10,0,10,0,10,0
familie-ba-sak 10110,no.nav.familie.ba.sak.ekstern.restDomene,RestRegisterhistorikkKt.fyllInnTomDatoer..inlined.sortedBy.new Comparator() {...},15,0,0,0,1,0,1,0,1,0
familie-ba-sak 10110,no.nav.familie.ba.sak.ekstern.restDomene,RestBrevmottakerKt,31,0,0,0,10,0,1,0,1,0
familie-ba-sak 10110,no.nav.familie.ba.sak.ekstern.restDomene,RestValutakurs,106,0,0,0,12,0,11,0,11,0
familie-ba-sak 10110,no.nav.familie.ba.sak.ekstern.restDomene,RestMinimalFagsak,133,0,0,0,26,0,15,0,15,0
familie-ba-sak 10110,no.nav.familie.ba.sak.ekstern.restDomene,RestSettPåVentKt,11,0,0,0,4,0,1,0,1,0
familie-ba-sak 10110,no.nav.familie.ba.sak.ekstern.restDomene,RestFagsakDeltager,123,0,0,0,12,0,12,0,12,0
familie-ba-sak 10110,no.nav.familie.ba.sak.ekstern.restDomene,RestAnnenVurderingKt,15,0,0,0,6,0,1,0,1,0
familie-ba-sak 10110,no.nav.familie.ba.sak.ekstern.restDomene,RestVisningBehandling,90,0,0,0,12,0,12,0,12,0
familie-ba-sak 10110,no.nav.familie.ba.sak.ekstern.restDomene,RestEndretUtbetalingAndel,63,0,0,0,11,0,11,0,11,0
familie-ba-sak 10110,no.nav.familie.ba.sak.ekstern.restDomene,RestPutGenererFortsattInnvilgetVedtaksperioder,15,0,0,0,3,0,3,0,3,0
familie-ba-sak 10110,no.nav.familie.ba.sak.ekstern.restDomene,RestKompetanseKt,123,0,0,0,25,0,2,0,2,0
familie-ba-sak 10110,no.nav.familie.ba.sak.ekstern.restDomene,RestUtenlandskPeriodebeløp,119,0,0,0,16,0,12,0,12,0
familie-ba-sak 10110,no.nav.familie.ba.sak.ekstern.restDomene,RestFødselshendelsefiltreringResultat,30,0,0,0,4,0,4,0,4,0
familie-ba-sak 10110,no.nav.familie.ba.sak.ekstern.restDomene,RestManuellDødsfall,30,0,0,0,4,0,4,0,4,0
familie-ba-sak 10110,no.nav.familie.ba.sak.ekstern.restDomene,RestVedtakBegrunnelseTilknyttetVilkår,27,0,0,0,4,0,4,0,4,0
familie-ba-sak 10110,no.nav.familie.ba.sak.ekstern.restDomene,RestVedtak,21,0,0,0,4,0,4,0,4,0
familie-ba-sak 10110,no.nav.familie.ba.sak.ekstern.restDomene,RestRegisterhistorikk,76,0,0,0,8,0,8,0,8,0
familie-ba-sak 10110,no.nav.familie.ba.sak.ekstern.restDomene,RestOppdaterJournalpost,152,0,2,0,29,0,13,0,12,0
familie-ba-sak 10110,no.nav.familie.ba.sak.ekstern.restDomene,RestSlettVilkår,21,0,0,0,1,0,3,0,3,0
familie-ba-sak 10110,no.nav.familie.ba.sak.ekstern.restDomene,TilgangDTO,18,0,0,0,3,0,3,0,3,0
familie-ba-sak 10110,no.nav.familie.ba.sak.ekstern.restDomene,RestKorrigertVedtakKt,15,0,0,0,6,0,1,0,1,0
familie-ba-sak 10110,no.nav.familie.ba.sak.ekstern.restDomene,RestTilbakekreving,14,36,0,0,0,6,4,2,4,2
familie-ba-sak 10110,no.nav.familie.ba.sak.ekstern.restDomene,RestRegisterhistorikkKt,128,0,10,0,16,0,7,0,2,0
familie-ba-sak 10110,no.nav.familie.ba.sak.ekstern.restDomene,RestFagsak,121,0,0,0,23,0,13,0,13,0
familie-ba-sak 10110,no.nav.familie.ba.sak.ekstern.restDomene,RestFødselshendelsefiltreringResultatKt,13,0,0,0,5,0,1,0,1,0
familie-ba-sak 10110,no.nav.familie.ba.sak.ekstern.restDomene,RestAnnenVurdering,33,0,0,0,5,0,5,0,5,0
familie-ba-sak 10110,no.nav.familie.ba.sak.ekstern.restDomene,RestPutVedtaksperiodeMedStandardbegrunnelser,12,0,0,0,2,0,2,0,2,0
familie-ba-sak 10110,no.nav.familie.ba.sak.ekstern.restDomene,RestTotrinnskontrollKt,15,0,0,0,6,0,1,0,1,0
familie-ba-sak 10110,no.nav.familie.ba.sak.ekstern.restDomene,RestPersonInfoKt,275,0,46,0,42,0,27,0,4,0
familie-ba-sak 10110,no.nav.familie.ba.sak.ekstern.restDomene,RestTilkjentYtelseKt,202,0,16,0,20,0,9,0,1,0
familie-ba-sak 10110,no.nav.familie.ba.sak.ekstern.restDomene,UtfyltStatus,0,25,0,0,0,3,0,1,0,1
familie-ba-sak 10110,no.nav.familie.ba.sak.ekstern.restDomene,RestBrevmottaker,69,0,0,0,9,0,9,0,9,0
familie-ba-sak 10110,no.nav.familie.ba.sak.ekstern.restDomene,RestBehandlingStegTilstand,21,0,0,0,3,0,3,0,3,0
familie-ba-sak 10110,no.nav.familie.ba.sak.ekstern.restDomene,InstitusjonInfo,32,0,0,0,1,0,5,0,5,0
familie-ba-sak 10110,no.nav.familie.ba.sak.ekstern.restDomene,RestPersonMedAndeler,42,0,0,0,6,0,6,0,6,0
familie-ba-sak 10110,no.nav.familie.ba.sak.ekstern.restDomene,NavnOgIdent,6,15,0,0,0,3,2,1,2,1
familie-ba-sak 10110,no.nav.familie.ba.sak.ekstern.restDomene,RestTotrinnskontroll,50,0,0,0,6,0,6,0,6,0
familie-ba-sak 10110,no.nav.familie.ba.sak.ekstern.restDomene,BarnMedOpplysninger,79,0,0,0,8,0,8,0,8,0
familie-ba-sak 10110,no.nav.familie.ba.sak.ekstern.restDomene,RestKompetanse,236,0,8,0,33,0,19,0,15,0
familie-ba-sak 10110,no.nav.familie.ba.sak.ekstern.restDomene,RestPersonKt,30,0,2,0,10,0,2,0,1,0
familie-ba-sak 10110,no.nav.familie.ba.sak.ekstern.restDomene,RestBehandlingStegTilstandKt,11,0,0,0,4,0,1,0,1,0
familie-ba-sak 10110,no.nav.familie.ba.sak.ekstern.restDomene,AbstractUtfyltStatus,51,0,10,0,6,0,8,0,3,0
familie-ba-sak 10110,no.nav.familie.ba.sak.ekstern.restDomene,RestPutVedtaksperiodeMedFritekster,21,0,0,0,3,0,3,0,3,0
familie-ba-sak 10110,no.nav.familie.ba.sak.ekstern.restDomene,RestUtvidetBehandling,276,0,0,0,35,0,35,0,35,0
familie-ba-sak 10110,no.nav.familie.ba.sak.ekstern.restDomene,RestNyttVilkår,6,15,0,0,0,3,2,1,2,1
familie-ba-sak 10110,no.nav.familie.ba.sak.ekstern.restDomene,RestVilkårResultat,204,0,10,0,21,0,25,0,20,0
familie-ba-sak 10110,no.nav.familie.ba.sak.ekstern.restDomene,RestArbeidsfordelingPåBehandlingKt,13,0,0,0,5,0,1,0,1,0
familie-ba-sak 10110,no.nav.familie.ba.sak.ekstern.restDomene,RestJournalføring,264,0,16,0,40,0,27,0,19,0
familie-ba-sak 10110,no.nav.familie.ba.sak.ekstern.restDomene,FagsakDeltagerRolle,0,25,0,0,0,3,0,1,0,1
familie-ba-sak 10110,no.nav.familie.ba.sak.ekstern.restDomene,RestRegistrerSøknad,18,0,0,0,3,0,3,0,3,0
familie-ba-sak 10110,no.nav.familie.ba.sak.ekstern.restDomene,RestForelderBarnRelasjon,55,0,0,0,7,0,7,0,7,0
familie-ba-sak 10110,no.nav.familie.ba.sak.ekstern.restDomene,RestRefusjonEøs,18,30,0,0,0,7,6,1,6,1
familie-ba-sak 10110,no.nav.familie.ba.sak.ekstern.restDomene,RestGenererVedtaksperioderForOverstyrtEndringstidspunkt,18,0,0,0,3,0,3,0,3,0
familie-ba-sak 10110,no.nav.familie.ba.sak.ekstern.restDomene,RestFerdigstillOppgaveKnyttJournalpost,53,51,0,0,1,11,11,1,11,1
familie-ba-sak 10110,no.nav.familie.ba.sak.ekstern.restDomene,RestJournalpostDokument,36,0,0,0,6,0,6,0,6,0
familie-ba-sak 10110,no.nav.familie.ba.sak.ekstern.restDomene,RestFeilutbetaltValuta,52,0,0,0,7,0,7,0,7,0
familie-ba-sak 10110,no.nav.familie.ba.sak.ekstern.restDomene,SøknadDTOKt,10,0,0,0,1,0,1,0,1,0
familie-ba-sak 10110,no.nav.familie.ba.sak.ekstern.restDomene,RestValutakursKt,79,0,0,0,17,0,2,0,2,0
familie-ba-sak 10110,no.nav.familie.ba.sak.ekstern.restDomene,RestUtenlandskPeriodebeløpKt,124,0,8,0,26,0,8,0,4,0
familie-ba-sak 10110,no.nav.familie.ba.sak.ekstern.restDomene,RestArbeidsfordelingPåBehandling,38,0,0,0,5,0,5,0,5,0
familie-ba-sak 10110,no.nav.familie.ba.sak.ekstern.restDomene,RestBostedsadresse,18,0,0,0,3,0,3,0,3,0
familie-ba-sak 10110,no.nav.familie.ba.sak.ekstern.restDomene,RestVedtakKt,13,0,0,0,5,0,1,0,1,0
familie-ba-sak 10110,no.nav.familie.ba.sak.ekstern.restDomene,RestRegistrerInstitusjonOgVerge,49,9,6,0,12,3,7,1,4,1
familie-ba-sak 10110,no.nav.familie.ba.sak.ekstern.restDomene,RestSøkParam,13,18,0,0,1,3,2,2,2,2
familie-ba-sak 10110,no.nav.familie.ba.sak.ekstern.restDomene,RestPersonResultat,41,0,0,0,5,0,5,0,5,0
familie-ba-sak 10110,no.nav.familie.ba.sak.ekstern.restDomene,RestForelderBarnRelasjonnMaskert,21,0,0,0,3,0,3,0,3,0
familie-ba-sak 10110,no.nav.familie.ba.sak.ekstern.restDomene,RestKorrigertEtterbetaling,45,0,0,0,7,0,7,0,7,0
familie-ba-sak 10110,no.nav.familie.ba.sak.ekstern.restDomene,RestYtelsePeriode,42,0,0,0,6,0,6,0,6,0
familie-ba-sak 10110,no.nav.familie.ba.sak.ekstern.restDomene,RestVisningBehandlingKt,57,0,4,0,21,0,5,0,3,0
familie-ba-sak 10110,no.nav.familie.ba.sak.ekstern.restDomene,RestBaseFagsak,101,0,0,0,12,0,12,0,12,0
familie-ba-sak 10110,no.nav.familie.ba.sak.ekstern.restDomene,RestSettPåVent,21,0,0,0,3,0,3,0,3,0
familie-ba-sak 10110,no.nav.familie.ba.sak.ekstern.restDomene,RestKorrigertVedtak,27,0,0,0,5,0,5,0,5,0
familie-ba-sak 10110,no.nav.familie.ba.sak.ekstern.restDomene,RestPersonResultatKt,114,0,4,0,23,0,3,0,1,0
familie-ba-sak 10110,no.nav.familie.ba.sak.ekstern.restDomene,RestHentFagsakerForPerson,14,18,0,0,0,1,2,2,2,2
familie-ba-sak 10110,no.nav.familie.ba.sak.ekstern.restDomene,SøkerMedOpplysninger,31,0,0,0,4,0,4,0,4,0
familie-ba-sak 10110,no.nav.familie.ba.sak.ekstern.restDomene,BehandlingUnderkategoriDTO,0,19,0,0,0,2,0,1,0,1
familie-ba-sak 10110,no.nav.familie.ba.sak.ekstern.restDomene,SøknadDTO,39,0,0,0,5,0,5,0,5,0
familie-ba-sak 10110,no.nav.familie.ba.sak.ekstern.restDomene,VergeInfo,12,0,0,0,1,0,2,0,2,0
familie-ba-sak 10110,no.nav.familie.ba.sak.ekstern.restDomene,RestKorrigertEtterbetalingKt,19,0,0,0,8,0,1,0,1,0
familie-ba-sak 10110,no.nav.familie.ba.sak.integrasjoner.infotrygd,InfotrygdFeedClient.sendFeedTilInfotrygd..inlined.postForEntity.default.1.new ParameterizedTypeReference() {...},3,0,0,0,1,0,1,0,1,0
familie-ba-sak 10110,no.nav.familie.ba.sak.integrasjoner.infotrygd,InfotrygdBarnetrygdClient.SendtBrevRequest,21,0,0,0,3,0,3,0,3,0
familie-ba-sak 10110,no.nav.familie.ba.sak.integrasjoner.infotrygd,InfotrygdFeedService,19,9,0,0,4,3,3,1,3,1
familie-ba-sak 10110,no.nav.familie.ba.sak.integrasjoner.infotrygd,InfotrygdBarnetrygdClient.harNyligSendtBrevFor..inlined.postForEntity.default.1.new ParameterizedTypeReference() {...},3,0,0,0,1,0,1,0,1,0
familie-ba-sak 10110,no.nav.familie.ba.sak.integrasjoner.infotrygd,InfotrygdBarnetrygdClient.hentUtvidetBarnetrygd..inlined.postForEntity.default.new Function0() {...},24,0,0,0,1,0,1,0,1,0
familie-ba-sak 10110,no.nav.familie.ba.sak.integrasjoner.infotrygd,InfotrygdLøpendeBarnetrygdResponse,9,0,0,0,1,0,2,0,2,0
familie-ba-sak 10110,no.nav.familie.ba.sak.integrasjoner.infotrygd,InfotrygdBarnetrygdClient.hentPerioderMedUtvidetBarnetrygdForPersoner..inlined.postForEntity.default.1.new ParameterizedTypeReference() {...},3,0,0,0,1,0,1,0,1,0
familie-ba-sak 10110,no.nav.familie.ba.sak.integrasjoner.infotrygd,InfotrygdController,93,30,4,0,10,5,2,4,0,4
familie-ba-sak 10110,no.nav.familie.ba.sak.integrasjoner.infotrygd,InfotrygdBarnetrygdClient.hentSaker..inlined.postForEntity.default.new Function0() {...},24,0,0,0,1,0,1,0,1,0
familie-ba-sak 10110,no.nav.familie.ba.sak.integrasjoner.infotrygd,RestLøpendeSak,9,0,0,0,1,0,2,0,2,0
familie-ba-sak 10110,no.nav.familie.ba.sak.integrasjoner.infotrygd,InfotrygdBarnetrygdClient.HentUtvidetBarnetrygdRequest,21,0,0,0,1,0,3,0,3,0
familie-ba-sak 10110,no.nav.familie.ba.sak.integrasjoner.infotrygd,InfotrygdBarnetrygdClient.SendtBrevResponse,28,0,0,0,4,0,4,0,4,0
familie-ba-sak 10110,no.nav.familie.ba.sak.integrasjoner.infotrygd,InfotrygdBarnetrygdClient.harLøpendeSakIInfotrygd..inlined.postForEntity.default.1.new ParameterizedTypeReference() {...},0,3,0,0,0,1,0,1,0,1
familie-ba-sak 10110,no.nav.familie.ba.sak.integrasjoner.infotrygd,InfotrygdBarnetrygdClient.harÅpenSakIInfotrygd..inlined.postForEntity.default.new Function0() {...},24,0,0,0,1,0,1,0,1,0
familie-ba-sak 10110,no.nav.familie.ba.sak.integrasjoner.infotrygd,InfotrygdBarnetrygdClient.harLøpendeSakIInfotrygd..inlined.postForEntity.default.new Function0() {...},1,23,0,0,0,1,0,1,0,1
familie-ba-sak 10110,no.nav.familie.ba.sak.integrasjoner.infotrygd,InfotrygdÅpenSakResponse,9,0,0,0,1,0,2,0,2,0
familie-ba-sak 10110,no.nav.familie.ba.sak.integrasjoner.infotrygd,Personident,0,12,0,0,0,1,0,2,0,2
familie-ba-sak 10110,no.nav.familie.ba.sak.integrasjoner.infotrygd,InfotrygdBarnetrygdClient.harNyligSendtBrevFor..inlined.postForEntity.default.new Function0() {...},24,0,0,0,1,0,1,0,1,0
familie-ba-sak 10110,no.nav.familie.ba.sak.integrasjoner.infotrygd,InfotrygdBarnetrygdClient.InfotrygdHendelse,75,0,0,0,10,0,10,0,10,0
familie-ba-sak 10110,no.nav.familie.ba.sak.integrasjoner.infotrygd,InfotrygdBrevkode,74,0,0,0,9,0,3,0,3,0
familie-ba-sak 10110,no.nav.familie.ba.sak.integrasjoner.infotrygd,InfotrygdBarnetrygdClient.hentStønader..inlined.postForEntity.default.new Function0() {...},24,0,0,0,1,0,1,0,1,0
familie-ba-sak 10110,no.nav.familie.ba.sak.integrasjoner.infotrygd,InfotrygdBarnetrygdClient,323,111,1,1,57,23,10,6,9,6
familie-ba-sak 10110,no.nav.familie.ba.sak.integrasjoner.infotrygd,InfotrygdBarnetrygdClient.hentSaker..inlined.postForEntity.default.1.new ParameterizedTypeReference() {...},3,0,0,0,1,0,1,0,1,0
familie-ba-sak 10110,no.nav.familie.ba.sak.integrasjoner.infotrygd,InfotrygdFeedClient,85,26,2,0,24,4,6,2,5,2
familie-ba-sak 10110,no.nav.familie.ba.sak.integrasjoner.infotrygd,InfotrygdBarnetrygdClient.harÅpenSakIInfotrygd..inlined.postForEntity.default.1.new ParameterizedTypeReference() {...},3,0,0,0,1,0,1,0,1,0
familie-ba-sak 10110,no.nav.familie.ba.sak.integrasjoner.infotrygd,InfotrygdBarnetrygdClient.hentPerioderMedUtvidetBarnetrygdForPersoner..inlined.postForEntity.default.new Function0() {...},24,0,0,0,1,0,1,0,1,0
familie-ba-sak 10110,no.nav.familie.ba.sak.integrasjoner.infotrygd,RestInfotrygdstønader,45,0,0,0,5,0,5,0,5,0
familie-ba-sak 10110,no.nav.familie.ba.sak.integrasjoner.infotrygd,InfotrygdBarnetrygdClient.hentUtvidetBarnetrygd..inlined.postForEntity.default.1.new ParameterizedTypeReference() {...},3,0,0,0,1,0,1,0,1,0
familie-ba-sak 10110,no.nav.familie.ba.sak.integrasjoner.infotrygd,InfotrygdFeedClient.sendFeedTilInfotrygd..inlined.postForEntity.default.new Function0() {...},24,0,0,0,1,0,1,0,1,0
familie-ba-sak 10110,no.nav.familie.ba.sak.integrasjoner.infotrygd,InfotrygdBarnetrygdClient.hentStønader..inlined.postForEntity.default.1.new ParameterizedTypeReference() {...},3,0,0,0,1,0,1,0,1,0
familie-ba-sak 10110,no.nav.familie.ba.sak.integrasjoner.infotrygd,InfotrygdBarnetrygdClient.hentPersonerMedUtvidetBarnetrygd..inlined.getForEntity.default.new Function0() {...},1,22,0,0,0,1,0,1,0,1
familie-ba-sak 10110,no.nav.familie.ba.sak.integrasjoner.infotrygd,InfotrygdBarnetrygdClient.hentPersonerMedUtvidetBarnetrygd..inlined.getForEntity.default.1.new ParameterizedTypeReference() {...},0,3,0,0,0,1,0,1,0,1
familie-ba-sak 10110,no.nav.familie.ba.sak.integrasjoner.infotrygd,InfotrygdService,173,21,6,0,25,5,13,1,10,1
familie-ba-sak 10110,no.nav.familie.ba.sak.integrasjoner.infotrygd,RestInfotrygdsaker,45,0,0,0,5,0,5,0,5,0
familie-ba-sak 10110,no.nav.familie.ba.sak.kjerne.eøs.felles.beregning,TrekkFraSkjemaerKt,157,0,24,0,22,0,14,0,2,0
familie-ba-sak 10110,no.nav.familie.ba.sak.kjerne.eøs.felles.beregning,SlåSammenSkjemaerKt,144,0,10,0,23,0,9,0,4,0
familie-ba-sak 10110,no.nav.familie.ba.sak.kjerne.eøs.felles.beregning,SlåSammenSkjemaerKt.slåSammen.kompetanseSettTidslinje.new Function1() {...},17,0,0,0,2,0,1,0,1,0
familie-ba-sak 10110,no.nav.familie.ba.sak.kjerne.eøs.felles.beregning,OppdaterSkjemaerKt,69,0,6,0,12,0,4,0,1,0
familie-ba-sak 10110,no.nav.familie.ba.sak.kjerne.eøs.felles.beregning,JusteringAvOppdateringKt,121,0,20,0,23,0,11,0,1,0
familie-ba-sak 10110,no.nav.familie.ba.sak.kjerne.eøs.felles.beregning,SkjemaTidslinjerKt,107,0,4,0,16,0,7,0,5,0
familie-ba-sak 10110,no.nav.familie.ba.sak.kjerne.eøs.felles.beregning,SlåSammenSkjemaerKt.slåSammen.kompetanseSettTidslinje.2.invoke..inlined.groupingBy.new Grouping() {...},16,0,0,0,3,0,3,0,3,0
familie-ba-sak 10110,no.nav.familie.ba.sak.kjerne.eøs.felles.beregning,SkjemaTidslinjerKt.tilTidslinje.new Function0() {...},29,0,0,0,5,0,1,0,1,0
familie-ba-sak 10110,no.nav.familie.ba.sak.kjerne.eøs.felles.beregning,SkjemaTidslinjerKt.tilSeparateTidslinjerForBarna.1.new Function0() {...},43,0,0,0,7,0,1,0,1,0
familie-ba-sak 10110,no.nav.familie.ba.sak.kjerne.fagsak,FagsakController.RestSøkFagsakRequest,0,12,0,0,0,1,0,2,0,2
familie-ba-sak 10110,no.nav.familie.ba.sak.kjerne.fagsak,FagsakStatusScheduler,40,24,8,0,8,5,5,2,1,2
familie-ba-sak 10110,no.nav.familie.ba.sak.kjerne.fagsak,Fagsak,141,0,8,0,22,0,18,0,14,0
familie-ba-sak 10110,no.nav.familie.ba.sak.kjerne.fagsak,FagsakController.RestFagsakIdOgTilknyttetAktørId,18,0,0,0,3,0,3,0,3,0
familie-ba-sak 10110,no.nav.familie.ba.sak.kjerne.fagsak,FagsakStatus,0,25,0,0,0,3,0,1,0,1
familie-ba-sak 10110,no.nav.familie.ba.sak.kjerne.fagsak,RestBeslutningPåVedtak,25,18,0,0,1,4,4,1,4,1
familie-ba-sak 10110,no.nav.familie.ba.sak.kjerne.fagsak,FagsakService,1575,188,120,2,246,28,91,5,30,5
familie-ba-sak 10110,no.nav.familie.ba.sak.kjerne.fagsak,Beslutning,7,19,2,0,1,2,2,1,1,1
familie-ba-sak 10110,no.nav.familie.ba.sak.kjerne.fagsak,FagsakType,10,25,4,0,1,3,3,1,1,1
familie-ba-sak 10110,no.nav.familie.ba.sak.kjerne.fagsak,FagsakRequest,40,0,0,0,5,0,5,0,5,0
familie-ba-sak 10110,no.nav.familie.ba.sak.kjerne.fagsak,FagsakRepository.DefaultImpls,47,0,0,0,6,0,3,0,3,0
familie-ba-sak 10110,no.nav.familie.ba.sak.kjerne.fagsak,FagsakController,386,152,8,2,52,32,8,10,3,10
familie-ba-sak 10110,no.nav.familie.ba.sak.kjerne.eøs.felles.util,TidKt,17,0,0,0,2,0,3,0,3,0
familie-ba-sak 10110,no.nav.familie.ba.sak.kjerne.eøs.felles.util,CollectionsKt,40,0,4,0,2,0,4,0,2,0
familie-ba-sak 10110,no.nav.familie.ba.sak.integrasjoner.journalføring,UtgåendeJournalføringService,226,19,8,0,56,4,10,2,6,2
familie-ba-sak 10110,no.nav.familie.ba.sak.integrasjoner.journalføring,JournalføringMetrikk,65,158,10,0,11,21,6,1,1,1
familie-ba-sak 10110,no.nav.familie.ba.sak.integrasjoner.journalføring,InnkommendeJournalføringService,1040,92,98,0,196,16,61,5,12,5
familie-ba-sak 10110,no.nav.familie.ba.sak.integrasjoner.journalføring,JournalføringController,99,43,6,0,12,11,4,5,1,5
familie-ba-sak 10110,no.nav.familie.ba.sak.kjerne.institusjon,SøkSamhandlerInfoRequest,0,21,0,0,0,4,0,4,0,4
familie-ba-sak 10110,no.nav.familie.ba.sak.kjerne.institusjon,Institusjon,35,0,0,0,8,0,5,0,5,0
familie-ba-sak 10110,no.nav.familie.ba.sak.kjerne.institusjon,InstitusjonService,64,27,4,0,12,5,6,3,4,3
familie-ba-sak 10110,no.nav.familie.ba.sak.kjerne.institusjon,SamhandlerController,63,54,12,6,11,13,9,4,0,4
familie-ba-sak 10110,no.nav.familie.ba.sak.integrasjoner.ecb,ECBServiceException,30,0,0,0,1,0,4,0,4,0
familie-ba-sak 10110,no.nav.familie.ba.sak.integrasjoner.ecb,ECBService,156,9,12,0,22,2,11,1,5,1
familie-ba-sak 10110,no.nav.familie.ba.sak.ekstern.bisys,BisysUtvidetBarnetrygdResponse,12,0,0,0,1,0,2,0,2,0
familie-ba-sak 10110,no.nav.familie.ba.sak.ekstern.bisys,BisysUtvidetBarnetrygdRequest,21,0,0,0,3,0,3,0,3,0
familie-ba-sak 10110,no.nav.familie.ba.sak.ekstern.bisys,BisysService.hentUtvidetBarnetrygd.new Function1() {...},7,0,0,0,1,0,1,0,1,0
familie-ba-sak 10110,no.nav.familie.ba.sak.ekstern.bisys,BisysService.hentUtvidetBarnetrygd.new Function1() {...},7,0,0,0,1,0,1,0,1,0
familie-ba-sak 10110,no.nav.familie.ba.sak.ekstern.bisys,BisysService.slåSammenSammenhengendePerioder..inlined.sortedBy.new Comparator() {...},15,0,0,0,1,0,1,0,1,0
familie-ba-sak 10110,no.nav.familie.ba.sak.ekstern.bisys,BisysService,335,42,34,0,46,8,21,2,4,2
familie-ba-sak 10110,no.nav.familie.ba.sak.ekstern.bisys,BisysController,95,9,8,0,24,2,5,1,1,1
familie-ba-sak 10110,no.nav.familie.ba.sak.ekstern.bisys,BisysStønadstype,0,19,0,0,0,2,0,1,0,1
familie-ba-sak 10110,no.nav.familie.ba.sak.ekstern.bisys,UtvidetBarnetrygdPeriode,59,0,0,0,8,0,8,0,8,0
familie-ba-sak 10110,no.nav.familie.ba.sak.kjerne.beregning.endringstidspunkt,BehandlingAlder,19,0,0,0,2,0,1,0,1,0
familie-ba-sak 10110,no.nav.familie.ba.sak.kjerne.beregning.endringstidspunkt,EndringstidspunktUtilsKt,452,0,44,0,63,0,31,0,9,0
familie-ba-sak 10110,no.nav.familie.ba.sak.kjerne.beregning.endringstidspunkt,EndringstidspunktController,21,19,2,0,4,5,2,3,1,3
familie-ba-sak 10110,no.nav.familie.ba.sak.kjerne.beregning.endringstidspunkt,AndelTilkjentYtelseDataForÅKalkulereEndring,36,0,0,0,5,0,5,0,5,0
familie-ba-sak 10110,no.nav.familie.ba.sak.kjerne.vedtak.vedtaksperiode,OpphørsperiodeKt,387,0,28,0,79,0,25,0,11,0
familie-ba-sak 10110,no.nav.familie.ba.sak.kjerne.vedtak.vedtaksperiode,OpphørsperiodeKt.finnOpphørsperioderPåGrunnAvReduksjonIRevurdering.erUtbetalingOpphørtTidslinje.new Function2() {...},9,0,4,0,1,0,3,0,1,0
familie-ba-sak 10110,no.nav.familie.ba.sak.kjerne.vedtak.vedtaksperiode,VedtaksperiodeMedBegrunnelserTidslinjeKt,35,0,2,0,5,0,2,0,1,0
familie-ba-sak 10110,no.nav.familie.ba.sak.kjerne.vedtak.vedtaksperiode,ReduksjonsperioderFraForrigeBehandlingTidslinje,48,0,0,0,9,0,2,0,2,0
familie-ba-sak 10110,no.nav.familie.ba.sak.kjerne.vedtak.vedtaksperiode,VedtaksperiodeOgUnikId,21,0,0,0,3,0,3,0,3,0
familie-ba-sak 10110,no.nav.familie.ba.sak.kjerne.vedtak.vedtaksperiode,Vedtaksperiodetype,22,201,6,0,7,44,7,2,2,2
familie-ba-sak 10110,no.nav.familie.ba.sak.kjerne.vedtak.vedtaksperiode,Avslagsperiode,35,0,0,0,5,0,5,0,5,0
familie-ba-sak 10110,no.nav.familie.ba.sak.kjerne.vedtak.vedtaksperiode,Opphørsperiode,38,0,0,0,5,0,5,0,5,0
familie-ba-sak 10110,no.nav.familie.ba.sak.kjerne.vedtak.vedtaksperiode,VedtakPeriodeValideringKt,242,0,50,0,34,0,32,0,7,0
familie-ba-sak 10110,no.nav.familie.ba.sak.kjerne.vedtak.vedtaksperiode,OpphørsperiodeKt.tilKombinertTidslinjePerAktørOgType.new Function1() {...},7,0,0,0,1,0,1,0,1,0
familie-ba-sak 10110,no.nav.familie.ba.sak.kjerne.vedtak.vedtaksperiode,OpphørsperiodeKt.slåSammenOpphørsperioder..inlined.sortedBy.new Comparator() {...},15,0,0,0,1,0,1,0,1,0
familie-ba-sak 10110,no.nav.familie.ba.sak.kjerne.vedtak.vedtaksperiode,VedtaksperiodeUtilKt,681,0,81,0,133,0,53,0,12,0
familie-ba-sak 10110,no.nav.familie.ba.sak.kjerne.vedtak.vedtaksperiode,Utbetalingsperiode,75,0,0,0,9,0,9,0,9,0
familie-ba-sak 10110,no.nav.familie.ba.sak.kjerne.vedtak.vedtaksperiode,UtbetalingsperiodeKt.utledSegmenter.new Function1() {...},7,0,0,0,1,0,1,0,1,0
familie-ba-sak 10110,no.nav.familie.ba.sak.kjerne.vedtak.vedtaksperiode,UtbetalingsperiodeKt.utledSegmenter.new Function1() {...},7,0,0,0,1,0,1,0,1,0
familie-ba-sak 10110,no.nav.familie.ba.sak.kjerne.vedtak.vedtaksperiode,UtbetalingsperiodeKt.utledSegmenter.new Function1() {...},7,0,0,0,1,0,1,0,1,0
familie-ba-sak 10110,no.nav.familie.ba.sak.kjerne.vedtak.vedtaksperiode,UtbetalingsperiodeDetalj,123,0,12,0,16,0,14,0,8,0
familie-ba-sak 10110,no.nav.familie.ba.sak.kjerne.vedtak.vedtaksperiode,VedtaksperiodeUtilKt.oppdaterUtbetalingsperioderMedReduksjonFraForrigeBehandling.kombinertTidslinje.new Function2() {...},27,0,8,0,4,0,5,0,1,0
familie-ba-sak 10110,no.nav.familie.ba.sak.kjerne.vedtak.vedtaksperiode,VedtaksperiodeService.oppdaterVedtaksperioderForBarnVurdertIFødselshendelse.2.new Function1() {...},11,0,0,0,1,0,1,0,1,0
familie-ba-sak 10110,no.nav.familie.ba.sak.kjerne.vedtak.vedtaksperiode,VedtaksperiodeMedBegrunnelserController,211,40,6,0,54,9,7,2,4,2
familie-ba-sak 10110,no.nav.familie.ba.sak.kjerne.vedtak.vedtaksperiode,UtbetalingsperiodeKt,370,0,34,0,38,0,22,0,5,0
familie-ba-sak 10110,no.nav.familie.ba.sak.kjerne.vedtak.vedtaksperiode,EndringsTidspunktUtilKt.utledEndringstidspunkt.erPeriodeLikSammePeriodeIForrigeBehandlingTidslinjer.new Function2() {...},5,0,0,0,1,0,1,0,1,0
familie-ba-sak 10110,no.nav.familie.ba.sak.kjerne.vedtak.vedtaksperiode,EndringsTidspunktUtilKt,481,0,70,0,83,0,40,0,5,0
familie-ba-sak 10110,no.nav.familie.ba.sak.kjerne.vedtak.vedtaksperiode,VedtaksperiodeService,1605,105,138,0,300,19,98,1,29,1
familie-ba-sak 10110,no.nav.familie.ba.sak.kjerne.vedtak.vedtaksperiode,VedtaksperiodeMedBegrunnelserTidslinje,36,0,0,0,9,0,2,0,2,0
familie-ba-sak 10110,no.nav.familie.ba.sak.kjerne.vedtak.vedtaksperiode,OpphørsperiodeKt.mapTilOpphørsperioder..inlined.sortedBy.new Comparator() {...},15,0,0,0,1,0,1,0,1,0
familie-ba-sak 10110,no.nav.familie.ba.sak.kjerne.vedtak.vedtaksperiode,VedtaksperiodeHentOgPersisterService,67,9,2,0,12,3,7,1,6,1
familie-ba-sak 10110,no.nav.familie.ba.sak.kjerne.vedtak.vedtaksperiode,VedtaksperioderMedUnikIdTidslinje,47,0,0,0,9,0,2,0,2,0
familie-ba-sak 10110,no.nav.familie.ba.sak.kjerne.vedtak.vedtaksperiode,OpphørsperiodeKt.tilHarVerdiTidslinje.new Function1() {...},17,0,2,0,1,0,2,0,1,0
familie-ba-sak 10110,no.nav.familie.ba.sak.kjerne.vedtak.vedtaksperiode,UtbetalingsperiodeKt.hentUtbetalingsperiodeForVedtaksperiode..inlined.sortedBy.new Comparator() {...},15,0,0,0,1,0,1,0,1,0
familie-ba-sak 10110,no.nav.familie.ba.sak.kjerne.autovedtak.fødselshendelse,Evaluering,66,0,0,0,7,0,7,0,7,0
familie-ba-sak 10110,no.nav.familie.ba.sak.kjerne.autovedtak.fødselshendelse,FagsystemRegelVurdering,19,0,0,0,2,0,1,0,1,0
familie-ba-sak 10110,no.nav.familie.ba.sak.kjerne.autovedtak.fødselshendelse,AutovedtakFødselshendelseService.hentBegrunnelseFraVilkårsvurdering.new Function1() {...},24,0,3,0,4,0,3,0,1,0
familie-ba-sak 10110,no.nav.familie.ba.sak.kjerne.autovedtak.fødselshendelse,FlerlingUtilsKt,195,0,16,0,21,0,11,0,3,0
familie-ba-sak 10110,no.nav.familie.ba.sak.kjerne.autovedtak.fødselshendelse,EvalueringKt,16,0,2,0,1,0,2,0,1,0
familie-ba-sak 10110,no.nav.familie.ba.sak.kjerne.autovedtak.fødselshendelse,Resultat,0,25,0,0,0,3,0,1,0,1
familie-ba-sak 10110,no.nav.familie.ba.sak.kjerne.autovedtak.fødselshendelse,FagsystemUtfall,0,60,0,0,0,7,0,3,0,3
familie-ba-sak 10110,no.nav.familie.ba.sak.kjerne.autovedtak.fødselshendelse,AutovedtakFødselshendelseService,796,149,128,0,132,21,76,2,12,2
familie-ba-sak 10110,no.nav.familie.ba.sak.kjerne.autovedtak.fødselshendelse,Evaluering.Companion,48,0,0,0,15,0,3,0,3,0
familie-ba-sak 10110,no.nav.familie.ba.sak.kjerne.autovedtak.fødselshendelse,VelgFagSystemService,261,100,27,0,54,20,19,3,5,3
familie-ba-sak 10110,no.nav.familie.ba.sak.kjerne.autovedtak.fødselshendelse,VelgFagSystemService.Companion,2,0,0,0,1,0,1,0,1,0
familie-ba-sak 10110,no.nav.familie.ba.sak.kjerne.tidslinje.tidsrom,TidspunktClosedRange.iterator.new Iterator() {...},162,0,24,0,25,0,15,0,3,0
familie-ba-sak 10110,no.nav.familie.ba.sak.kjerne.tidslinje.tidsrom,TidspunktClosedRange,38,0,0,0,6,0,6,0,6,0
familie-ba-sak 10110,no.nav.familie.ba.sak.kjerne.tidslinje.tidsrom,TidspunktClosedRangeKt,12,0,0,0,1,0,1,0,1,0
familie-ba-sak 10110,no.nav.familie.ba.sak.integrasjoner.oppgave,OppgaveController,236,105,12,0,40,32,8,7,2,7
familie-ba-sak 10110,no.nav.familie.ba.sak.integrasjoner.oppgave,OppgaveService,922,115,67,1,163,22,55,5,21,5
familie-ba-sak 10110,no.nav.familie.ba.sak.kjerne.vedtak.vedtaksperiode.utbetalingsperiodemedbegrunnelser,UtbetalingsperiodeMedOverlappendeKompetanse,21,0,0,0,3,0,3,0,3,0
familie-ba-sak 10110,no.nav.familie.ba.sak.kjerne.vedtak.vedtaksperiode.utbetalingsperiodemedbegrunnelser,UtbetalingsperiodeMedBegrunnelseUtilKt.splittUtbetalingsperioderPåKompetanser.new Function1() {...},6,0,0,0,1,0,1,0,1,0
familie-ba-sak 10110,no.nav.familie.ba.sak.kjerne.vedtak.vedtaksperiode.utbetalingsperiodemedbegrunnelser,UtbetalingsperiodeMedBegrunnelseUtilKt.splittUtbetalingsperioderPåKompetanser.new Function2() {...},19,0,4,0,4,0,3,0,1,0
familie-ba-sak 10110,no.nav.familie.ba.sak.kjerne.vedtak.vedtaksperiode.utbetalingsperiodemedbegrunnelser,UtbetalingsperiodeMedBegrunnelseUtilKt,73,0,8,0,12,0,6,0,2,0
familie-ba-sak 10110,no.nav.familie.ba.sak.kjerne.autovedtak.fødselshendelse.filtreringsregler.domene,FødselshendelsefiltreringResultat,92,0,0,0,22,0,10,0,10,0
familie-ba-sak 10110,no.nav.familie.ba.sak.kjerne.autovedtak.fødselshendelse.filtreringsregler.domene,FødselshendelsefiltreringResultatKt,16,0,2,0,1,0,2,0,1,0
familie-ba-sak 10110,no.nav.familie.ba.sak.sikkerhet,TilgangService,199,135,14,4,41,20,10,9,2,8
familie-ba-sak 10110,no.nav.familie.ba.sak.sikkerhet,AuditLogger,51,137,9,9,1,27,9,6,0,6
familie-ba-sak 10110,no.nav.familie.ba.sak.sikkerhet,SaksbehandlerContext,13,9,2,0,4,3,2,1,1,1
familie-ba-sak 10110,no.nav.familie.ba.sak.sikkerhet,CustomKeyValue,21,0,0,0,1,0,3,0,3,0
familie-ba-sak 10110,no.nav.familie.ba.sak.sikkerhet,RollestyringMotDatabase,3,37,2,2,1,8,2,3,0,3
familie-ba-sak 10110,no.nav.familie.ba.sak.sikkerhet,SikkerhetContext,142,239,31,29,13,33,26,15,3,8
familie-ba-sak 10110,no.nav.familie.ba.sak.sikkerhet,Sporingsdata,0,62,0,0,0,7,0,7,0,7
familie-ba-sak 10110,no.nav.familie.ba.sak.sikkerhet,TilgangService.validerTilgangTilBehandling.harTilgang.new Function0() {...},71,0,2,0,11,0,2,0,1,0
familie-ba-sak 10110,no.nav.familie.ba.sak.sikkerhet,TilgangController,33,21,0,0,8,5,1,1,1,1
familie-ba-sak 10110,no.nav.familie.ba.sak.sikkerhet,TilgangRequestDTO,12,0,0,0,1,0,2,0,2,0
familie-ba-sak 10110,no.nav.familie.ba.sak.kjerne.eøs.differanseberegning,DifferanseberegningsUtilsKt,195,0,12,0,35,0,14,0,7,0
familie-ba-sak 10110,no.nav.familie.ba.sak.kjerne.eøs.differanseberegning,DifferanseberegningKt.kunReneSekundærlandsperioder.barnasErSekundærlandTidslinjer.new Function2() {...},21,0,8,0,4,0,5,0,1,0
familie-ba-sak 10110,no.nav.familie.ba.sak.kjerne.eøs.differanseberegning,TilpassDifferanseberegningSøkersYtelserService,28,21,0,0,5,5,1,1,1,1
familie-ba-sak 10110,no.nav.familie.ba.sak.kjerne.eøs.differanseberegning,DifferanseberegningKt.beregnDifferanse.barnasDifferanseberegneteAndelTilkjentYtelseTidslinjer.new Function2() {...},4,0,0,0,1,0,1,0,1,0
familie-ba-sak 10110,no.nav.familie.ba.sak.kjerne.eøs.differanseberegning,DifferanseberegningKt.fordelBeløpPåBarnaMedAndeler.antallAktørerMedYtelseTidslinje.new Function1() {...},7,0,0,0,1,0,1,0,1,0
familie-ba-sak 10110,no.nav.familie.ba.sak.kjerne.eøs.differanseberegning,DifferanseberegningsUtilsKt.oppdaterDifferanseberegning.new Function2() {...},4,0,0,0,1,0,1,0,1,0
familie-ba-sak 10110,no.nav.familie.ba.sak.kjerne.eøs.differanseberegning,DifferanseberegningsUtilsKt.utenDifferanseberegning.new Function1() {...},6,0,0,0,1,0,1,0,1,0
familie-ba-sak 10110,no.nav.familie.ba.sak.kjerne.eøs.differanseberegning,DifferanseberegningsUtilsKt.utenDifferanseberegning.new Function1() {...},14,0,2,0,3,0,2,0,1,0
familie-ba-sak 10110,no.nav.familie.ba.sak.kjerne.eøs.differanseberegning,DifferanseberegningKt.differanseberegnSøkersYtelser.barnasGjenståendeUnderskuddTidslinjer.new Function1() {...},12,0,2,0,1,0,2,0,1,0
familie-ba-sak 10110,no.nav.familie.ba.sak.kjerne.eøs.differanseberegning,DifferanseberegningKt.kunReneSekundærlandsperioder.kunSekundærlandsperiodeTidslinje.new Function1() {...},9,0,0,0,1,0,1,0,1,0
familie-ba-sak 10110,no.nav.familie.ba.sak.kjerne.eøs.differanseberegning,TilpassDifferanseberegningEtterUtenlandskPeriodebeløpService,46,21,2,0,9,5,2,1,1,1
familie-ba-sak 10110,no.nav.familie.ba.sak.kjerne.eøs.differanseberegning,DifferanseberegningKt.kunReneSekundærlandsperioder.new Function2() {...},13,0,2,0,1,0,2,0,1,0
familie-ba-sak 10110,no.nav.familie.ba.sak.kjerne.eøs.differanseberegning,DifferanseberegningKt.fordelBeløpPåBarnaMedAndeler.new Function2() {...},8,0,0,0,1,0,1,0,1,0
familie-ba-sak 10110,no.nav.familie.ba.sak.kjerne.eøs.differanseberegning,DifferanseberegningsUtilsKt.tilUnderskuddPåDifferanseberegningen.1.new Function1() {...},10,0,4,0,1,0,3,0,1,0
familie-ba-sak 10110,no.nav.familie.ba.sak.kjerne.eøs.differanseberegning,DifferanseberegningsUtilsKt.tilUnderskuddPåDifferanseberegningen.1.new Function1() {...},6,0,0,0,1,0,1,0,1,0
familie-ba-sak 10110,no.nav.familie.ba.sak.kjerne.eøs.differanseberegning,DifferanseberegningsUtilsKt.tilUnderskuddPåDifferanseberegningen.1.new Function1() {...},7,0,0,0,1,0,1,0,1,0
familie-ba-sak 10110,no.nav.familie.ba.sak.kjerne.eøs.differanseberegning,DifferanseberegningsUtilsKt.tilUnderskuddPåDifferanseberegningen.1.new Function1() {...},6,0,0,0,1,0,1,0,1,0
familie-ba-sak 10110,no.nav.familie.ba.sak.kjerne.eøs.differanseberegning,TilpassDifferanseberegningEtterValutakursService,46,21,2,0,9,5,2,1,1,1
familie-ba-sak 10110,no.nav.familie.ba.sak.kjerne.eøs.differanseberegning,DifferanseberegningKt.beregnDifferanse.barnasUtenlandskePeriodebeløpINorskeKronerTidslinjer.new Function2() {...},6,0,0,0,1,0,1,0,1,0
familie-ba-sak 10110,no.nav.familie.ba.sak.kjerne.eøs.differanseberegning,DifferanseberegningKt.fordelBeløpPåBarnaMedAndeler.ytelsePerBarnTidslinje.new Function2() {...},19,0,0,0,1,0,1,0,1,0
familie-ba-sak 10110,no.nav.familie.ba.sak.kjerne.eøs.differanseberegning,DifferanseberegningKt,196,0,2,0,55,0,5,0,4,0
familie-ba-sak 10110,no.nav.familie.ba.sak.kjerne.eøs.differanseberegning,TilpassDifferanseberegningEtterTilkjentYtelseService,46,27,0,0,10,6,1,1,1,1
familie-ba-sak 10110,no.nav.familie.ba.sak.kjerne.eøs.differanseberegning,AndelTilkjentYtelsePraktiskLikhet,66,0,0,0,8,0,4,0,4,0
familie-ba-sak 10110,no.nav.familie.ba.sak.kjerne.eøs.vilkårsvurdering.rest,TidslinjeController,25,15,0,0,7,4,1,1,1,1
familie-ba-sak 10110,no.nav.familie.ba.sak.kjerne.eøs.vilkårsvurdering.rest,RestTidslinjerKt,150,0,0,0,35,0,2,0,2,0
familie-ba-sak 10110,no.nav.familie.ba.sak.kjerne.eøs.vilkårsvurdering.rest,RestTidslinjePeriode,24,0,0,0,4,0,4,0,4,0
familie-ba-sak 10110,no.nav.familie.ba.sak.kjerne.eøs.vilkårsvurdering.rest,RestTidslinjerForSøker,21,0,0,0,3,0,3,0,3,0
familie-ba-sak 10110,no.nav.familie.ba.sak.kjerne.eøs.vilkårsvurdering.rest,RestTidslinjerKt.tilRestTidslinjer.1.new Function1() {...},11,0,4,0,1,0,3,0,1,0
familie-ba-sak 10110,no.nav.familie.ba.sak.kjerne.eøs.vilkårsvurdering.rest,RestTidslinjerKt.tilRestTidslinjer.1.new Function1() {...},11,0,4,0,1,0,3,0,1,0
familie-ba-sak 10110,no.nav.familie.ba.sak.kjerne.eøs.vilkårsvurdering.rest,RestTidslinjer,21,0,0,0,3,0,3,0,3,0
familie-ba-sak 10110,no.nav.familie.ba.sak.kjerne.eøs.vilkårsvurdering.rest,RestTidslinjerKt.tilRestTidslinjer.erNoenAvBarnaMellom0Og18ÅrTidslinje.new Function1() {...},9,0,0,0,1,0,1,0,1,0
familie-ba-sak 10110,no.nav.familie.ba.sak.kjerne.eøs.vilkårsvurdering.rest,RestTidslinjerKt.tilRestTidslinjer.new Function1() {...},8,0,2,0,1,0,2,0,1,0
familie-ba-sak 10110,no.nav.familie.ba.sak.kjerne.eøs.vilkårsvurdering.rest,RestTidslinjerForBarn,30,0,0,0,4,0,4,0,4,0
familie-ba-sak 10110,no.nav.familie.ba.sak.integrasjoner.familieintegrasjoner.domene,Skyggesak,56,0,0,0,6,0,6,0,6,0
familie-ba-sak 10110,no.nav.familie.ba.sak.integrasjoner.familieintegrasjoner.domene,Arbeidsforhold,90,0,0,0,9,0,9,0,9,0
familie-ba-sak 10110,no.nav.familie.ba.sak.integrasjoner.familieintegrasjoner.domene,Periode,30,0,0,0,4,0,4,0,4,0
familie-ba-sak 10110,no.nav.familie.ba.sak.integrasjoner.familieintegrasjoner.domene,Arbeidsavtaler,90,0,0,0,9,0,9,0,9,0
familie-ba-sak 10110,no.nav.familie.ba.sak.integrasjoner.familieintegrasjoner.domene,Arbeidsgiver,42,0,0,0,5,0,5,0,5,0
familie-ba-sak 10110,no.nav.familie.ba.sak.integrasjoner.familieintegrasjoner.domene,Ansettelsesperiode,30,0,0,0,4,0,4,0,4,0
familie-ba-sak 10110,no.nav.familie.ba.sak.integrasjoner.familieintegrasjoner.domene,ArbeidsgiverType,19,0,0,0,2,0,1,0,1,0
familie-ba-sak 10110,no.nav.familie.ba.sak.integrasjoner.familieintegrasjoner.domene,Arbeidsfordelingsenhet,21,0,0,0,1,0,3,0,3,0
familie-ba-sak 10110,no.nav.familie.ba.sak.integrasjoner.familieintegrasjoner.domene,ArbeidsforholdRequest,21,0,0,0,3,0,3,0,3,0
familie-ba-sak 10110,no.nav.familie.ba.sak.integrasjoner.familieintegrasjoner.domene,Arbeidstaker,42,0,0,0,5,0,5,0,5,0
familie-ba-sak 10110,no.nav.familie.ba.sak.kjerne.forrigebehandling,EndringIKompetanseUtil,136,0,12,0,21,0,11,0,5,0
familie-ba-sak 10110,no.nav.familie.ba.sak.kjerne.forrigebehandling,EndringIKompetanseUtil.lagEndringIKompetanseForPersonTidslinje.endringerTidslinje.new Function2() {...},19,0,4,0,1,0,3,0,1,0
familie-ba-sak 10110,no.nav.familie.ba.sak.kjerne.forrigebehandling,EndringIEndretUtbetalingAndelUtil.lagEndringIEndretUbetalingAndelPerPersonTidslinje.endringerTidslinje.new Function2() {...},28,0,6,0,3,0,4,0,1,0
familie-ba-sak 10110,no.nav.familie.ba.sak.kjerne.forrigebehandling,EndringIUtbetalingUtil.lagEndringIUtbetalingTidslinje.new Function1() {...},8,0,0,0,1,0,1,0,1,0
familie-ba-sak 10110,no.nav.familie.ba.sak.kjerne.forrigebehandling,EndringIVilkårsvurderingUtil,240,0,22,0,39,0,17,0,6,0
familie-ba-sak 10110,no.nav.familie.ba.sak.kjerne.forrigebehandling,EndringIEndretUtbetalingAndelUtil.lagEndringIEndretUtbetalingAndelTidslinje.new Function1() {...},8,0,0,0,1,0,1,0,1,0
familie-ba-sak 10110,no.nav.familie.ba.sak.kjerne.forrigebehandling,EndringIEndretUtbetalingAndelUtil,127,0,8,0,15,0,8,0,4,0
familie-ba-sak 10110,no.nav.familie.ba.sak.kjerne.forrigebehandling,EndringIKompetanseUtil.lagEndringIKompetanseTidslinje.new Function1() {...},8,0,0,0,1,0,1,0,1,0
familie-ba-sak 10110,no.nav.familie.ba.sak.kjerne.forrigebehandling,EndringIUtbetalingUtil.lagEndringIUtbetalingForPersonOgTypeTidslinje.endringIBeløpTidslinje.new Function2() {...},24,0,6,0,3,0,4,0,1,0
familie-ba-sak 10110,no.nav.familie.ba.sak.kjerne.forrigebehandling,EndringIVilkårsvurderingUtil.lagEndringIVilkårsvurderingForPersonOgVilkårTidslinje.endringIVilkårResultat.new Function2() {...},54,0,14,0,7,0,8,0,1,0
familie-ba-sak 10110,no.nav.familie.ba.sak.kjerne.forrigebehandling,EndringIVilkårsvurderingUtil.lagEndringIVilkårsvurderingTidslinje.new Function1() {...},8,0,0,0,1,0,1,0,1,0
familie-ba-sak 10110,no.nav.familie.ba.sak.kjerne.forrigebehandling,EndringUtil,57,0,8,0,1,0,5,0,1,0
familie-ba-sak 10110,no.nav.familie.ba.sak.kjerne.forrigebehandling,EndringIUtbetalingUtil.lagEtterbetalingstidslinjeForPersonOgType.etterbetaling.new Function2() {...},24,0,6,0,3,0,4,0,1,0
familie-ba-sak 10110,no.nav.familie.ba.sak.kjerne.forrigebehandling,EndringIUtbetalingUtil,178,0,8,0,21,0,9,0,5,0
familie-ba-sak 10110,no.nav.familie.ba.sak.kjerne.vedtak,Vedtak,86,0,0,0,14,0,11,0,11,0
familie-ba-sak 10110,no.nav.familie.ba.sak.kjerne.vedtak,VedtakService,107,29,6,0,15,6,9,3,6,3
familie-ba-sak 10110,no.nav.familie.ba.sak.kjerne.grunnlag.personopplysninger.arbeidsforhold,GrArbeidsforhold,67,0,0,0,14,0,8,0,8,0
familie-ba-sak 10110,no.nav.familie.ba.sak.kjerne.grunnlag.personopplysninger.arbeidsforhold,ArbeidsforholdService,100,9,19,0,13,2,11,1,1,1
familie-ba-sak 10110,no.nav.familie.ba.sak.kjerne.grunnlag.personopplysninger.arbeidsforhold,GrArbeidsforholdKt,28,0,6,0,3,0,4,0,1,0
familie-ba-sak 10110,no.nav.familie.ba.sak.kjerne.vedtak.domene,SøkersRettTilUtvidet,38,0,3,0,8,0,4,0,2,0
familie-ba-sak 10110,no.nav.familie.ba.sak.kjerne.vedtak.domene,MinimertRestPersonKt,201,0,8,0,38,0,8,0,4,0
familie-ba-sak 10110,no.nav.familie.ba.sak.kjerne.vedtak.domene,BegrunnelseData,133,0,0,0,17,0,18,0,18,0
familie-ba-sak 10110,no.nav.familie.ba.sak.kjerne.vedtak.domene,BrevBegrunnelse.DefaultImpls,38,0,8,0,6,0,5,0,1,0
familie-ba-sak 10110,no.nav.familie.ba.sak.kjerne.vedtak.domene,VedtaksbegrunnelseKt,460,0,67,0,83,0,40,0,6,0
familie-ba-sak 10110,no.nav.familie.ba.sak.kjerne.vedtak.domene,Vedtaksbegrunnelse,57,0,0,0,14,0,7,0,7,0
familie-ba-sak 10110,no.nav.familie.ba.sak.kjerne.vedtak.domene,VedtaksbegrunnelseFritekstKt,15,0,0,0,4,0,1,0,1,0
familie-ba-sak 10110,no.nav.familie.ba.sak.kjerne.vedtak.domene,BegrunnelseMedData.DefaultImpls,8,0,0,0,2,0,1,0,1,0
familie-ba-sak 10110,no.nav.familie.ba.sak.kjerne.vedtak.domene,EØSBegrunnelseData,4,0,0,0,1,0,1,0,1,0
familie-ba-sak 10110,no.nav.familie.ba.sak.kjerne.vedtak.domene,EØSBegrunnelseDataUtenKompetanse,58,0,0,0,9,0,8,0,8,0
familie-ba-sak 10110,no.nav.familie.ba.sak.kjerne.vedtak.domene,VedtaksperiodeMedBegrunnelserKt.tilUtbetalingerTidslinje.new Function1() {...},21,0,4,0,1,0,3,0,1,0
familie-ba-sak 10110,no.nav.familie.ba.sak.kjerne.vedtak.domene,Begrunnelsetype,25,0,0,0,3,0,1,0,1,0
familie-ba-sak 10110,no.nav.familie.ba.sak.kjerne.vedtak.domene,VedtaksperiodeMedBegrunnelserKt,356,0,56,0,51,0,38,0,7,0
familie-ba-sak 10110,no.nav.familie.ba.sak.kjerne.vedtak.domene,VedtaksperiodeMedBegrunnelser,222,0,20,0,31,0,26,0,16,0
familie-ba-sak 10110,no.nav.familie.ba.sak.kjerne.vedtak.domene,FritekstBegrunnelse,25,0,0,0,4,0,5,0,5,0
familie-ba-sak 10110,no.nav.familie.ba.sak.kjerne.vedtak.domene,VedtaksbegrunnelseFritekst,55,0,0,0,14,0,7,0,7,0
familie-ba-sak 10110,no.nav.familie.ba.sak.kjerne.vedtak.domene,EØSBegrunnelseDataMedKompetanse,91,0,0,0,13,0,12,0,12,0
familie-ba-sak 10110,no.nav.familie.ba.sak.kjerne.vedtak.domene,MinimertRestPerson,38,0,0,0,5,0,5,0,5,0
familie-ba-sak 10110,no.nav.familie.ba.sak.kjerne.vedtak.domene,VedtaksbegrunnelseKt.tilBrevBegrunnelse..inlined.sortedBy.new Comparator() {...},15,0,0,0,1,0,1,0,1,0
familie-ba-sak 10110,no.nav.familie.ba.sak.integrasjoner.samhandler,SamhandlerKlient.søkSamhandlere.lambda.1..inlined.postForEntity.default.1.new ParameterizedTypeReference() {...},3,0,0,0,1,0,1,0,1,0
familie-ba-sak 10110,no.nav.familie.ba.sak.integrasjoner.samhandler,SamhandlerKlient.hentSamhandler.lambda.0..inlined.getForEntity.default.1.new ParameterizedTypeReference() {...},0,3,0,0,0,1,0,1,0,1
familie-ba-sak 10110,no.nav.familie.ba.sak.integrasjoner.samhandler,SamhandlerKlient.hentSamhandler.lambda.0..inlined.getForEntity.default.new Function0() {...},1,22,0,0,0,1,0,1,0,1
familie-ba-sak 10110,no.nav.familie.ba.sak.integrasjoner.samhandler,SamhandlerKlient.søkSamhandlere.lambda.1..inlined.postForEntity.default.new Function0() {...},24,0,0,0,1,0,1,0,1,0
familie-ba-sak 10110,no.nav.familie.ba.sak.integrasjoner.samhandler,SamhandlerKlient,30,36,0,0,6,9,1,2,1,2
familie-ba-sak 10110,no.nav.familie.ba.sak.kjerne.totrinnskontroll,TotrinnskontrollService,234,30,12,0,43,6,14,2,8,2
familie-ba-sak 10110,no.nav.familie.ba.sak.integrasjoner.skyggesak,SkyggesakService,17,9,0,0,2,3,1,1,1,1
familie-ba-sak 10110,no.nav.familie.ba.sak.integrasjoner.skyggesak,SkyggesakScheduler,132,30,6,0,27,6,10,2,7,2
familie-ba-sak 10110,no.nav.familie.ba.sak.integrasjoner.skyggesak,Skyggesak,41,0,0,0,9,0,6,0,6,0
familie-ba-sak 10110,no.nav.familie.ba.sak,FamilieBaSakApplication,0,3,0,0,0,2,0,1,0,1
familie-ba-sak 10110,no.nav.familie.ba.sak,ApplicationKt,0,12,0,0,0,2,0,1,0,1
familie-ba-sak 10110,no.nav.familie.ba.sak.config,RestTemplateConfigKt,0,32,0,0,0,5,0,2,0,2
familie-ba-sak 10110,no.nav.familie.ba.sak.config,CacheConfig.shortCache.new ConcurrentMapCacheManager() {...},0,24,0,0,0,7,0,2,0,2
familie-ba-sak 10110,no.nav.familie.ba.sak.config,CacheConfig,0,23,0,0,0,10,0,5,0,5
familie-ba-sak 10110,no.nav.familie.ba.sak.config,CacheConfigKt,44,107,9,7,2,10,8,2,0,2
familie-ba-sak 10110,no.nav.familie.ba.sak.config,BisysConfig,0,21,0,0,0,6,0,2,0,2
familie-ba-sak 10110,no.nav.familie.ba.sak.config,FeatureToggleConfig,3,0,0,0,1,0,1,0,1,0
familie-ba-sak 10110,no.nav.familie.ba.sak.config,FlywayConfiguration,25,0,0,0,5,0,3,0,3,0
familie-ba-sak 10110,no.nav.familie.ba.sak.config,FeatureToggleService.DefaultImpls,0,8,0,0,0,1,0,1,0,1
familie-ba-sak 10110,no.nav.familie.ba.sak.config,CacheConfig.cacheManager.new ConcurrentMapCacheManager() {...},0,24,0,0,0,7,0,2,0,2
familie-ba-sak 10110,no.nav.familie.ba.sak.config,KafkaAivenErrorHandler,164,52,8,0,42,10,8,2,4,2
familie-ba-sak 10110,no.nav.familie.ba.sak.config,SentryConfiguration.Companion,2,0,0,0,1,0,1,0,1,0
familie-ba-sak 10110,no.nav.familie.ba.sak.config,ApplicationConfig,0,128,0,0,0,24,0,7,0,7
familie-ba-sak 10110,no.nav.familie.ba.sak.config,CacheConfig.dailyCache.new ConcurrentMapCacheManager() {...},0,24,0,0,0,7,0,2,0,2
familie-ba-sak 10110,no.nav.familie.ba.sak.config,WebConfig,0,70,0,0,0,11,0,2,0,2
familie-ba-sak 10110,no.nav.familie.ba.sak.config,CacheConfig.skattPersonerCache.new ConcurrentMapCacheManager() {...},0,26,0,0,0,8,0,2,0,2
familie-ba-sak 10110,no.nav.familie.ba.sak.config,RolleConfig,6,51,0,0,2,12,2,5,2,5
familie-ba-sak 10110,no.nav.familie.ba.sak.config,ApplicationConfig.prosesseringInfoProvider.new ProsesseringInfoProvider() {...},9,50,0,4,1,11,0,6,0,4
familie-ba-sak 10110,no.nav.familie.ba.sak.config,JacksonJsonConfig,0,65,0,0,0,15,0,3,0,3
familie-ba-sak 10110,no.nav.familie.ba.sak.config,RestTemplateConfig,0,255,0,0,0,42,0,7,0,7
familie-ba-sak 10110,no.nav.familie.ba.sak.config,SentryConfiguration,228,59,25,1,32,13,18,5,5,5
familie-ba-sak 10110,no.nav.familie.ba.sak.config,BisysConfig.bisysFilter.new OncePerRequestFilter() {...},26,82,6,6,4,10,5,4,0,3
familie-ba-sak 10110,no.nav.familie.ba.sak.config,SwaggerConfig,0,139,0,0,0,26,0,8,0,8
familie-ba-sak 10110,no.nav.familie.ba.sak.config,PensjonConfig.pensjonFilter.new OncePerRequestFilter() {...},23,123,14,14,5,18,11,6,0,3
familie-ba-sak 10110,no.nav.familie.ba.sak.config,SchedulingConfig,3,0,0,0,2,0,1,0,1,0
familie-ba-sak 10110,no.nav.familie.ba.sak.config,DatabaseConfig,0,24,0,0,0,5,0,2,0,2
familie-ba-sak 10110,no.nav.familie.ba.sak.config,PensjonConfig,0,21,0,0,0,6,0,2,0,2
familie-ba-sak 10110,no.nav.familie.ba.sak.config,KafkaAivenConfig,99,241,10,6,15,37,9,10,1,10
familie-ba-sak 10110,no.nav.familie.ba.sak.config,AuditLoggerEvent,0,46,0,0,0,5,0,3,0,3
familie-ba-sak 10110,no.nav.familie.ba.sak.config,TaskRepositoryWrapper,24,12,0,0,3,2,2,2,2,2
familie-ba-sak 10110,no.nav.familie.ba.sak.config,ApiExceptionHandler,216,69,9,1,28,12,12,7,7,7
familie-ba-sak 10110,no.nav.familie.ba.sak.kjerne.autovedtak.satsendring.domene,Satskjøring,69,59,8,0,8,13,15,2,11,2
familie-ba-sak 10110,no.nav.familie.ba.sak.kjerne.brev,DokumenDistribueringUtilsKt,56,0,14,0,4,0,10,0,3,0
familie-ba-sak 10110,no.nav.familie.ba.sak.kjerne.brev,DokumentController,210,85,0,0,59,20,4,4,4,4
familie-ba-sak 10110,no.nav.familie.ba.sak.kjerne.brev,DokumentService,601,89,62,0,112,16,40,1,9,1
familie-ba-sak 10110,no.nav.familie.ba.sak.kjerne.brev,BrevKlient.hentBegrunnelsestekst.lambda.1..inlined.postForEntity.default.1.new ParameterizedTypeReference() {...},3,0,0,0,1,0,1,0,1,0
familie-ba-sak 10110,no.nav.familie.ba.sak.kjerne.brev,BrevPeriodeUtilKt.tilBarnasFødselsdatoer..inlined.sortedBy.new Comparator() {...},15,0,0,0,1,0,1,0,1,0
familie-ba-sak 10110,no.nav.familie.ba.sak.kjerne.brev,BrevPeriodeUtilKt,258,0,8,0,34,0,12,0,8,0
familie-ba-sak 10110,no.nav.familie.ba.sak.kjerne.brev,BrevKlient.hentBegrunnelsestekst.lambda.1..inlined.postForEntity.default.new Function0() {...},24,0,0,0,1,0,1,0,1,0
familie-ba-sak 10110,no.nav.familie.ba.sak.kjerne.brev,BrevService.GrunnlagOgSignaturData,39,0,0,0,5,0,5,0,5,0
familie-ba-sak 10110,no.nav.familie.ba.sak.kjerne.brev,BrevKlientKt,5,0,0,0,1,0,2,0,2,0
familie-ba-sak 10110,no.nav.familie.ba.sak.kjerne.brev,DokumentGenereringService,148,33,15,0,33,7,11,1,3,1
familie-ba-sak 10110,no.nav.familie.ba.sak.kjerne.brev,BrevUtilKt,632,0,75,0,115,0,51,0,12,0
familie-ba-sak 10110,no.nav.familie.ba.sak.kjerne.brev,BrevPeriodeGenerator,945,0,94,0,180,0,63,0,12,0
familie-ba-sak 10110,no.nav.familie.ba.sak.kjerne.brev,BrevKlient.genererBrev.lambda.0..inlined.postForEntity.default.1.new ParameterizedTypeReference() {...},3,0,0,0,1,0,1,0,1,0
familie-ba-sak 10110,no.nav.familie.ba.sak.kjerne.brev,DokumentDistribueringService.Companion,2,0,0,0,1,0,1,0,1,0
familie-ba-sak 10110,no.nav.familie.ba.sak.kjerne.brev,BrevService.hentVedtaksbrevData.skalMeldeFraOmEndringerEøsSelvstendigRett.new Function0() {...},8,0,0,0,1,0,1,0,1,0
familie-ba-sak 10110,no.nav.familie.ba.sak.kjerne.brev,BrevmalService,230,9,38,0,55,3,28,1,4,1
familie-ba-sak 10110,no.nav.familie.ba.sak.kjerne.brev,DokumentGenereringService.genererManueltBrev.brev.new Function0() {...},5,0,0,0,1,0,1,0,1,0
familie-ba-sak 10110,no.nav.familie.ba.sak.kjerne.brev,BrevmalService.hentManuellVedtaksbrevtype.ytelseErLøpende.new Function0() {...},15,0,0,0,2,0,1,0,1,0
familie-ba-sak 10110,no.nav.familie.ba.sak.kjerne.brev,UtgjørendeVilkårUtilsKt,625,0,141,0,130,0,85,0,13,0
familie-ba-sak 10110,no.nav.familie.ba.sak.kjerne.brev,BrevKlient.genererBrev.lambda.0..inlined.postForEntity.default.new Function0() {...},24,0,0,0,1,0,1,0,1,0
familie-ba-sak 10110,no.nav.familie.ba.sak.kjerne.brev,BrevPeriodeService,380,69,28,0,111,13,21,1,7,1
familie-ba-sak 10110,no.nav.familie.ba.sak.kjerne.brev,BegrunnelseUtilKt,431,0,65,0,76,0,39,0,6,0
familie-ba-sak 10110,no.nav.familie.ba.sak.kjerne.brev,DokumentDistribueringService,223,100,22,0,55,16,17,2,6,2
familie-ba-sak 10110,no.nav.familie.ba.sak.kjerne.brev,BrevService,1039,99,88,0,198,18,68,1,17,1
familie-ba-sak 10110,no.nav.familie.ba.sak.kjerne.brev,BrevService.lagVedtaksbrevFellesfelter..inlined.sortedBy.new Comparator() {...},15,0,0,0,1,0,1,0,1,0
familie-ba-sak 10110,no.nav.familie.ba.sak.kjerne.brev,BrevKlient,72,21,0,0,8,4,2,1,2,1
familie-ba-sak 10110,no.nav.familie.ba.sak.kjerne.autovedtak.fødselshendelse.filtreringsregler.utfall,FiltreringsregelIkkeOppfylt,135,0,0,0,29,0,6,0,6,0
familie-ba-sak 10110,no.nav.familie.ba.sak.kjerne.autovedtak.fødselshendelse.filtreringsregler.utfall,FiltreringsregelOppfylt,135,0,0,0,31,0,6,0,6,0
familie-ba-sak 10110,no.nav.familie.ba.sak.kjerne.eøs.endringsabonnement,TilpassKompetanserServiceKt.flyttTilOgMed.1.lagPerioder.new Function1() {...},13,0,0,0,1,0,1,0,1,0
familie-ba-sak 10110,no.nav.familie.ba.sak.kjerne.eøs.endringsabonnement,TilpassKompetanserServiceKt.tilpassKompetanserTilRegelverk.barnasEøsRegelverkTidslinjer.new Function2() {...},9,0,2,0,3,0,2,0,1,0
familie-ba-sak 10110,no.nav.familie.ba.sak.kjerne.eøs.endringsabonnement,TilpassKompetanserServiceKt.tilBarnasEøsRegelverkTidslinjer.1.new Function1() {...},8,0,2,0,1,0,2,0,1,0
familie-ba-sak 10110,no.nav.familie.ba.sak.kjerne.eøs.endringsabonnement,TilpassValutakurserTilUtenlandskePeriodebeløpServiceKt,19,0,0,0,5,0,1,0,1,0
familie-ba-sak 10110,no.nav.familie.ba.sak.kjerne.eøs.endringsabonnement,TilpassUtenlandskePeriodebeløpTilKompetanserServiceKt,38,0,0,0,7,0,2,0,2,0
familie-ba-sak 10110,no.nav.familie.ba.sak.kjerne.eøs.endringsabonnement,TilpassUtenlandskePeriodebeløpTilKompetanserServiceKt.filtrerSekundærland.1.new Function1() {...},14,0,4,0,1,0,3,0,1,0
familie-ba-sak 10110,no.nav.familie.ba.sak.kjerne.eøs.endringsabonnement,TilpassValutakurserTilUtenlandskePeriodebeløpService,46,22,0,0,12,6,4,1,4,1
familie-ba-sak 10110,no.nav.familie.ba.sak.kjerne.eøs.endringsabonnement,TilbakestillBehandlingFraUtenlandskPeriodebeløpEndringService,13,9,0,0,3,3,1,1,1,1
familie-ba-sak 10110,no.nav.familie.ba.sak.kjerne.eøs.endringsabonnement,TilpassKompetanserTilEndretUtebetalingAndelerService,49,28,0,0,17,7,2,1,2,1
familie-ba-sak 10110,no.nav.familie.ba.sak.kjerne.eøs.endringsabonnement,TilpassUtenlandskePeriodebeløpTilKompetanserServiceKt.tilpassUtenlandskePeriodebeløpTilKompetanser.new Function2() {...},30,0,6,0,5,0,4,0,1,0
familie-ba-sak 10110,no.nav.familie.ba.sak.kjerne.eøs.endringsabonnement,TilpassKompetanserServiceKt,162,0,8,0,32,0,11,0,7,0
familie-ba-sak 10110,no.nav.familie.ba.sak.kjerne.eøs.endringsabonnement,TilpassKompetanserServiceKt.tilpassKompetanserTilRegelverk.2.new Function2() {...},27,0,4,0,1,0,3,0,1,0
familie-ba-sak 10110,no.nav.familie.ba.sak.kjerne.eøs.endringsabonnement,TilpassKompetanserTilRegelverkService,45,34,0,0,16,8,2,1,2,1
familie-ba-sak 10110,no.nav.familie.ba.sak.kjerne.eøs.endringsabonnement,TilpassKompetanserServiceKt.mapTilRegelverk.new Function1() {...},32,0,12,0,3,0,7,0,1,0
familie-ba-sak 10110,no.nav.familie.ba.sak.kjerne.eøs.endringsabonnement,TilbakestillBehandlingFraKompetanseEndringService,13,9,0,0,3,3,1,1,1,1
familie-ba-sak 10110,no.nav.familie.ba.sak.kjerne.eøs.endringsabonnement,TilpassKompetanserServiceKt.flyttTilOgMed.new Tidslinje() {...},36,0,2,0,4,0,3,0,2,0
familie-ba-sak 10110,no.nav.familie.ba.sak.kjerne.eøs.endringsabonnement,TilpassKompetanserServiceKt.tilpassKompetanserTilRegelverk.new Function2() {...},14,0,4,0,1,0,3,0,1,0
familie-ba-sak 10110,no.nav.familie.ba.sak.kjerne.eøs.endringsabonnement,TilpassUtenlandskePeriodebeløpTilKompetanserService,48,22,0,0,15,6,4,1,4,1
familie-ba-sak 10110,no.nav.familie.ba.sak.kjerne.eøs.endringsabonnement,TilpassValutakurserTilUtenlandskePeriodebeløpServiceKt.tilpassValutakurserTilUtenlandskePeriodebeløp.new Function2() {...},28,0,6,0,5,0,4,0,1,0
familie-ba-sak 10110,no.nav.familie.ba.sak.kjerne.eøs.endringsabonnement,TilbakestillBehandlingFraValutakursEndringService,13,9,0,0,3,3,1,1,1,1
familie-ba-sak 10110,no.nav.familie.ba.sak.kjerne.vedtak.feilutbetaltValuta,FeilutbetaltValutaController,106,21,0,0,25,5,4,1,4,1
familie-ba-sak 10110,no.nav.familie.ba.sak.kjerne.vedtak.feilutbetaltValuta,FeilutbetaltValuta,81,0,0,0,14,0,12,0,12,0
familie-ba-sak 10110,no.nav.familie.ba.sak.kjerne.vedtak.feilutbetaltValuta,FeilutbetaltValutaService,163,21,6,0,29,5,10,1,7,1
familie-ba-sak 10110,no.nav.familie.ba.sak.statistikk.saksstatistikk,SaksstatistikkScheduler,72,24,7,0,13,5,8,2,4,2
familie-ba-sak 10110,no.nav.familie.ba.sak.statistikk.saksstatistikk,SaksstatistikkEventListenerKt,14,0,0,0,3,0,2,0,2,0
familie-ba-sak 10110,no.nav.familie.ba.sak.statistikk.saksstatistikk,SaksstatistikkEventPublisher,35,3,0,0,5,2,4,1,4,1
familie-ba-sak 10110,no.nav.familie.ba.sak.statistikk.saksstatistikk,SaksstatistikkController.SaksstatistikkSendtRequest,36,0,0,0,5,0,5,0,5,0
familie-ba-sak 10110,no.nav.familie.ba.sak.statistikk.saksstatistikk,SaksstatistikkService.Companion,4,0,0,0,2,0,2,0,2,0
familie-ba-sak 10110,no.nav.familie.ba.sak.statistikk.saksstatistikk,SaksstatistikkEventListener,118,15,8,0,21,4,5,1,1,1
familie-ba-sak 10110,no.nav.familie.ba.sak.statistikk.saksstatistikk,SaksstatistikkEvent,19,0,0,0,4,0,3,0,3,0
familie-ba-sak 10110,no.nav.familie.ba.sak.statistikk.saksstatistikk,SaksstatistikkService,545,84,62,1,103,16,39,3,7,3
familie-ba-sak 10110,no.nav.familie.ba.sak.statistikk.saksstatistikk,SaksstatistikkController,102,39,2,0,22,13,2,3,1,3
familie-ba-sak 10110,no.nav.familie.ba.sak.kjerne.brev.domene.maler,EnkeltInformasjonsbrevData.DelmalData,12,0,0,0,2,0,2,0,2,0
familie-ba-sak 10110,no.nav.familie.ba.sak.kjerne.brev.domene.maler,InnhenteOpplysningerData.DelmalData,12,0,0,0,2,0,2,0,2,0
familie-ba-sak 10110,no.nav.familie.ba.sak.kjerne.brev.domene.maler,OpphørtData,30,0,0,0,4,0,4,0,4,0
familie-ba-sak 10110,no.nav.familie.ba.sak.kjerne.brev.domene.maler,InformasjonsbrevKanSøkeData.DelmalData,12,0,0,0,2,0,2,0,2,0
familie-ba-sak 10110,no.nav.familie.ba.sak.kjerne.brev.domene.maler,InformasjonsbrevTilForelderData.DelmalData,12,0,0,0,2,0,2,0,2,0
familie-ba-sak 10110,no.nav.familie.ba.sak.kjerne.brev.domene.maler,AutovedtakNyfødtFørsteBarnData,30,0,0,0,4,0,4,0,4,0
familie-ba-sak 10110,no.nav.familie.ba.sak.kjerne.brev.domene.maler,AutovedtakNyfødtFørsteBarn,67,0,0,0,16,0,5,0,5,0
familie-ba-sak 10110,no.nav.familie.ba.sak.kjerne.brev.domene.maler,RefusjonEøsUavklart,19,0,0,0,5,0,3,0,3,0
familie-ba-sak 10110,no.nav.familie.ba.sak.kjerne.brev.domene.maler,KorreksjonVedtaksbrev,31,0,0,0,4,0,4,0,4,0
familie-ba-sak 10110,no.nav.familie.ba.sak.kjerne.brev.domene.maler,EndringVedtakData.Delmaler,93,0,0,0,15,0,15,0,15,0
familie-ba-sak 10110,no.nav.familie.ba.sak.kjerne.brev.domene.maler,EndringVedtakData,30,0,0,0,4,0,4,0,4,0
familie-ba-sak 10110,no.nav.familie.ba.sak.kjerne.brev.domene.maler,InformasjonsbrevTilForelderData,21,0,0,0,3,0,3,0,3,0
familie-ba-sak 10110,no.nav.familie.ba.sak.kjerne.brev.domene.maler,VarselOmRevurderingSamboerData.Flettefelter,65,0,0,0,11,0,7,0,7,0
familie-ba-sak 10110,no.nav.familie.ba.sak.kjerne.brev.domene.maler,VedtaksbrevData.DefaultImpls,4,0,0,0,2,0,1,0,1,0
familie-ba-sak 10110,no.nav.familie.ba.sak.kjerne.brev.domene.maler,Opphørt,81,0,0,0,23,0,5,0,5,0
familie-ba-sak 10110,no.nav.familie.ba.sak.kjerne.brev.domene.maler,SvartidsbrevData,21,0,0,0,3,0,3,0,3,0
familie-ba-sak 10110,no.nav.familie.ba.sak.kjerne.brev.domene.maler,Avslag,73,0,0,0,22,0,5,0,5,0
familie-ba-sak 10110,no.nav.familie.ba.sak.kjerne.brev.domene.maler,ForlengetSvartidsbrevData,21,0,0,0,3,0,3,0,3,0
familie-ba-sak 10110,no.nav.familie.ba.sak.kjerne.brev.domene.maler,KorreksjonVedtaksbrevData.Flettefelter,53,0,0,0,9,0,6,0,6,0
familie-ba-sak 10110,no.nav.familie.ba.sak.kjerne.brev.domene.maler,VarselbrevÅrlegKontrollEøsData.Flettefelter,77,0,0,0,13,0,8,0,8,0
familie-ba-sak 10110,no.nav.familie.ba.sak.kjerne.brev.domene.maler,InformasjonsbrevKanSøke,69,0,0,0,15,0,5,0,5,0
familie-ba-sak 10110,no.nav.familie.ba.sak.kjerne.brev.domene.maler,RefusjonEøsAvklart,19,0,0,0,5,0,3,0,3,0
familie-ba-sak 10110,no.nav.familie.ba.sak.kjerne.brev.domene.maler,AutovedtakNyfødtBarnFraFørData,30,0,0,0,4,0,4,0,4,0
familie-ba-sak 10110,no.nav.familie.ba.sak.kjerne.brev.domene.maler,EnkeltInformasjonsbrevData,21,0,0,0,3,0,3,0,3,0
familie-ba-sak 10110,no.nav.familie.ba.sak.kjerne.brev.domene.maler,FørstegangsvedtakData,30,0,0,0,4,0,4,0,4,0
familie-ba-sak 10110,no.nav.familie.ba.sak.kjerne.brev.domene.maler,ForsattInnvilget,144,0,0,0,36,0,5,0,5,0
familie-ba-sak 10110,no.nav.familie.ba.sak.kjerne.brev.domene.maler,FlettefelterForDokument.DefaultImpls,4,0,0,0,2,0,2,0,2,0
familie-ba-sak 10110,no.nav.familie.ba.sak.kjerne.brev.domene.maler,BrevPeriodeType,130,0,0,0,29,0,3,0,3,0
familie-ba-sak 10110,no.nav.familie.ba.sak.kjerne.brev.domene.maler,InformasjonsbrevKanSøkeData,21,0,0,0,3,0,3,0,3,0
familie-ba-sak 10110,no.nav.familie.ba.sak.kjerne.brev.domene.maler,InnhenteOpplysningerData.Flettefelter,111,0,0,0,18,0,10,0,10,0
familie-ba-sak 10110,no.nav.familie.ba.sak.kjerne.brev.domene.maler,InnhenteOpplysningerOmBarnData.DelmalData,12,0,0,0,2,0,2,0,2,0
familie-ba-sak 10110,no.nav.familie.ba.sak.kjerne.brev.domene.maler,SvartidsbrevData.DelmalData,18,0,0,0,3,0,3,0,3,0
familie-ba-sak 10110,no.nav.familie.ba.sak.kjerne.brev.domene.maler,VarselOmRevurderingData,21,0,0,0,3,0,3,0,3,0
familie-ba-sak 10110,no.nav.familie.ba.sak.kjerne.brev.domene.maler,Hjemmeltekst,17,0,0,0,5,0,3,0,3,0
familie-ba-sak 10110,no.nav.familie.ba.sak.kjerne.brev.domene.maler,HenleggeTrukketSøknadBrev,31,0,0,0,4,0,4,0,4,0
familie-ba-sak 10110,no.nav.familie.ba.sak.kjerne.brev.domene.maler,ForsattInnvilgetData,30,0,0,0,4,0,4,0,4,0
familie-ba-sak 10110,no.nav.familie.ba.sak.kjerne.brev.domene.maler,FeilutbetaltValuta,19,0,0,0,5,0,3,0,3,0
familie-ba-sak 10110,no.nav.familie.ba.sak.kjerne.brev.domene.maler,InformasjonsbrevTilForelderBrev,21,0,0,0,3,0,3,0,3,0
familie-ba-sak 10110,no.nav.familie.ba.sak.kjerne.brev.domene.maler,SvartidsbrevData.Flettefelter,88,0,0,0,16,0,9,0,9,0
familie-ba-sak 10110,no.nav.familie.ba.sak.kjerne.brev.domene.maler,FlettefelterForDokumentImpl,88,0,0,0,16,0,9,0,9,0
familie-ba-sak 10110,no.nav.familie.ba.sak.kjerne.brev.domene.maler,AutovedtakNyfødtFørsteBarnData.Delmaler,27,0,0,0,4,0,4,0,4,0
familie-ba-sak 10110,no.nav.familie.ba.sak.kjerne.brev.domene.maler,OpphørMedEndringData,30,0,0,0,4,0,4,0,4,0
familie-ba-sak 10110,no.nav.familie.ba.sak.kjerne.brev.domene.maler,VarselOmRevurderingData.DelmalData,12,0,0,0,2,0,2,0,2,0
familie-ba-sak 10110,no.nav.familie.ba.sak.kjerne.brev.domene.maler,FørstegangsvedtakData.Delmaler,69,0,0,0,11,0,11,0,11,0
familie-ba-sak 10110,no.nav.familie.ba.sak.kjerne.brev.domene.maler,Svartidsbrev,84,0,0,0,20,0,5,0,5,0
familie-ba-sak 10110,no.nav.familie.ba.sak.kjerne.brev.domene.maler,Etterbetaling,17,0,0,0,5,0,3,0,3,0
familie-ba-sak 10110,no.nav.familie.ba.sak.kjerne.brev.domene.maler,OpphørMedEndringData.Delmaler,57,0,0,0,9,0,9,0,9,0
familie-ba-sak 10110,no.nav.familie.ba.sak.kjerne.brev.domene.maler,ForlengetSvartidsbrev,95,0,0,0,21,0,5,0,5,0
familie-ba-sak 10110,no.nav.familie.ba.sak.kjerne.brev.domene.maler,KorreksjonVedtaksbrevData.DelmalData,12,0,0,0,2,0,2,0,2,0
familie-ba-sak 10110,no.nav.familie.ba.sak.kjerne.brev.domene.maler,InformasjonsbrevDeltBostedData.DelmalData,12,0,0,0,2,0,2,0,2,0
familie-ba-sak 10110,no.nav.familie.ba.sak.kjerne.brev.domene.maler,VarselOmRevurderingDeltBostedParagraf14Data.Flettefelter,65,0,0,0,11,0,7,0,7,0
familie-ba-sak 10110,no.nav.familie.ba.sak.kjerne.brev.domene.maler,EndretUtbetalingBrevPeriodeType,39,0,0,0,4,0,3,0,3,0
familie-ba-sak 10110,no.nav.familie.ba.sak.kjerne.brev.domene.maler,VarselOmRevurderingDeltBostedParagraf14Data.DelmalData,12,0,0,0,2,0,2,0,2,0
familie-ba-sak 10110,no.nav.familie.ba.sak.kjerne.brev.domene.maler,OpphørMedEndring,125,0,0,0,31,0,5,0,5,0
familie-ba-sak 10110,no.nav.familie.ba.sak.kjerne.brev.domene.maler,AutoUnderskrift,17,0,0,0,5,0,3,0,3,0
familie-ba-sak 10110,no.nav.familie.ba.sak.kjerne.brev.domene.maler,DødsfallData.DelmalData,12,0,0,0,2,0,2,0,2,0
familie-ba-sak 10110,no.nav.familie.ba.sak.kjerne.brev.domene.maler,Autovedtak6og18årData.Delmaler,21,0,0,0,3,0,3,0,3,0
familie-ba-sak 10110,no.nav.familie.ba.sak.kjerne.brev.domene.maler,KorreksjonVedtaksbrevData,21,0,0,0,3,0,3,0,3,0
familie-ba-sak 10110,no.nav.familie.ba.sak.kjerne.brev.domene.maler,Dødsfall,31,0,0,0,4,0,4,0,4,0
familie-ba-sak 10110,no.nav.familie.ba.sak.kjerne.brev.domene.maler,AvslagData.Delmaler,27,0,0,0,4,0,4,0,4,0
familie-ba-sak 10110,no.nav.familie.ba.sak.kjerne.brev.domene.maler,VarselbrevÅrlegKontrollEøs,79,0,0,0,18,0,5,0,5,0
familie-ba-sak 10110,no.nav.familie.ba.sak.kjerne.brev.domene.maler,InformasjonsbrevDeltBostedBrev,31,0,0,0,4,0,4,0,4,0
familie-ba-sak 10110,no.nav.familie.ba.sak.kjerne.brev.domene.maler,VarselOmRevurderingData.Flettefelter,101,0,0,0,18,0,10,0,10,0
familie-ba-sak 10110,no.nav.familie.ba.sak.kjerne.brev.domene.maler,SignaturDelmal,28,0,0,0,7,0,4,0,4,0
familie-ba-sak 10110,no.nav.familie.ba.sak.kjerne.brev.domene.maler,VarselOmRevurderingSamboerData,21,0,0,0,3,0,3,0,3,0
familie-ba-sak 10110,no.nav.familie.ba.sak.kjerne.brev.domene.maler,InnhenteOpplysningerBrev,31,0,0,0,4,0,4,0,4,0
familie-ba-sak 10110,no.nav.familie.ba.sak.kjerne.brev.domene.maler,DødsfallData.Flettefelter,77,0,0,0,13,0,8,0,8,0
familie-ba-sak 10110,no.nav.familie.ba.sak.kjerne.brev.domene.maler,VarselOmRevurderingDeltBostedParagraf14Data,21,0,0,0,3,0,3,0,3,0
familie-ba-sak 10110,no.nav.familie.ba.sak.kjerne.brev.domene.maler,InformasjonsbrevKanSøkeData.Flettefelter,65,0,0,0,11,0,7,0,7,0
familie-ba-sak 10110,no.nav.familie.ba.sak.kjerne.brev.domene.maler,InnhenteOpplysningerOmBarnData.Flettefelter,77,0,0,0,13,0,8,0,8,0
familie-ba-sak 10110,no.nav.familie.ba.sak.kjerne.brev.domene.maler,ForlengetSvartidsbrevData.DelmalData,12,0,0,0,2,0,2,0,2,0
familie-ba-sak 10110,no.nav.familie.ba.sak.kjerne.brev.domene.maler,EnkeltInformasjonsbrevData.Flettefelter,53,0,0,0,9,0,6,0,6,0
familie-ba-sak 10110,no.nav.familie.ba.sak.kjerne.brev.domene.maler,VedtakFellesfelter,112,0,0,0,12,0,12,0,12,0
familie-ba-sak 10110,no.nav.familie.ba.sak.kjerne.brev.domene.maler,HenleggeTrukketSøknadData.DelmalData,12,0,0,0,2,0,2,0,2,0
familie-ba-sak 10110,no.nav.familie.ba.sak.kjerne.brev.domene.maler,InnhenteOpplysningerOmBarnData,21,0,0,0,3,0,3,0,3,0
familie-ba-sak 10110,no.nav.familie.ba.sak.kjerne.brev.domene.maler,InformasjonsbrevDeltBostedData.Flettefelter,65,0,0,0,11,0,7,0,7,0
familie-ba-sak 10110,no.nav.familie.ba.sak.kjerne.brev.domene.maler,OpphørtData.Delmaler,33,0,0,0,5,0,5,0,5,0
familie-ba-sak 10110,no.nav.familie.ba.sak.kjerne.brev.domene.maler,VedtakEndring,151,0,0,0,40,0,5,0,5,0
familie-ba-sak 10110,no.nav.familie.ba.sak.kjerne.brev.domene.maler,Førstegangsvedtak,144,0,0,0,36,0,5,0,5,0
familie-ba-sak 10110,no.nav.familie.ba.sak.kjerne.brev.domene.maler,KorrigertVedtakData,17,0,0,0,5,0,3,0,3,0
familie-ba-sak 10110,no.nav.familie.ba.sak.kjerne.brev.domene.maler,AutovedtakNyfødtBarnFraFør,67,0,0,0,16,0,5,0,5,0
familie-ba-sak 10110,no.nav.familie.ba.sak.kjerne.brev.domene.maler,BrevData.DefaultImpls,7,0,0,0,1,0,1,0,1,0
familie-ba-sak 10110,no.nav.familie.ba.sak.kjerne.brev.domene.maler,Autovedtak6og18årData,30,0,0,0,4,0,4,0,4,0
familie-ba-sak 10110,no.nav.familie.ba.sak.kjerne.brev.domene.maler,AvslagData,30,0,0,0,4,0,4,0,4,0
familie-ba-sak 10110,no.nav.familie.ba.sak.kjerne.brev.domene.maler,VarselOmRevurderingDeltBostedParagraf14Brev,31,0,0,0,4,0,4,0,4,0
familie-ba-sak 10110,no.nav.familie.ba.sak.kjerne.brev.domene.maler,ForlengetSvartidsbrevData.Flettefelter,65,0,0,0,9,0,9,0,9,0
familie-ba-sak 10110,no.nav.familie.ba.sak.kjerne.brev.domene.maler,SignaturVedtak,39,0,0,0,9,0,5,0,5,0
familie-ba-sak 10110,no.nav.familie.ba.sak.kjerne.brev.domene.maler,AutovedtakNyfødtBarnFraFørData.Delmaler,27,0,0,0,4,0,4,0,4,0
familie-ba-sak 10110,no.nav.familie.ba.sak.kjerne.brev.domene.maler,VarselbrevÅrlegKontrollEøsData.DelmalData,12,0,0,0,2,0,2,0,2,0
familie-ba-sak 10110,no.nav.familie.ba.sak.kjerne.brev.domene.maler,Autovedtak6og18årOgSmåbarnstillegg,66,0,0,0,15,0,5,0,5,0
familie-ba-sak 10110,no.nav.familie.ba.sak.kjerne.brev.domene.maler,Brevmal,316,429,93,0,105,91,93,3,10,3
familie-ba-sak 10110,no.nav.familie.ba.sak.kjerne.brev.domene.maler,InformasjonsbrevTilForelderData.Flettefelter,65,0,0,0,11,0,7,0,7,0
familie-ba-sak 10110,no.nav.familie.ba.sak.kjerne.brev.domene.maler,ForsattInnvilgetData.Delmaler,69,0,0,0,11,0,11,0,11,0
familie-ba-sak 10110,no.nav.familie.ba.sak.kjerne.brev.domene.maler,VarselOmRevurderingSamboerBrev,31,0,0,0,4,0,4,0,4,0
familie-ba-sak 10110,no.nav.familie.ba.sak.kjerne.brev.domene.maler,VarselbrevMedÅrsaker,83,0,0,0,20,0,5,0,5,0
familie-ba-sak 10110,no.nav.familie.ba.sak.kjerne.brev.domene.maler,VarselbrevÅrlegKontrollEøsData,21,0,0,0,3,0,3,0,3,0
familie-ba-sak 10110,no.nav.familie.ba.sak.kjerne.brev.domene.maler,EtterbetalingInstitusjon,17,0,0,0,5,0,3,0,3,0
familie-ba-sak 10110,no.nav.familie.ba.sak.kjerne.brev.domene.maler,InnhenteOpplysningerData,21,0,0,0,3,0,3,0,3,0
familie-ba-sak 10110,no.nav.familie.ba.sak.kjerne.brev.domene.maler,VarselOmRevurderingSamboerData.DelmalData,12,0,0,0,2,0,2,0,2,0
familie-ba-sak 10110,no.nav.familie.ba.sak.kjerne.brev.domene.maler,BrevKt,13,0,2,0,2,0,3,0,2,0
familie-ba-sak 10110,no.nav.familie.ba.sak.kjerne.brev.domene.maler,HenleggeTrukketSøknadData,21,0,0,0,3,0,3,0,3,0
familie-ba-sak 10110,no.nav.familie.ba.sak.kjerne.brev.domene.maler,InformasjonsbrevDeltBostedData,21,0,0,0,3,0,3,0,3,0
familie-ba-sak 10110,no.nav.familie.ba.sak.kjerne.brev.domene.maler,EnkeltInformasjonsbrev,60,0,0,0,14,0,4,0,4,0
familie-ba-sak 10110,no.nav.familie.ba.sak.kjerne.brev.domene.maler,DødsfallData,21,0,0,0,3,0,3,0,3,0
familie-ba-sak 10110,no.nav.familie.ba.sak.kjerne.brev.domene.maler,InnhenteOpplysningerOmBarn,64,0,0,0,16,0,4,0,4,0
familie-ba-sak 10110,no.nav.familie.ba.sak.kjerne.autovedtak.fødselshendelse.vilkårsvurdering,ReglerKt.hentMaxAvstandAvDagerMellomPerioder.lambda.2..inlined.sortBy.new Comparator() {...},15,0,0,0,1,0,1,0,1,0
familie-ba-sak 10110,no.nav.familie.ba.sak.kjerne.autovedtak.fødselshendelse.vilkårsvurdering,VurderBarnHarLovligOpphold,17,0,0,0,3,0,3,0,3,0
familie-ba-sak 10110,no.nav.familie.ba.sak.kjerne.autovedtak.fødselshendelse.vilkårsvurdering,VurderBarnErUgift,67,0,10,0,9,0,8,0,3,0
familie-ba-sak 10110,no.nav.familie.ba.sak.kjerne.autovedtak.fødselshendelse.vilkårsvurdering,LovligOppholdFaktaEØS,30,0,0,0,4,0,4,0,4,0
familie-ba-sak 10110,no.nav.familie.ba.sak.kjerne.autovedtak.fødselshendelse.vilkårsvurdering,ReglerKt.hentMaxAvstandAvDagerMellomPerioder..inlined.sortedBy.new Comparator() {...},15,0,0,0,1,0,1,0,1,0
familie-ba-sak 10110,no.nav.familie.ba.sak.kjerne.autovedtak.fødselshendelse.vilkårsvurdering,ReglerKt,287,0,41,0,59,0,24,0,2,0
familie-ba-sak 10110,no.nav.familie.ba.sak.kjerne.autovedtak.fødselshendelse.vilkårsvurdering,VurderPersonErBosattIRiket,284,0,50,0,33,0,32,0,7,0
familie-ba-sak 10110,no.nav.familie.ba.sak.kjerne.autovedtak.fødselshendelse.vilkårsvurdering,VurderBarnErBosattMedSøker,37,0,2,0,8,0,5,0,4,0
familie-ba-sak 10110,no.nav.familie.ba.sak.kjerne.autovedtak.fødselshendelse.vilkårsvurdering,VurderBarnErUnder18,23,0,2,0,6,0,4,0,3,0
familie-ba-sak 10110,no.nav.familie.ba.sak.kjerne.autovedtak.fødselshendelse.vilkårsvurdering,VurderPersonHarLovligOpphold,104,0,13,0,19,0,13,0,5,0
familie-ba-sak 10110,no.nav.familie.ba.sak.kjerne.autovedtak.fødselshendelse.filtreringsregler,Filtreringsregel.new Function1() {...},7,0,0,0,2,0,1,0,1,0
familie-ba-sak 10110,no.nav.familie.ba.sak.kjerne.autovedtak.fødselshendelse.filtreringsregler,Filtreringsregel.new Function1() {...},7,0,0,0,2,0,1,0,1,0
familie-ba-sak 10110,no.nav.familie.ba.sak.kjerne.autovedtak.fødselshendelse.filtreringsregler,Filtreringsregel.new Function1() {...},7,0,0,0,1,0,1,0,1,0
familie-ba-sak 10110,no.nav.familie.ba.sak.kjerne.autovedtak.fødselshendelse.filtreringsregler,Filtreringsregel.new Function1() {...},7,0,0,0,1,0,1,0,1,0
familie-ba-sak 10110,no.nav.familie.ba.sak.kjerne.autovedtak.fødselshendelse.filtreringsregler,Filtreringsregel.new Function1() {...},7,0,0,0,1,0,1,0,1,0
familie-ba-sak 10110,no.nav.familie.ba.sak.kjerne.autovedtak.fødselshendelse.filtreringsregler,Filtreringsregel.new Function1() {...},7,0,0,0,1,0,1,0,1,0
familie-ba-sak 10110,no.nav.familie.ba.sak.kjerne.autovedtak.fødselshendelse.filtreringsregler,Filtreringsregel.new Function1() {...},7,0,0,0,1,0,1,0,1,0
familie-ba-sak 10110,no.nav.familie.ba.sak.kjerne.autovedtak.fødselshendelse.filtreringsregler,Filtreringsregel.new Function1() {...},7,0,0,0,1,0,1,0,1,0
familie-ba-sak 10110,no.nav.familie.ba.sak.kjerne.autovedtak.fødselshendelse.filtreringsregler,Filtreringsregel.new Function1() {...},7,0,0,0,2,0,1,0,1,0
familie-ba-sak 10110,no.nav.familie.ba.sak.kjerne.autovedtak.fødselshendelse.filtreringsregler,Filtreringsregel.new Function1() {...},7,0,0,0,1,0,1,0,1,0
familie-ba-sak 10110,no.nav.familie.ba.sak.kjerne.autovedtak.fødselshendelse.filtreringsregler,Filtreringsregel.new Function1() {...},7,0,0,0,1,0,1,0,1,0
familie-ba-sak 10110,no.nav.familie.ba.sak.kjerne.autovedtak.fødselshendelse.filtreringsregler,Filtreringsregel.new Function1() {...},7,0,0,0,1,0,1,0,1,0
familie-ba-sak 10110,no.nav.familie.ba.sak.kjerne.autovedtak.fødselshendelse.filtreringsregler,Filtreringsregel.new Function1() {...},7,0,0,0,1,0,1,0,1,0
familie-ba-sak 10110,no.nav.familie.ba.sak.kjerne.autovedtak.fødselshendelse.filtreringsregler,FiltreringsreglerService.Companion,2,0,0,0,1,0,1,0,1,0
familie-ba-sak 10110,no.nav.familie.ba.sak.kjerne.autovedtak.fødselshendelse.filtreringsregler,FiltreringsreglerFakta,127,0,0,0,15,0,15,0,15,0
familie-ba-sak 10110,no.nav.familie.ba.sak.kjerne.autovedtak.fødselshendelse.filtreringsregler,Filtreringsregel,3,119,0,0,0,14,1,2,1,2
familie-ba-sak 10110,no.nav.familie.ba.sak.kjerne.autovedtak.fødselshendelse.filtreringsregler,FiltreringsregelEvaluering,360,0,44,0,84,0,36,0,14,0
familie-ba-sak 10110,no.nav.familie.ba.sak.kjerne.autovedtak.fødselshendelse.filtreringsregler,FiltreringsreglerService,573,176,58,0,77,33,37,4,8,4
familie-ba-sak 10110,no.nav.familie.ba.sak.kjerne.autovedtak.fødselshendelse.filtreringsregler,FiltreringsregelKt,43,0,6,0,3,0,5,0,2,0
familie-ba-sak 10110,no.nav.familie.ba.sak.kjerne.brev.domene.eøs,EØSBegrunnelseMedTriggere,21,0,0,0,3,0,3,0,3,0
familie-ba-sak 10110,no.nav.familie.ba.sak.kjerne.brev.domene.eøs,EØSBegrunnelseMedKompetanser,21,0,0,0,3,0,3,0,3,0
familie-ba-sak 10110,no.nav.familie.ba.sak.kjerne.brev.domene.eøs,EØSBegrunnelseUtilKt,61,0,8,0,15,0,6,0,2,0
familie-ba-sak 10110,no.nav.familie.ba.sak.kjerne.endretutbetaling,EndretUtbetalingAndelUtilsKt,135,0,24,0,11,0,14,0,2,0
familie-ba-sak 10110,no.nav.familie.ba.sak.kjerne.endretutbetaling,EndretUtbetalingAndelValideringKt,638,0,92,0,109,0,54,0,8,0
familie-ba-sak 10110,no.nav.familie.ba.sak.kjerne.endretutbetaling,EndretUtbetalingAndelValidering,527,0,74,0,81,0,49,0,11,0
familie-ba-sak 10110,no.nav.familie.ba.sak.kjerne.endretutbetaling,EndretUtbetalingAndelUtilsKt.beregnGyldigTomIFremtiden..inlined.sortedBy.new Comparator() {...},15,0,0,0,1,0,1,0,1,0
familie-ba-sak 10110,no.nav.familie.ba.sak.kjerne.endretutbetaling,EndretUtbetalingAndelService,291,51,10,0,65,10,10,1,5,1
familie-ba-sak 10110,no.nav.familie.ba.sak.kjerne.endretutbetaling,EndretUtbetalingAndelController,159,33,0,0,54,7,4,1,4,1
familie-ba-sak 10110,no.nav.familie.ba.sak.kjerne.endretutbetaling,EndretUtbetalingAndelHentOgPersisterService,5,9,0,0,1,3,1,1,1,1
familie-ba-sak 10110,no.nav.familie.ba.sak.kjerne.endretutbetaling,EndretUtbetalingAndelValideringKt.slåSammenDeltBostedPerioderSomHengerSammen..inlined.sortedBy.new Comparator() {...},15,0,0,0,1,0,1,0,1,0
familie-ba-sak 10110,no.nav.familie.ba.sak.statistikk.internstatistikk,InternStatistikkResponse,12,18,0,0,0,5,4,1,4,1
familie-ba-sak 10110,no.nav.familie.ba.sak.statistikk.internstatistikk,InternStatistikkService,5,35,0,0,0,8,0,5,0,5
familie-ba-sak 10110,no.nav.familie.ba.sak.statistikk.internstatistikk,InternStatistikkController,0,88,2,2,0,15,2,4,0,4
familie-ba-sak 10110,no.nav.familie.ba.sak.kjerne.verge,VergeService,29,9,2,0,6,3,3,1,2,1
familie-ba-sak 10110,no.nav.familie.ba.sak.kjerne.verge,Verge,45,0,0,0,8,0,6,0,6,0
familie-ba-sak 10110,no.nav.familie.ba.sak.task.internkonsistensavstemming,OpprettInternKonsistensavstemmingTaskerTask.Companion,12,57,1,1,1,8,2,1,1,1
familie-ba-sak 10110,no.nav.familie.ba.sak.task.internkonsistensavstemming,OpprettInternKonsistensavstemmingTaskerTask.doTask..inlined.readValue.new TypeReference() {...},3,0,0,0,1,0,1,0,1,0
familie-ba-sak 10110,no.nav.familie.ba.sak.task.internkonsistensavstemming,OpprettInternKonsistensavstemmingTaskerTask,33,9,0,0,4,3,5,1,5,1
familie-ba-sak 10110,no.nav.familie.ba.sak.kjerne.brev.domene,ManueltBrevRequest,237,0,12,0,23,0,24,0,18,0
familie-ba-sak 10110,no.nav.familie.ba.sak.kjerne.brev.domene,MinimertRestEndretAndelKt,106,0,14,0,15,0,9,0,2,0
familie-ba-sak 10110,no.nav.familie.ba.sak.kjerne.brev.domene,MinimertKompetanse,60,0,0,0,8,0,8,0,8,0
familie-ba-sak 10110,no.nav.familie.ba.sak.kjerne.brev.domene,MinimertAnnenVurdering,21,0,0,0,3,0,3,0,3,0
familie-ba-sak 10110,no.nav.familie.ba.sak.kjerne.brev.domene,BrevBegrunnelseGrunnlagMedPersoner,203,0,22,0,27,0,20,0,9,0
familie-ba-sak 10110,no.nav.familie.ba.sak.kjerne.brev.domene,MinimertUtbetalingsperiodeDetalj,48,0,0,0,7,0,7,0,7,0
familie-ba-sak 10110,no.nav.familie.ba.sak.kjerne.brev.domene,ISanityBegrunnelse.DefaultImpls,47,0,16,0,6,0,11,0,3,0
familie-ba-sak 10110,no.nav.familie.ba.sak.kjerne.brev.domene,MinimertEndretAndel,97,0,4,0,16,0,10,0,8,0
familie-ba-sak 10110,no.nav.familie.ba.sak.kjerne.brev.domene,MinimertRestEndretAndel,90,0,4,0,13,0,9,0,7,0
familie-ba-sak 10110,no.nav.familie.ba.sak.kjerne.brev.domene,Tema,25,0,0,0,3,0,1,0,1,0
familie-ba-sak 10110,no.nav.familie.ba.sak.kjerne.brev.domene,SanityVilkår,43,0,0,0,6,0,1,0,1,0
familie-ba-sak 10110,no.nav.familie.ba.sak.kjerne.brev.domene,BegrunnelseMedTriggereKt,38,0,2,0,5,0,2,0,1,0
familie-ba-sak 10110,no.nav.familie.ba.sak.kjerne.brev.domene,BrevBegrunnelseGrunnlagForLogging,12,0,0,0,2,0,2,0,2,0
familie-ba-sak 10110,no.nav.familie.ba.sak.kjerne.brev.domene,RestSanityBegrunnelse,630,0,32,0,68,0,39,0,23,0
familie-ba-sak 10110,no.nav.familie.ba.sak.kjerne.brev.domene,ØvrigTrigger,73,0,0,0,11,0,1,0,1,0
familie-ba-sak 10110,no.nav.familie.ba.sak.kjerne.brev.domene,ManueltBrevRequestKt.byggMottakerdata.new Person() {...},23,0,0,0,3,0,3,0,3,0
familie-ba-sak 10110,no.nav.familie.ba.sak.kjerne.brev.domene,MinimertUtbetalingsperiodeDetaljKt,100,0,4,0,13,0,6,0,4,0
familie-ba-sak 10110,no.nav.familie.ba.sak.kjerne.brev.domene,SanityBegrunnelse,313,0,0,0,26,0,25,0,25,0
familie-ba-sak 10110,no.nav.familie.ba.sak.kjerne.brev.domene,BrevPeriodePersonForLogging,63,0,0,0,8,0,8,0,8,0
familie-ba-sak 10110,no.nav.familie.ba.sak.kjerne.brev.domene,LandNavn,12,0,0,0,1,0,2,0,2,0
familie-ba-sak 10110,no.nav.familie.ba.sak.kjerne.brev.domene,VilkårTrigger,31,0,0,0,4,0,1,0,1,0
familie-ba-sak 10110,no.nav.familie.ba.sak.kjerne.brev.domene,EndretUtbetalingsperiodeTrigger,13,0,0,0,1,0,1,0,1,0
familie-ba-sak 10110,no.nav.familie.ba.sak.kjerne.brev.domene,SanityEØSBegrunnelse,182,0,0,0,23,0,23,0,23,0
familie-ba-sak 10110,no.nav.familie.ba.sak.kjerne.brev.domene,MinimertRestPersonResultatKt,77,0,4,0,10,0,5,0,3,0
familie-ba-sak 10110,no.nav.familie.ba.sak.kjerne.brev.domene,BegrunnelseDataForLogging,54,0,0,0,8,0,8,0,8,0
familie-ba-sak 10110,no.nav.familie.ba.sak.kjerne.brev.domene,BegrunnelseMedTriggere,123,0,8,0,34,0,9,0,5,0
familie-ba-sak 10110,no.nav.familie.ba.sak.kjerne.brev.domene,UtvidetBarnetrygdTrigger,13,0,0,0,1,0,1,0,1,0
familie-ba-sak 10110,no.nav.familie.ba.sak.kjerne.brev.domene,MinimertEndretAndelKt,72,0,8,0,9,0,5,0,1,0
familie-ba-sak 10110,no.nav.familie.ba.sak.kjerne.brev.domene,RestBehandlingsgrunnlagForBrev,39,0,0,0,5,0,5,0,5,0
familie-ba-sak 10110,no.nav.familie.ba.sak.kjerne.brev.domene,EndretUtbetalingsperiodeDeltBostedTriggere,25,0,0,0,3,0,1,0,1,0
familie-ba-sak 10110,no.nav.familie.ba.sak.kjerne.brev.domene,VilkårRolle,19,0,0,0,2,0,1,0,1,0
familie-ba-sak 10110,no.nav.familie.ba.sak.kjerne.brev.domene,SanityBegrunnelse.triggesAv.new Function0() {...},4,0,0,0,1,0,1,0,1,0
familie-ba-sak 10110,no.nav.familie.ba.sak.kjerne.brev.domene,MinimertKompetanseKt,177,0,16,0,24,0,10,0,2,0
familie-ba-sak 10110,no.nav.familie.ba.sak.kjerne.brev.domene,FritekstBegrunnelseTestForLogging,12,0,0,0,1,0,2,0,2,0
familie-ba-sak 10110,no.nav.familie.ba.sak.kjerne.brev.domene,MinimertRestPersonResultat,30,0,0,0,4,0,4,0,4,0
familie-ba-sak 10110,no.nav.familie.ba.sak.kjerne.brev.domene,RestSanityBegrunnelseKt,139,0,12,0,26,0,19,0,10,0
familie-ba-sak 10110,no.nav.familie.ba.sak.kjerne.brev.domene,ManueltBrevRequestKt.byggMottakerdata.hentPerson.new Function1() {...},24,0,2,0,2,0,2,0,1,0
familie-ba-sak 10110,no.nav.familie.ba.sak.kjerne.brev.domene,MinimertVedtaksperiode,80,0,0,0,9,0,9,0,9,0
familie-ba-sak 10110,no.nav.familie.ba.sak.kjerne.brev.domene,EndretUtbetalingAndelPåPersonForLogging,21,0,0,0,3,0,3,0,3,0
familie-ba-sak 10110,no.nav.familie.ba.sak.kjerne.brev.domene,ISanityBegrunnelseKt,211,0,24,0,32,0,13,0,1,0
familie-ba-sak 10110,no.nav.familie.ba.sak.kjerne.brev.domene,MinimertVilkårResultatKt,21,0,0,0,9,0,1,0,1,0
familie-ba-sak 10110,no.nav.familie.ba.sak.kjerne.brev.domene,MinimertVilkårResultat,65,0,0,0,14,0,9,0,9,0
familie-ba-sak 10110,no.nav.familie.ba.sak.kjerne.brev.domene,MinimertUregistrertBarnKt,13,0,0,0,5,0,1,0,1,0
familie-ba-sak 10110,no.nav.familie.ba.sak.kjerne.brev.domene,MinimertUregistrertBarn,38,0,0,0,5,0,5,0,5,0
familie-ba-sak 10110,no.nav.familie.ba.sak.kjerne.brev.domene,SanityPeriodeResultat,31,0,0,0,4,0,1,0,1,0
familie-ba-sak 10110,no.nav.familie.ba.sak.kjerne.brev.domene,BrevperiodeData,215,0,22,0,44,0,27,0,16,0
familie-ba-sak 10110,no.nav.familie.ba.sak.kjerne.brev.domene,BrevPeriodeForLogging,92,0,0,0,11,0,11,0,11,0
familie-ba-sak 10110,no.nav.familie.ba.sak.kjerne.brev.domene,MinimertVedtaksperiodeKt,187,0,0,0,28,0,3,0,3,0
familie-ba-sak 10110,no.nav.familie.ba.sak.kjerne.brev.domene,UtbetalingPåPersonForLogging,33,0,0,0,5,0,5,0,5,0
familie-ba-sak 10110,no.nav.familie.ba.sak.kjerne.brev.domene,Valgbarhet,31,0,0,0,4,0,1,0,1,0
familie-ba-sak 10110,no.nav.familie.ba.sak.kjerne.brev.domene,ManueltBrevRequestKt,972,0,76,0,221,0,56,0,7,0
familie-ba-sak 10110,no.nav.familie.ba.sak.kjerne.vilkårsvurdering,VilkårsvurderingUtilsKt,431,0,57,0,99,0,39,0,10,0
familie-ba-sak 10110,no.nav.familie.ba.sak.kjerne.vilkårsvurdering,VilkårsvurderingValideringKt,357,0,38,0,50,0,24,0,5,0
familie-ba-sak 10110,no.nav.familie.ba.sak.kjerne.vilkårsvurdering,AnnenVurderingService.hent.new Supplier() {...},8,0,0,0,1,0,1,0,1,0
familie-ba-sak 10110,no.nav.familie.ba.sak.kjerne.vilkårsvurdering,VilkårResultatUtils,102,0,4,0,22,0,4,0,2,0
familie-ba-sak 10110,no.nav.familie.ba.sak.kjerne.vilkårsvurdering,VilkårsvurderingMetrics.VilkårTellerType,0,32,0,0,0,3,0,3,0,3
familie-ba-sak 10110,no.nav.familie.ba.sak.kjerne.vilkårsvurdering,VilkårsvurderingMetrics,451,205,63,1,56,40,36,4,4,4
familie-ba-sak 10110,no.nav.familie.ba.sak.kjerne.vilkårsvurdering,VilkårService,563,39,54,0,90,8,37,1,10,1
familie-ba-sak 10110,no.nav.familie.ba.sak.kjerne.vilkårsvurdering,VilkårsvurderingUtils,727,0,76,0,154,0,48,0,10,0
familie-ba-sak 10110,no.nav.familie.ba.sak.kjerne.vilkårsvurdering,AnnenVurderingService,88,9,2,0,18,3,4,1,3,1
familie-ba-sak 10110,no.nav.familie.ba.sak.kjerne.vilkårsvurdering,VilkårsvurderingService,281,24,30,0,33,5,23,2,8,2
familie-ba-sak 10110,no.nav.familie.ba.sak.kjerne.vilkårsvurdering,VilkårController,201,51,0,0,53,9,4,3,4,3
familie-ba-sak 10110,no.nav.familie.ba.sak.kjerne.vilkårsvurdering,VilkårsvurderingForskyvningUtils.lagForskjøvetTidslinjeForOppfylteVilkår.new Function2() {...},27,0,8,0,4,0,5,0,1,0
familie-ba-sak 10110,no.nav.familie.ba.sak.kjerne.vilkårsvurdering,VilkårsvurderingService.Companion.matchVilkårResultater.Match,57,0,0,0,8,0,8,0,8,0
familie-ba-sak 10110,no.nav.familie.ba.sak.kjerne.vilkårsvurdering,VilkårResultatMedNyPeriode,27,0,0,0,1,0,4,0,4,0
familie-ba-sak 10110,no.nav.familie.ba.sak.kjerne.vilkårsvurdering,VilkårsvurderingMigreringUtils,158,0,16,0,30,0,11,0,3,0
familie-ba-sak 10110,no.nav.familie.ba.sak.kjerne.vilkårsvurdering,VilkårsvurderingService.Companion,163,0,18,0,17,0,10,0,1,0
familie-ba-sak 10110,no.nav.familie.ba.sak.kjerne.vilkårsvurdering,VilkårsvurderingForskyvningUtils.lagForskjøvetTidslinje.new Function2() {...},24,0,6,0,4,0,4,0,1,0
familie-ba-sak 10110,no.nav.familie.ba.sak.kjerne.vilkårsvurdering,VilkårServiceKt,26,0,8,0,2,0,6,0,2,0
familie-ba-sak 10110,no.nav.familie.ba.sak.kjerne.vilkårsvurdering,VilkårsvurderingValideringKt.valider18ÅrsVilkårEksistererFraFødselsdato.lambda.8..inlined.sortedBy.new Comparator() {...},15,0,0,0,1,0,1,0,1,0
familie-ba-sak 10110,no.nav.familie.ba.sak.kjerne.vilkårsvurdering,VilkårsvurderingForskyvningUtils.tilTidslinjeForSplitt.new Function1() {...},8,0,0,0,1,0,1,0,1,0
familie-ba-sak 10110,no.nav.familie.ba.sak.kjerne.vilkårsvurdering,AnnenVurderingServiceKt,21,0,0,0,5,0,1,0,1,0
familie-ba-sak 10110,no.nav.familie.ba.sak.kjerne.vilkårsvurdering,VilkårsvurderingForskyvningUtils,392,0,30,0,44,0,29,0,14,0
familie-ba-sak 10110,no.nav.familie.ba.sak.kjerne.vilkårsvurdering,VilkårsvurderingForskyvningUtils.tilTidslinjeForSplittForPerson.new Function1() {...},12,0,0,0,4,0,1,0,1,0
familie-ba-sak 10110,no.nav.familie.ba.sak.task.dto,KonsistensavstemmingDataTaskDTO,55,0,0,0,7,0,7,0,7,0
familie-ba-sak 10110,no.nav.familie.ba.sak.task.dto,KonsistensavstemmingFinnPerioderForRelevanteBehandlingerDTO,62,0,0,0,8,0,8,0,8,0
familie-ba-sak 10110,no.nav.familie.ba.sak.task.dto,GrensesnittavstemmingTaskDTO,21,0,0,0,1,0,3,0,3,0
familie-ba-sak 10110,no.nav.familie.ba.sak.task.dto,StatusFraOppdragDTO,53,0,0,0,7,0,7,0,7,0
familie-ba-sak 10110,no.nav.familie.ba.sak.task.dto,OpprettOppgaveTaskDTO,64,0,0,0,8,0,8,0,8,0
familie-ba-sak 10110,no.nav.familie.ba.sak.task.dto,HentAlleIdenterTilPsysRequestDTO,18,0,0,0,1,0,3,0,3,0
familie-ba-sak 10110,no.nav.familie.ba.sak.task.dto,IverksettingTaskDTO,28,0,0,0,5,0,4,0,4,0
familie-ba-sak 10110,no.nav.familie.ba.sak.task.dto,BehandleFødselshendelseTaskDTO,0,12,0,0,0,1,0,2,0,2
familie-ba-sak 10110,no.nav.familie.ba.sak.task.dto,KonsistensavstemmingStartTaskDTO,53,0,0,0,6,0,6,0,6,0
familie-ba-sak 10110,no.nav.familie.ba.sak.task.dto,FerdigstillOppgaveDTO,18,0,0,0,3,0,3,0,3,0
familie-ba-sak 10110,no.nav.familie.ba.sak.task.dto,FerdigstillBehandlingDTO,13,0,0,0,3,0,2,0,2,0
familie-ba-sak 10110,no.nav.familie.ba.sak.task.dto,DefaultTaskDTO,12,0,0,0,2,0,2,0,2,0
familie-ba-sak 10110,no.nav.familie.ba.sak.task.dto,AutobrevOpphørSmåbarnstilleggDTO,9,0,0,0,2,0,2,0,2,0
familie-ba-sak 10110,no.nav.familie.ba.sak.task.dto,ManuellOppgaveType,39,0,0,0,4,0,3,0,3,0
familie-ba-sak 10110,no.nav.familie.ba.sak.task.dto,KonsistensavstemmingAvsluttTaskDTO,45,0,0,0,6,0,6,0,6,0
familie-ba-sak 10110,no.nav.familie.ba.sak.task.dto,Autobrev6og18ÅrDTO,24,0,0,0,4,0,4,0,4,0
familie-ba-sak 10110,no.nav.familie.ba.sak.task.dto,IverksettMotFamilieTilbakeDTO,9,0,0,0,2,0,2,0,2,0
familie-ba-sak 10110,no.nav.familie.ba.sak.task.dto,OpprettVurderFødselshendelseKonsekvensForYtelseOppgaveTaskDTO,30,0,0,0,4,0,4,0,4,0
familie-ba-sak 10110,no.nav.familie.ba.sak.kjerne.grunnlag.personopplysninger.sivilstand,GrSivilstand,156,0,14,0,28,0,18,0,11,0
familie-ba-sak 10110,no.nav.familie.ba.sak.kjerne.grunnlag.personopplysninger.sivilstand,GrSivilstand.Companion,51,0,2,0,8,0,3,0,2,0
familie-ba-sak 10110,no.nav.familie.ba.sak.integrasjoner.familieintegrasjoner,IntegrasjonClient.distribuerBrev.lambda.6..inlined.postForEntity.1.new ParameterizedTypeReference() {...},3,0,0,0,1,0,1,0,1,0
familie-ba-sak 10110,no.nav.familie.ba.sak.integrasjoner.familieintegrasjoner,IntegrasjonClient.hentDokument.lambda.23..inlined.getForEntity.default.new Function0() {...},1,22,0,0,0,1,0,1,0,1
familie-ba-sak 10110,no.nav.familie.ba.sak.integrasjoner.familieintegrasjoner,IntegrasjonClient.oppdaterOppgave.lambda.8..inlined.patchForEntity.default.new Function0() {...},24,0,0,0,1,0,1,0,1,0
familie-ba-sak 10110,no.nav.familie.ba.sak.integrasjoner.familieintegrasjoner,IntegrasjonClient.fjernBehandlesAvApplikasjon.lambda.14..inlined.patchForEntity.default.1.new ParameterizedTypeReference() {...},3,0,0,0,1,0,1,0,1,0
familie-ba-sak 10110,no.nav.familie.ba.sak.integrasjoner.familieintegrasjoner,IntegrasjonClient.ferdigstillJournalpost.lambda.19..inlined.putForEntity.default.1.new ParameterizedTypeReference() {...},3,0,0,0,1,0,1,0,1,0
familie-ba-sak 10110,no.nav.familie.ba.sak.integrasjoner.familieintegrasjoner,IntegrasjonClient.ferdigstillOppgave.lambda.7..inlined.patchForEntity.default.1.new ParameterizedTypeReference() {...},0,3,0,0,0,1,0,1,0,1
familie-ba-sak 10110,no.nav.familie.ba.sak.integrasjoner.familieintegrasjoner,IntegrasjonClient.oppdaterOppgave.lambda.8..inlined.patchForEntity.default.1.new ParameterizedTypeReference() {...},3,0,0,0,1,0,1,0,1,0
familie-ba-sak 10110,no.nav.familie.ba.sak.integrasjoner.familieintegrasjoner,IntegrasjonClient.hentBehandlendeEnhetForPersonIdentMedRelasjoner.lambda.3..inlined.postForEntity.default.new Function0() {...},24,0,0,0,1,0,1,0,1,0
familie-ba-sak 10110,no.nav.familie.ba.sak.integrasjoner.familieintegrasjoner,IntegrasjonClient.journalførDokument.lambda.24..inlined.postForEntity.default.1.new ParameterizedTypeReference() {...},3,0,0,0,1,0,1,0,1,0
familie-ba-sak 10110,no.nav.familie.ba.sak.integrasjoner.familieintegrasjoner,IntegrasjonClient.fordelOppgave.lambda.12..inlined.postForEntity.default.1.new ParameterizedTypeReference() {...},3,0,0,0,1,0,1,0,1,0
familie-ba-sak 10110,no.nav.familie.ba.sak.integrasjoner.familieintegrasjoner,FamilieIntegrasjonerTilgangskontrollService.sjekkTilgangTilPersoner.new Function1() {...},14,3,0,0,1,0,0,1,0,1
familie-ba-sak 10110,no.nav.familie.ba.sak.integrasjoner.familieintegrasjoner,IntegrasjonClient.journalførDokument.lambda.24..inlined.postForEntity.default.new Function0() {...},24,0,0,0,1,0,1,0,1,0
familie-ba-sak 10110,no.nav.familie.ba.sak.integrasjoner.familieintegrasjoner,IntegrasjonClient.hentDokument.lambda.23..inlined.getForEntity.default.1.new ParameterizedTypeReference() {...},0,3,0,0,0,1,0,1,0,1
familie-ba-sak 10110,no.nav.familie.ba.sak.integrasjoner.familieintegrasjoner,IntegrasjonClient.hentOrganisasjon.lambda.27..inlined.getForEntity.default.1.new ParameterizedTypeReference() {...},3,0,0,0,1,0,1,0,1,0
familie-ba-sak 10110,no.nav.familie.ba.sak.integrasjoner.familieintegrasjoner,FamilieIntegrasjonerTilgangskontrollService,104,24,6,0,16,5,6,2,3,2
familie-ba-sak 10110,no.nav.familie.ba.sak.integrasjoner.familieintegrasjoner,IntegrasjonClient.hentAlleEØSLand.lambda.0..inlined.getForEntity.default.1.new ParameterizedTypeReference() {...},3,0,0,0,1,0,1,0,1,0
familie-ba-sak 10110,no.nav.familie.ba.sak.integrasjoner.familieintegrasjoner,IntegrasjonClient.hentJournalposterForBruker.lambda.17..inlined.postForEntity.default.new Function0() {...},1,23,0,0,0,1,0,1,0,1
familie-ba-sak 10110,no.nav.familie.ba.sak.integrasjoner.familieintegrasjoner,IntegrasjonClient.hentJournalposterForBruker.lambda.17..inlined.postForEntity.default.1.new ParameterizedTypeReference() {...},0,3,0,0,0,1,0,1,0,1
familie-ba-sak 10110,no.nav.familie.ba.sak.integrasjoner.familieintegrasjoner,IntegrasjonClient.hentBehandlendeEnhet.lambda.2..inlined.postForEntity.default.1.new ParameterizedTypeReference() {...},3,0,0,0,1,0,1,0,1,0
familie-ba-sak 10110,no.nav.familie.ba.sak.integrasjoner.familieintegrasjoner,IntegrasjonClient.hentLand.lambda.1..inlined.getForEntity.default.new Function0() {...},23,0,0,0,1,0,1,0,1,0
familie-ba-sak 10110,no.nav.familie.ba.sak.integrasjoner.familieintegrasjoner,IntegrasjonClient.hentOrganisasjon.lambda.27..inlined.getForEntity.default.new Function0() {...},23,0,0,0,1,0,1,0,1,0
familie-ba-sak 10110,no.nav.familie.ba.sak.integrasjoner.familieintegrasjoner,IntegrasjonClient.hentEnhet.lambda.9..inlined.getForEntity.default.1.new ParameterizedTypeReference() {...},3,0,0,0,1,0,1,0,1,0
familie-ba-sak 10110,no.nav.familie.ba.sak.integrasjoner.familieintegrasjoner,FamilieIntegrasjonerTilgangskontrollClient,16,85,1,1,1,16,1,4,0,4
familie-ba-sak 10110,no.nav.familie.ba.sak.integrasjoner.familieintegrasjoner,IntegrasjonClient.opprettSkyggesak.lambda.25..inlined.postForEntity.default.1.new ParameterizedTypeReference() {...},3,0,0,0,1,0,1,0,1,0
familie-ba-sak 10110,no.nav.familie.ba.sak.integrasjoner.familieintegrasjoner,IntegrasjonClient.slettLogiskVedlegg.lambda.22..inlined.deleteForEntity.default.1.new ParameterizedTypeReference() {...},3,0,0,0,1,0,1,0,1,0
familie-ba-sak 10110,no.nav.familie.ba.sak.integrasjoner.familieintegrasjoner,IntegrasjonClient.opprettSkyggesak.lambda.25..inlined.postForEntity.default.new Function0() {...},24,0,0,0,1,0,1,0,1,0
familie-ba-sak 10110,no.nav.familie.ba.sak.integrasjoner.familieintegrasjoner,IntegrasjonClient.tilordneEnhetForOppgave.lambda.13..inlined.patchForEntity.default.new Function0() {...},24,0,0,0,1,0,1,0,1,0
familie-ba-sak 10110,no.nav.familie.ba.sak.integrasjoner.familieintegrasjoner,IntegrasjonClient.fordelOppgave.lambda.12..inlined.postForEntity.default.new Function0() {...},24,0,0,0,1,0,1,0,1,0
familie-ba-sak 10110,no.nav.familie.ba.sak.integrasjoner.familieintegrasjoner,IntegrasjonClient.patchOppgave.lambda.11..inlined.patchForEntity.new Function0() {...},24,0,0,0,1,0,1,0,1,0
familie-ba-sak 10110,no.nav.familie.ba.sak.integrasjoner.familieintegrasjoner,IntegrasjonClient.hentLandkoderISO2.lambda.26..inlined.getForEntity.default.1.new ParameterizedTypeReference() {...},3,0,0,0,1,0,1,0,1,0
familie-ba-sak 10110,no.nav.familie.ba.sak.integrasjoner.familieintegrasjoner,IntegrasjonClient.hentBehandlendeEnhetForPersonIdentMedRelasjoner.lambda.3..inlined.postForEntity.default.1.new ParameterizedTypeReference() {...},3,0,0,0,1,0,1,0,1,0
familie-ba-sak 10110,no.nav.familie.ba.sak.integrasjoner.familieintegrasjoner,IntegrasjonClient.hentLand.lambda.1..inlined.getForEntity.default.1.new ParameterizedTypeReference() {...},3,0,0,0,1,0,1,0,1,0
familie-ba-sak 10110,no.nav.familie.ba.sak.integrasjoner.familieintegrasjoner,IntegrasjonClient.fjernBehandlesAvApplikasjon.lambda.14..inlined.patchForEntity.default.new Function0() {...},24,0,0,0,1,0,1,0,1,0
familie-ba-sak 10110,no.nav.familie.ba.sak.integrasjoner.familieintegrasjoner,IntegrasjonClient.hentAlleEØSLand.lambda.0..inlined.getForEntity.default.new Function0() {...},23,0,0,0,1,0,1,0,1,0
familie-ba-sak 10110,no.nav.familie.ba.sak.integrasjoner.familieintegrasjoner,IntegrasjonClient.hentBehandlendeEnhet.lambda.2..inlined.postForEntity.default.new Function0() {...},24,0,0,0,1,0,1,0,1,0
familie-ba-sak 10110,no.nav.familie.ba.sak.integrasjoner.familieintegrasjoner,FamilieIntegrasjonerTilgangskontrollClient.sjekkTilgangTilPersoner.lambda.2..inlined.postForEntity.1.new ParameterizedTypeReference() {...},0,3,0,0,0,1,0,1,0,1
familie-ba-sak 10110,no.nav.familie.ba.sak.integrasjoner.familieintegrasjoner,FamilieIntegrasjonerTilgangskontrollClient.sjekkTilgangTilPersoner.lambda.2..inlined.postForEntity.new Function0() {...},1,23,0,0,0,1,0,1,0,1
familie-ba-sak 10110,no.nav.familie.ba.sak.integrasjoner.familieintegrasjoner,IntegrasjonClient.ferdigstillJournalpost.lambda.19..inlined.putForEntity.default.new Function0() {...},24,0,0,0,1,0,1,0,1,0
familie-ba-sak 10110,no.nav.familie.ba.sak.integrasjoner.familieintegrasjoner,IntegrasjonClient.hentArbeidsforhold.lambda.4..inlined.postForEntity.default.1.new ParameterizedTypeReference() {...},3,0,0,0,1,0,1,0,1,0
familie-ba-sak 10110,no.nav.familie.ba.sak.integrasjoner.familieintegrasjoner,IntegrasjonClient.hentLandkoderISO2.lambda.26..inlined.getForEntity.default.new Function0() {...},23,0,0,0,1,0,1,0,1,0
familie-ba-sak 10110,no.nav.familie.ba.sak.integrasjoner.familieintegrasjoner,IntegrasjonClient.tilordneEnhetForOppgave.lambda.13..inlined.patchForEntity.default.1.new ParameterizedTypeReference() {...},3,0,0,0,1,0,1,0,1,0
familie-ba-sak 10110,no.nav.familie.ba.sak.integrasjoner.familieintegrasjoner,IntegrasjonClient.ferdigstillOppgave.lambda.7..inlined.patchForEntity.default.new Function0() {...},1,23,0,0,0,1,0,1,0,1
familie-ba-sak 10110,no.nav.familie.ba.sak.integrasjoner.familieintegrasjoner,IntegrasjonClient.opprettOppgave.lambda.10..inlined.postForEntity.new Function0() {...},24,0,0,0,1,0,1,0,1,0
familie-ba-sak 10110,no.nav.familie.ba.sak.integrasjoner.familieintegrasjoner,IntegrasjonClient.hentOppgaver.lambda.18..inlined.postForEntity.new Function0() {...},1,23,0,0,0,1,0,1,0,1
familie-ba-sak 10110,no.nav.familie.ba.sak.integrasjoner.familieintegrasjoner,IntegrasjonClient.hentOppgaver.lambda.18..inlined.postForEntity.1.new ParameterizedTypeReference() {...},0,3,0,0,0,1,0,1,0,1
familie-ba-sak 10110,no.nav.familie.ba.sak.integrasjoner.familieintegrasjoner,IntegrasjonClient.Companion,18,0,2,0,2,0,2,0,1,0
familie-ba-sak 10110,no.nav.familie.ba.sak.integrasjoner.familieintegrasjoner,IntegrasjonClient.hentEnhet.lambda.9..inlined.getForEntity.default.new Function0() {...},23,0,0,0,1,0,1,0,1,0
familie-ba-sak 10110,no.nav.familie.ba.sak.integrasjoner.familieintegrasjoner,IntegrasjonClient.oppdaterJournalpost.lambda.20..inlined.putForEntity.default.new Function0() {...},24,0,0,0,1,0,1,0,1,0
familie-ba-sak 10110,no.nav.familie.ba.sak.integrasjoner.familieintegrasjoner,IntegrasjonClient.finnOppgaveMedId.lambda.15..inlined.getForEntity.default.new Function0() {...},1,22,0,0,0,1,0,1,0,1
familie-ba-sak 10110,no.nav.familie.ba.sak.integrasjoner.familieintegrasjoner,IntegrasjonClient.hentJournalpost.lambda.16..inlined.getForEntity.default.new Function0() {...},1,22,0,0,0,1,0,1,0,1
familie-ba-sak 10110,no.nav.familie.ba.sak.integrasjoner.familieintegrasjoner,IntegrasjonClient.leggTilLogiskVedlegg.lambda.21..inlined.postForEntity.default.new Function0() {...},24,0,0,0,1,0,1,0,1,0
familie-ba-sak 10110,no.nav.familie.ba.sak.integrasjoner.familieintegrasjoner,IntegrasjonClient.hentArbeidsforhold.lambda.4..inlined.postForEntity.default.new Function0() {...},24,0,0,0,1,0,1,0,1,0
familie-ba-sak 10110,no.nav.familie.ba.sak.integrasjoner.familieintegrasjoner,IntegrasjonClient.hentJournalpost.lambda.16..inlined.getForEntity.default.1.new ParameterizedTypeReference() {...},0,3,0,0,0,1,0,1,0,1
familie-ba-sak 10110,no.nav.familie.ba.sak.integrasjoner.familieintegrasjoner,HttpHeaderUtilsKt,0,13,0,0,0,3,0,1,0,1
familie-ba-sak 10110,no.nav.familie.ba.sak.integrasjoner.familieintegrasjoner,IntegrasjonClient.distribuerBrev.lambda.6..inlined.postForEntity.new Function0() {...},24,0,0,0,1,0,1,0,1,0
familie-ba-sak 10110,no.nav.familie.ba.sak.integrasjoner.familieintegrasjoner,IntegrasjonClient,794,167,12,0,174,42,28,8,22,8
familie-ba-sak 10110,no.nav.familie.ba.sak.integrasjoner.familieintegrasjoner,IntegrasjonClient.slettLogiskVedlegg.lambda.22..inlined.deleteForEntity.default.new Function0() {...},24,0,0,0,1,0,1,0,1,0
familie-ba-sak 10110,no.nav.familie.ba.sak.integrasjoner.familieintegrasjoner,IntegrasjonException,8,58,1,1,2,10,1,3,0,3
familie-ba-sak 10110,no.nav.familie.ba.sak.integrasjoner.familieintegrasjoner,IntegrasjonClient.opprettOppgave.lambda.10..inlined.postForEntity.1.new ParameterizedTypeReference() {...},3,0,0,0,1,0,1,0,1,0
familie-ba-sak 10110,no.nav.familie.ba.sak.integrasjoner.familieintegrasjoner,IntegrasjonClient.patchOppgave.lambda.11..inlined.patchForEntity.1.new ParameterizedTypeReference() {...},3,0,0,0,1,0,1,0,1,0
familie-ba-sak 10110,no.nav.familie.ba.sak.integrasjoner.familieintegrasjoner,IntegrasjonClient.finnOppgaveMedId.lambda.15..inlined.getForEntity.default.1.new ParameterizedTypeReference() {...},0,3,0,0,0,1,0,1,0,1
familie-ba-sak 10110,no.nav.familie.ba.sak.integrasjoner.familieintegrasjoner,IntegrasjonClient.oppdaterJournalpost.lambda.20..inlined.putForEntity.default.1.new ParameterizedTypeReference() {...},3,0,0,0,1,0,1,0,1,0
familie-ba-sak 10110,no.nav.familie.ba.sak.integrasjoner.familieintegrasjoner,IntegrasjonClient.leggTilLogiskVedlegg.lambda.21..inlined.postForEntity.default.1.new ParameterizedTypeReference() {...},3,0,0,0,1,0,1,0,1,0
familie-ba-sak 10110,no.nav.familie.ba.sak.internal,ForvalterController.SendUtbetalingsoppdragPåNyttResponse,6,15,0,0,0,3,2,1,2,1
familie-ba-sak 10110,no.nav.familie.ba.sak.internal,TestVerktøyService,344,51,36,0,80,10,21,1,3,1
familie-ba-sak 10110,no.nav.familie.ba.sak.internal,ForvalterService.identifiserUtbetalingerOver100Prosent.new Function2() {...},0,13,0,0,0,2,0,1,0,1
familie-ba-sak 10110,no.nav.familie.ba.sak.internal,ForvalterService,1153,309,119,3,173,60,69,9,9,8
familie-ba-sak 10110,no.nav.familie.ba.sak.internal,TestVerktøyController,256,168,21,17,45,27,20,10,1,10
familie-ba-sak 10110,no.nav.familie.ba.sak.internal,ForvalterService.validerOpphørsdatoIUtbetalingsoppdrag.lambda.15..inlined.sortedBy.new Comparator() {...},15,0,0,0,1,0,1,0,1,0
familie-ba-sak 10110,no.nav.familie.ba.sak.internal,ValidertUtbetalingsoppdrag,68,0,0,0,8,0,8,0,8,0
familie-ba-sak 10110,no.nav.familie.ba.sak.internal,ForvalterService.finnOgLoggUtbetalingerOver100Prosent.new Function2() {...},5,28,1,1,0,5,1,1,0,1
familie-ba-sak 10110,no.nav.familie.ba.sak.internal,BehandlingerMedFeilIUtbetalingsoppdrag,6,15,0,0,0,3,2,1,2,1
familie-ba-sak 10110,no.nav.familie.ba.sak.internal,ForvalterController.identifiserUtbetalingerOver100Prosent.new Function0() {...},0,7,0,0,0,2,0,1,0,1
familie-ba-sak 10110,no.nav.familie.ba.sak.internal,ForvalterController,174,359,9,3,35,73,10,15,4,15
familie-ba-sak 10110,no.nav.familie.ba.sak.internal,ForvalterController.kjørSatsendringFor.new Function1() {...},9,17,0,0,1,5,0,1,0,1
familie-ba-sak 10110,no.nav.familie.ba.sak.internal,PreprodController,102,21,6,0,10,5,4,1,1,1
familie-ba-sak 10110,no.nav.familie.ba.sak.integrasjoner.økonomi.internkonsistensavstemming,InternKonsistensavstemmingService.validerLikUtbetalingIAndeleneOgUtbetalingsoppdragetPåAlleFagsaker.1.new Function0() {...},19,0,0,0,3,0,1,0,1,0
familie-ba-sak 10110,no.nav.familie.ba.sak.integrasjoner.økonomi.internkonsistensavstemming,InternKonsistensavstemmingUtilKt.tilBeløpstidslinje.new Function0() {...},21,0,0,0,5,0,1,0,1,0
familie-ba-sak 10110,no.nav.familie.ba.sak.integrasjoner.økonomi.internkonsistensavstemming,InternKonsistensavstemmingUtilKt.tilBeløpstidslinje.new Function0() {...},29,0,0,0,5,0,1,0,1,0
familie-ba-sak 10110,no.nav.familie.ba.sak.integrasjoner.økonomi.internkonsistensavstemming,InternKonsistensavstemmingService.validerLikUtbetalingIAndeleneOgUtbetalingsoppdragetPåAlleFagsaker..inlined.sortedBy.new Comparator() {...},17,0,0,0,1,0,1,0,1,0
familie-ba-sak 10110,no.nav.familie.ba.sak.integrasjoner.økonomi.internkonsistensavstemming,UtbetalingsperioderUtenTilsvarendeAndel,12,0,0,0,1,0,2,0,2,0
familie-ba-sak 10110,no.nav.familie.ba.sak.integrasjoner.økonomi.internkonsistensavstemming,InternKonsistensavstemmingUtilKt.harTilsvarendeAndelerForPersonOgYtelsetype.erAndelLikUtbetalingTidslinje.new Function2() {...},12,0,2,0,1,0,2,0,1,0
familie-ba-sak 10110,no.nav.familie.ba.sak.integrasjoner.økonomi.internkonsistensavstemming,InternKonsistensavstemmingService,297,45,16,0,39,8,18,2,10,2
familie-ba-sak 10110,no.nav.familie.ba.sak.integrasjoner.økonomi.internkonsistensavstemming,InternKonsistensavstemmingUtilKt,168,0,18,0,31,0,16,0,7,0
familie-ba-sak 10110,no.nav.familie.ba.sak.integrasjoner.økonomi.internkonsistensavstemming,InternKonsistensavstemmingService.Companion,2,0,0,0,1,0,1,0,1,0
familie-ba-sak 10110,no.nav.familie.ba.sak.integrasjoner.økonomi.internkonsistensavstemming,InternKonsistensavstemmingScheduler,18,9,2,0,3,3,3,1,2,1
familie-ba-sak 10110,no.nav.familie.ba.sak.integrasjoner.økonomi.internkonsistensavstemming,InternKonsistensavstemmingService.hentFagsakTilSisteUtbetalingsoppdragOgSisteAndelerMap.fagsakTilSisteUtbetalingsoppdragMap.new Function2() {...},9,0,0,0,1,0,1,0,1,0
familie-ba-sak 10110,no.nav.familie.ba.sak.integrasjoner.økonomi.internkonsistensavstemming,InternKonsistensavstemmingService.hentFagsakTilSisteUtbetalingsoppdragOgSisteAndelerMap.utbetalingsoppdragDeferred.new Function2() {...},19,0,2,0,2,0,2,0,1,0
familie-ba-sak 10110,no.nav.familie.ba.sak.kjerne.tidslinje.komposisjon,TidslinjeKombinatorKt.kombinerMedKunVerdi.new Function1() {...},42,0,6,0,7,0,4,0,1,0
familie-ba-sak 10110,no.nav.familie.ba.sak.kjerne.tidslinje.komposisjon,TidslinjeKombinatorKt.kombiner.new Function1() {...},37,0,0,0,5,0,1,0,1,0
familie-ba-sak 10110,no.nav.familie.ba.sak.kjerne.tidslinje.komposisjon,TidslinjeKombinatorKt.tidspunktKombinerMed.new Function1() {...},19,0,0,0,5,0,1,0,1,0
familie-ba-sak 10110,no.nav.familie.ba.sak.kjerne.tidslinje.komposisjon,Innhold.Companion,6,0,0,0,1,0,1,0,1,0
familie-ba-sak 10110,no.nav.familie.ba.sak.kjerne.tidslinje.komposisjon,TidslinjeKombinatorKt.kombinerUtenNull.new Function1() {...},32,0,0,0,4,0,1,0,1,0
familie-ba-sak 10110,no.nav.familie.ba.sak.kjerne.tidslinje.komposisjon,Innhold,71,0,8,0,9,0,13,0,9,0
familie-ba-sak 10110,no.nav.familie.ba.sak.kjerne.tidslinje.komposisjon,TidslinjeSomKomprimererKt,13,0,0,0,1,0,1,0,1,0
familie-ba-sak 10110,no.nav.familie.ba.sak.kjerne.tidslinje.komposisjon,TidslinjeKombinatorKt.kombinerMed.new Function1() {...},23,0,0,0,5,0,1,0,1,0
familie-ba-sak 10110,no.nav.familie.ba.sak.kjerne.tidslinje.komposisjon,TidslinjeKombinatorKt.kombinerMed.new Function1() {...},32,0,4,0,5,0,3,0,1,0
familie-ba-sak 10110,no.nav.familie.ba.sak.kjerne.tidslinje.komposisjon,TidslinjeKombinatorKt.kombinerUtenNullMed.new Function1() {...},32,0,4,0,5,0,3,0,1,0
familie-ba-sak 10110,no.nav.familie.ba.sak.kjerne.tidslinje.komposisjon,TidslinjeFraTidspunktKt,138,0,14,0,16,0,17,0,10,0
familie-ba-sak 10110,no.nav.familie.ba.sak.kjerne.tidslinje.komposisjon,TidspunktMedInnhold,26,0,0,0,5,0,4,0,4,0
familie-ba-sak 10110,no.nav.familie.ba.sak.kjerne.tidslinje.komposisjon,TidslinjeFraTidspunktKt.tidslinjeFraTidspunkt.new Function0() {...},52,0,4,0,8,0,3,0,1,0
familie-ba-sak 10110,no.nav.familie.ba.sak.kjerne.tidslinje.komposisjon,TidslinjeSomKomprimererKt.slåSammenLike.new Function1() {...},8,0,0,0,1,0,1,0,1,0
familie-ba-sak 10110,no.nav.familie.ba.sak.kjerne.tidslinje.komposisjon,TidslinjeKombinatorKt.harOverlappMed.new Function2() {...},3,0,0,0,1,0,1,0,1,0
familie-ba-sak 10110,no.nav.familie.ba.sak.kjerne.tidslinje.komposisjon,TidslinjeKombinatorKt.kombinerUtenNullOgIkkeTom.new Function1() {...},58,0,6,0,5,0,4,0,1,0
familie-ba-sak 10110,no.nav.familie.ba.sak.kjerne.tidslinje.komposisjon,TidslinjeMedAvhengigheterKt,8,0,0,0,1,0,2,0,2,0
familie-ba-sak 10110,no.nav.familie.ba.sak.kjerne.tidslinje.komposisjon,TomTidslinjeKt,19,0,2,0,2,0,3,0,2,0
familie-ba-sak 10110,no.nav.familie.ba.sak.kjerne.tidslinje.komposisjon,TidslinjeKombinatorKt,314,0,4,0,21,0,14,0,12,0
familie-ba-sak 10110,no.nav.familie.ba.sak.kjerne.tidslinje.komposisjon,TidslinjeJoinKt,218,0,0,0,27,0,5,0,5,0
familie-ba-sak 10110,no.nav.familie.ba.sak.kjerne.tidslinje.komposisjon,TomTidslinje,6,0,0,0,2,0,2,0,2,0
familie-ba-sak 10110,no.nav.familie.ba.sak.kjerne.tidslinje.komposisjon,TidslinjeKombinatorKt.kombinerMedDatert.new Function1() {...},24,0,0,0,6,0,1,0,1,0
familie-ba-sak 10110,no.nav.familie.ba.sak.kjerne.tidslinje.komposisjon,TidslinjeMedAvhengigheter,17,0,2,0,7,0,2,0,1,0
familie-ba-sak 10110,no.nav.familie.ba.sak.kjerne.korrigertvedtak,KorrigerVedtakRequest,6,12,0,0,0,3,2,1,2,1
familie-ba-sak 10110,no.nav.familie.ba.sak.kjerne.korrigertvedtak,KorrigertVedtak,56,0,0,0,12,0,8,0,8,0
familie-ba-sak 10110,no.nav.familie.ba.sak.kjerne.korrigertvedtak,KorrigertVedtakController,72,30,0,0,17,6,1,2,1,2
familie-ba-sak 10110,no.nav.familie.ba.sak.kjerne.korrigertvedtak,KorrigertVedtakService,74,15,4,0,11,4,5,1,3,1
familie-ba-sak 10110,no.nav.familie.ba.sak.kjerne.korrigertvedtak,KorrigertVedtakKt,19,0,0,0,1,0,1,0,1,0
familie-ba-sak 10110,no.nav.familie.ba.sak.kjerne.tidslinje.eksperimentelt,FiltrerTidslinjeKt.filtrerIkkeNull.new Function1() {...},7,0,2,0,1,0,2,0,1,0
familie-ba-sak 10110,no.nav.familie.ba.sak.kjerne.tidslinje.eksperimentelt,FiltrerTidslinjeKt.filtrerIkkeNull.new Function1() {...},14,0,4,0,1,0,3,0,1,0
familie-ba-sak 10110,no.nav.familie.ba.sak.kjerne.tidslinje.eksperimentelt,FiltrerTidslinjeKt.filtrer.new Tidslinje() {...},26,0,0,0,2,0,2,0,2,0
familie-ba-sak 10110,no.nav.familie.ba.sak.kjerne.tidslinje.eksperimentelt,FiltrerTidslinjeKt.filtrerMed.new Function2() {...},9,0,2,0,3,0,2,0,1,0
familie-ba-sak 10110,no.nav.familie.ba.sak.kjerne.tidslinje.eksperimentelt,FiltrerTidslinjeKt.filtrerHverKunVerdi.1.new Function1() {...},12,0,2,0,1,0,2,0,1,0
familie-ba-sak 10110,no.nav.familie.ba.sak.kjerne.tidslinje.eksperimentelt,FiltrerTidslinjeKt,126,0,8,0,11,0,9,0,5,0
familie-ba-sak 10110,no.nav.familie.ba.sak.ekstern.skatteetaten,SkatteetatenService,537,53,42,0,83,9,25,4,4,4
familie-ba-sak 10110,no.nav.familie.ba.sak.ekstern.skatteetaten,SkatteetatenService.slåSammenSkatteetatenPeriode..inlined.sortedBy.new Comparator() {...},15,0,0,0,1,0,1,0,1,0
familie-ba-sak 10110,no.nav.familie.ba.sak.ekstern.skatteetaten,SkatteetatenServiceKt,44,0,7,0,11,0,6,0,2,0
familie-ba-sak 10110,no.nav.familie.ba.sak.ekstern.skatteetaten,SkatteetatenController,322,58,8,2,56,11,6,6,1,6
familie-ba-sak 10110,no.nav.familie.ba.sak.ekstern.skatteetaten,SkatteetatenService.Companion,2,0,0,0,1,0,1,0,1,0
familie-ba-sak 10110,no.nav.familie.ba.sak.integrasjoner.pdl.domene,PersonInfo,160,0,0,0,15,0,14,0,14,0
familie-ba-sak 10110,no.nav.familie.ba.sak.integrasjoner.pdl.domene,PdlVergeResponse,9,0,0,0,1,0,2,0,2,0
familie-ba-sak 10110,no.nav.familie.ba.sak.integrasjoner.pdl.domene,FolkeregisteridentifikatorStatus,19,0,0,0,1,0,1,0,1,0
familie-ba-sak 10110,no.nav.familie.ba.sak.integrasjoner.pdl.domene,PdlOppholdPerson,9,0,0,0,1,0,2,0,2,0
familie-ba-sak 10110,no.nav.familie.ba.sak.integrasjoner.pdl.domene,ForelderBarnRelasjon,77,0,0,0,9,0,9,0,9,0
familie-ba-sak 10110,no.nav.familie.ba.sak.integrasjoner.pdl.domene,PdlBaseResponse.errorMessages.new Function1() {...},7,0,0,0,1,0,1,0,1,0
familie-ba-sak 10110,no.nav.familie.ba.sak.integrasjoner.pdl.domene,PdlKontaktinformasjonForDødsboAdresse,30,0,0,0,4,0,4,0,4,0
familie-ba-sak 10110,no.nav.familie.ba.sak.integrasjoner.pdl.domene,PersonInfoKt,21,0,6,0,1,0,4,0,1,0
familie-ba-sak 10110,no.nav.familie.ba.sak.integrasjoner.pdl.domene,PdlAdressebeskyttelsePerson,12,0,0,0,1,0,2,0,2,0
familie-ba-sak 10110,no.nav.familie.ba.sak.integrasjoner.pdl.domene,PdlPersonBolkRequestVariables,19,0,0,0,1,0,3,0,3,0
familie-ba-sak 10110,no.nav.familie.ba.sak.integrasjoner.pdl.domene,PdlAdressebeskyttelseResponse,9,0,0,0,1,0,2,0,2,0
familie-ba-sak 10110,no.nav.familie.ba.sak.integrasjoner.pdl.domene,PdlUtenlandskAdressseResponse,9,0,0,0,1,0,2,0,2,0
familie-ba-sak 10110,no.nav.familie.ba.sak.integrasjoner.pdl.domene,FolkeregisteridentifikatorType,19,0,0,0,1,0,1,0,1,0
familie-ba-sak 10110,no.nav.familie.ba.sak.integrasjoner.pdl.domene,PdlWarning,27,0,0,0,1,0,5,0,5,0
familie-ba-sak 10110,no.nav.familie.ba.sak.integrasjoner.pdl.domene,DødsfallData,15,0,0,0,3,0,3,0,3,0
familie-ba-sak 10110,no.nav.familie.ba.sak.integrasjoner.pdl.domene,PdlError,18,0,0,0,4,0,3,0,3,0
familie-ba-sak 10110,no.nav.familie.ba.sak.integrasjoner.pdl.domene,PdlUtenlandskAdresssePersonBostedsadresse,9,0,0,0,1,0,2,0,2,0
familie-ba-sak 10110,no.nav.familie.ba.sak.integrasjoner.pdl.domene,PdlPersonRequest,6,15,0,0,0,3,2,1,2,1
familie-ba-sak 10110,no.nav.familie.ba.sak.integrasjoner.pdl.domene,KjonnDeserializer,35,0,4,0,6,0,4,0,2,0
familie-ba-sak 10110,no.nav.familie.ba.sak.integrasjoner.pdl.domene,PdlErrorExtensions,14,0,0,0,2,0,3,0,3,0
familie-ba-sak 10110,no.nav.familie.ba.sak.integrasjoner.pdl.domene,IdentInformasjon,27,0,0,0,4,0,4,0,4,0
familie-ba-sak 10110,no.nav.familie.ba.sak.integrasjoner.pdl.domene,Doedsfall,9,0,0,0,1,0,2,0,2,0
familie-ba-sak 10110,no.nav.familie.ba.sak.integrasjoner.pdl.domene,PdlStatsborgerskapPerson,12,0,0,0,1,0,2,0,2,0
familie-ba-sak 10110,no.nav.familie.ba.sak.integrasjoner.pdl.domene,PdlIdenter,12,0,0,0,1,0,2,0,2,0
familie-ba-sak 10110,no.nav.familie.ba.sak.integrasjoner.pdl.domene,PdlPersonData,198,0,6,0,20,0,18,0,15,0
familie-ba-sak 10110,no.nav.familie.ba.sak.integrasjoner.pdl.domene,PdlFødselsDato,9,0,0,0,2,0,2,0,2,0
familie-ba-sak 10110,no.nav.familie.ba.sak.integrasjoner.pdl.domene,VergemaalEllerFremtidsfullmakt,9,0,0,0,1,0,2,0,2,0
familie-ba-sak 10110,no.nav.familie.ba.sak.integrasjoner.pdl.domene,PdlDødsfallPerson,12,0,0,0,1,0,2,0,2,0
familie-ba-sak 10110,no.nav.familie.ba.sak.integrasjoner.pdl.domene,PdlFolkeregisteridentifikator,24,0,0,0,5,0,4,0,4,0
familie-ba-sak 10110,no.nav.familie.ba.sak.integrasjoner.pdl.domene,PdlStatsborgerskapResponse,9,0,0,0,1,0,2,0,2,0
familie-ba-sak 10110,no.nav.familie.ba.sak.integrasjoner.pdl.domene,PdlKjoenn,12,0,0,0,2,0,2,0,2,0
familie-ba-sak 10110,no.nav.familie.ba.sak.integrasjoner.pdl.domene,PdlOppholdResponse,9,0,0,0,1,0,2,0,2,0
familie-ba-sak 10110,no.nav.familie.ba.sak.integrasjoner.pdl.domene,PdlVergePerson,12,0,0,0,1,0,2,0,2,0
familie-ba-sak 10110,no.nav.familie.ba.sak.integrasjoner.pdl.domene,PdlHentPersonRelasjonerResponse,9,0,0,0,1,0,2,0,2,0
familie-ba-sak 10110,no.nav.familie.ba.sak.integrasjoner.pdl.domene,PdlPersonRequestVariables,10,9,0,0,0,1,2,1,2,1
familie-ba-sak 10110,no.nav.familie.ba.sak.integrasjoner.pdl.domene,PdlUtenlandskAdresssePerson,12,0,0,0,1,0,2,0,2,0
familie-ba-sak 10110,no.nav.familie.ba.sak.integrasjoner.pdl.domene,Personident,12,0,0,0,2,0,2,0,2,0
familie-ba-sak 10110,no.nav.familie.ba.sak.integrasjoner.pdl.domene,PdlNavn,55,0,2,0,9,0,7,0,6,0
familie-ba-sak 10110,no.nav.familie.ba.sak.integrasjoner.pdl.domene,PdlExtensions,9,0,0,0,1,0,2,0,2,0
familie-ba-sak 10110,no.nav.familie.ba.sak.integrasjoner.pdl.domene,PdlHentPersonResponse,9,0,0,0,1,0,2,0,2,0
familie-ba-sak 10110,no.nav.familie.ba.sak.integrasjoner.pdl.domene,VergeData,9,0,0,0,1,0,2,0,2,0
familie-ba-sak 10110,no.nav.familie.ba.sak.integrasjoner.pdl.domene,PdlBaseResponse,82,0,18,0,7,0,16,0,7,0
familie-ba-sak 10110,no.nav.familie.ba.sak.integrasjoner.pdl.domene,PdlHentIdenterResponse,9,0,0,0,1,0,2,0,2,0
familie-ba-sak 10110,no.nav.familie.ba.sak.integrasjoner.pdl.domene,PdlKontaktinformasjonForDødsbo,12,0,0,0,3,0,2,0,2,0
familie-ba-sak 10110,no.nav.familie.ba.sak.integrasjoner.pdl.domene,PdlPersonRelasjonData,21,0,0,0,4,0,3,0,3,0
familie-ba-sak 10110,no.nav.familie.ba.sak.integrasjoner.pdl.domene,ForelderBarnRelasjonMaskert,25,0,0,0,4,0,4,0,4,0
familie-ba-sak 10110,no.nav.familie.ba.sak.integrasjoner.pdl.domene,PdlUtenlandskAdresssePersonUtenlandskAdresse,12,0,0,0,3,0,2,0,2,0
familie-ba-sak 10110,no.nav.familie.ba.sak.integrasjoner.pdl.domene,PdlDødsfallResponse,9,0,0,0,1,0,2,0,2,0
familie-ba-sak 10110,no.nav.familie.ba.sak.integrasjoner.pdl.domene,PdlPersonBolkRequest,21,0,0,0,3,0,3,0,3,0
familie-ba-sak 10110,no.nav.familie.ba.sak.kjerne.behandling.behandlingstema,BehandlingstemaService,339,39,50,0,73,8,32,1,7,1
familie-ba-sak 10110,no.nav.familie.ba.sak.kjerne.behandling.behandlingstema,BehandlingstemaUtilsKt,195,0,40,0,32,0,26,0,6,0
familie-ba-sak 10110,no.nav.familie.ba.sak.kjerne.behandling.behandlingstema,BehandlingstemaService.oppdaterBehandlingstema.2.new Function1() {...},77,0,4,0,7,0,3,0,1,0
familie-ba-sak 10110,no.nav.familie.ba.sak.kjerne.autovedtak.fødselshendelse.gdpr.domene,FødselshendelsePreLansering,111,0,0,0,19,0,12,0,12,0
familie-ba-sak 10110,no.nav.familie.ba.sak.kjerne.tidslinje.tidspunkt,Tidspunkt,112,0,30,0,19,0,21,0,6,0
familie-ba-sak 10110,no.nav.familie.ba.sak.kjerne.tidslinje.tidspunkt,MånedTidspunkt,147,0,20,0,28,0,21,0,11,0
familie-ba-sak 10110,no.nav.familie.ba.sak.kjerne.tidslinje.tidspunkt,Måned,3,0,0,0,1,0,1,0,1,0
familie-ba-sak 10110,no.nav.familie.ba.sak.kjerne.tidslinje.tidspunkt,Uendelighet,25,0,0,0,3,0,1,0,1,0
familie-ba-sak 10110,no.nav.familie.ba.sak.kjerne.tidslinje.tidspunkt,TidspunktKonverteringKt,468,0,42,0,58,0,45,0,24,0
familie-ba-sak 10110,no.nav.familie.ba.sak.kjerne.tidslinje.tidspunkt,DagTidspunkt,146,0,20,0,24,0,21,0,11,0
familie-ba-sak 10110,no.nav.familie.ba.sak.kjerne.tidslinje.tidspunkt,MånedTidspunkt.Companion,151,0,4,0,15,0,16,0,14,0
familie-ba-sak 10110,no.nav.familie.ba.sak.kjerne.tidslinje.tidspunkt,DagTidspunkt.Companion,118,0,4,0,12,0,13,0,11,0
familie-ba-sak 10110,no.nav.familie.ba.sak.kjerne.tidslinje.tidspunkt,Dag,3,0,0,0,1,0,1,0,1,0
familie-ba-sak 10110,no.nav.familie.ba.sak.kjerne.tilbakekreving.domene,Tilbakekreving,139,0,8,0,30,0,20,0,16,0
familie-ba-sak 10110,no.nav.familie.ba.sak.kjerne.tilbakekreving.domene,RestTilbakekrevingsbehandling,63,0,0,0,9,0,9,0,9,0
